text,label
i ordered online weeks ago and i never received my package in the mail and i don t want to wait any more. so if i could get my money back now that would be great.,52
can i use my card anywhere?,10
do you have the best exchange rate?,32
is my card working? it s the first time i tried using it i tried to get money out of an atm but got nothing.,26
there is a payment in my app that i did not make. i have not used that card all day please reimburse my money.,28
is there a reason i need to verify top up,71
i put some money in my account the other day and it s not gone in yet can you help with this?,6
can i change my details because i moved?,30
a transaction shows duplicate times.,63
i have received my card can you help me put it in the app?,13
can i use this app to exchange between dollars and pounds?,33
the transfer keeps failing i tried to transfer some money to friends this morning but it keeps getting rejected for some reason i have no idea why,35
how do i delete an account?,55
why is my top up showing as reverted?,61
are you able to explain the restrictions of the disposable cards?,29
i am traveling what can i do to set up auto top up?,4
what are the exchange rates you assign?,32
there are a couple of payments with my card shown in the app that in reality i didn t make. maybe someone has access to my card?can you check whats the issue ?,16
i want to have an item refunded can i do that?,52
at which atms can i use this card?,3
i have a pending payment on my card. why?,45
i need assistance to activate the card on my account.,0
why has my money disappeared? i topped up earlier and seen it was there and had went through. what seems to be the problem?,61
do i get charged if i get money?,56
it s requiring me to verify my identity?,74
i need a physical card. what are the fees?,43
someone is using my account,22
how do i switch to a different currency?,33
please give me both a visa and a mastercard.,73
i deposited a cheque but my account balance stayed the same.,6
what do i need to show who i am?,69
there s a weird payment showing in my app that i definitely haven t made myself as i haven t used the card at all that day. please cancel that and return my money.,28
i would like my card activated.,0
i m not verifying my identity.,74
is there a way to see my money s source?,70
someone might be using my card. what should i do?,22
how long does it take for the money to show up in my account?,67
hello. i checked my transactions and saw i was double charged for a restaurant visit. can i get my money back?,63
what are the acceptable currencies for adding funds?,54
the app doesn t recognize me.,68
how long are deliveries to the us?,12
why can t i see my funds after i topped up?,47
i made a mistake when sending a payment sending it to the wrong account number with a typo can you please cancel the transaction?,8
can i get a physical card online,43
i am unable to activate my card it won t let me.,0
what is the age to open an account?,1
after inputting the wrong pin too many times can you now help me unblock my pin?,49
i think something went wrong with my exchange between russian ruble and uk pounds. i was overcharged during the swap.,17
i made a terrible mistake when typing in my account number. i accidently sent money to the wrong account. i noticed the app won t allow me to void the transaction. can someone help me with this immediately?,8
what flat currencies do you support for holding and exchange?,36
how long does an item i bought show as pending?,45
i was mistakenly charged a fee for using my card.,15
cancel my account,55
i only have a card from the us is that okay?,54
how can i change to my married name?,30
why are all my card payments being declined?,25
i keep trying to use my card to buy some things and you keep declining it. why? i ve tried multiple times to make it go through but it won t.,25
i live in the eu. can i order one of your cards?,24
i put money on my card and i dont see it on the balance,47
can my children get an account?,1
why was my card payment declined?,25
i made a payment that is not yet complete.,45
you provide support in what countries?,24
do i need to verify my identity every time i log into my account?,74
how is my atm deposit not available yet?,46
can currencies be exchanged on this app?,33
how do i transfer money from my bank account?,65
can i get a card that works in other countries like africa and indonesia?,24
how long dies it take for transfers to reflect on my balance,67
i made a payment with my card and it hasn t changed. how long do you think this will take?,45
still waiting on a refund.,51
how far is the closest atm from me?,3
the atm won t give my card back!,18
how do i add money to my card?,62
do i have to pay extra if i use an international card to top up my account?,57
i m not certain but someone may be using my card.,22
please delete my account your services are not up to par.,55
i d like to make a new pin selection.,21
a transfer is pending.,48
i keep being asked to verify my identity. is this normal?,74
how do i retrieve my card from the machine?,18
how do i get my card back quickly from a bank machine that it?,18
i would like to add money to my account through my american express.,54
are there any fees for adding money with an international card?,57
there s a cash withdrawal i am certain i did not make,20
are you able to unblock my pin?,49
where s the money from my transfer from europe?,67
what do i do if my phone is stolen?,42
i need to cancel a transaction on my debit card.,28
why am i charged a fee for withdrawing cash?,19
why did i only get 20 when i tried to get 100,75
how can i periodically check the delivery of the card you sent?,11
why would my beneficiary not be allowed?,7
how long does a transfer from a uk account take? i just made one and it doesn t seem to be working wondering if everything is okay,5
my payment is in the app but hasn t gone through yet,45
if i see a payment in the app that i don t recognize what should i do?,16
what is the time frame that it usually takes for a transfer to come through? i have a friend needing it immediately but it has yet to come through.,66
can the card was sen to me be tracked?,11
why am i being charged a fee for using my card? if there is some print out of places that charge me can you please send me that?,15
how long does it take for a refund to appear?,51
how quickly can i transfer something to china?,67
why wasn t my bank balance updated?,5
my app is showing a payment that i know i did not do. can you please cancel that transaction and credit my account please?,28
can am i able to exchange currencies?,33
what do i need to do in order to use my card i just got?,0
what places accept my card?,10
i made a purchase earlier today but it is still listed as pending when will it go through?,45
an atm machine didn t return my card.,18
can i get an update on my replacement card?,11
what are the ways for others to transfer me money?,50
i tried to get cash but it was declined!,26
my card is about to expire and i need to know how much it costs and how long it takes to get a new one.,9
what stores will take my credit card as payment?,10
top up google pay is it possible?,2
what atms will accept this type of card?,3
there are two of the same charges on my account.,63
i tired to deposit some cash into my account but it s not there,6
can i change my pin at a nearby atm when in spain? i think someone saw my pin and i need to change it but am on vacation.,21
i made a transfer a couple hours ago but my balance has not been updated. why is this? shouldnt this be instant?,5
visa or mastercard?,73
i attempted to top up with my card this morning but the transaction was unsuccessful. i received the card two days ago and was successful using it previously. could you please help me?,59
i made a cash withdrawal earlier and it s showing as pending. what does that mean?,46
i have two of the same charges on my account!,63
why can t i use my virtual card for subscription services?,72
although i am not located in the uk area may i still receive a card?,24
how do i order a disposable virtual card?,37
i tried to withdraw money but i was declined!,26
i no longer have my passcode.,44
can you tell me why my top up was reverted?,61
cancelling a transaction,8
do i have to use bank approved atm s,3
why do you keep declining my transfers? it s always been working really well so far but when i tried to buy something just now the card got declined i tried couple of times already but same thing is happening.,27
a while ago i requested a refund from a seller. i keep checking my statement but i have not been refunded yet. i m confused why i haven t gotten my money back yet but i need your help getting it please.,51
what has to be done to verify my identity?,69
why is a transaction showing as pending when i recieved cash from an atm?,46
my statement has a payment that i do not recall making,16
will i be charged for adding money by transfer?,56
is there something blocking me from making transfers,7
an extra pound was charged!,34
i made a card payment but it has been declined?,25
which atms accept this bill of fare ?,3
how long will my cash withdrawal take,46
what went wrong with my transfer?,27
this company is terrible! can you delete my account?,55
canceling my order is what i need to do right now.,52
i was not distributed the correct amount of cash that i asked for,75
i need to freeze my card as soon as possible. i just checked my account and saw that there have been several payments that i don t recognize over the course of a few days. can we investigate and get my money back?,16
hello i changed my mind and want a refund on one of things i bought recently. can you please cancel the transaction and get me my money back. please it s urgent.,52
in what places can i use my card?,10
are there fees for using an international card to top up?,57
is there an age minimum?,1
i tried to use my card to withdrawal money from the atm in notting hill but it didn t work. this is the first time i ve tried using it. is my card working?,26
how is my pin sent?,38
i don t see a code anywhere on my top up card? where can i find it? i need to verify!,71
can i still use my account without verifying my identity?,74
my cash withdrawl has the wrong rate of exchange.,76
for some reason i am unable to preform a transfer to a beneficiary.,7
how old do you have to be to open an account?,1
i think my card is being used by someone else to make purchases that i didn t authorize! i checked my account and see that there have been quite a few purchases over the last two days that i have no idea where they came from. we need to freeze my card now! and i need to find a way to get my money back.,16
how can i get a physical card,43
why am i being charged to make cash withdrawals? i thought they were supposed to be free!,19
i initiated a bank transfer form europe how long will this take?,67
i want to reactivate my card i thought i had lost it but found it again in my jacket.,13
is there a way to do top up with cash deposit,58
why can t i withdraw cash?,26
i need to top up cash how do i do it?,58
what can i do about some payments on my card i didn t make. please put a freeze on my card till we can figure this out.,16
as my kids get older are they able to get set up with their own accounts?,1
i would like an account for my children how do i go about doing this?,1
how to delete account not happy,55
i am looking for my top up verification code and cannot find it.,71
what s up with the extra fee i got?,19
cash withdrawal was incorrect at atm.,75
is there an age limit to when my child can use these services?,1
i need help from someone in your department with finding my nearest atm.,3
what kind of fees will i pay when i transfer?,64
why doesn t my balance reflect my transfer,5
i noticed an extra charge on the purchase that i made last saturday on my account. can you see if i received the correct exchange rate?,17
i have duplicated transactions on my statement,63
my transfer is pending too long.,5
my bag got stolen with all my cards. can you please cancel my card and send a new one?,41
i locked myself out of my account how do i unblock my pin?,49
i want to cancel a transaction from this morning.,8
which documents do i need for this identity check?,69
explain the activation method for this card,0
i need to use my disposable card multiple times a day is there a cutoff limit?,29
is there an alternative to a physical card?,40
why was a fee added to my bill when i used my card?,15
how do i go forth on transferring a sum of money from one account to another?,65
what if i type in the wrong pin too many times?,49
if there isn t much money left over will it top up automatically?,4
are virtual cards available to get?,40
there is a payment i don t recognize,16
is there a way to do top up with apple pay,2
who is giving me my money?,70
please check and let me know why my transfers are getting declined.,27
i would like to dispute a direct debit transaction,28
can i use any card and currency?,54
i would like to create a disposable virtual card. how do i go about doing that?,37
i need to find out why my pending payment hasn t gone through.,45
i want to use auto top up. is there a limit?,4
what documents do i need to validate my identity?,69
what cash stations take this card?,3
why am i not able to verify my id?,68
why is my card payment still listed as pending?,45
will you charge me for exchanging foreign currencies?,31
my card is missing! help!,41
can i specify a day for my card to be delivered?,12
my withdrawal from the atm was cancelled.,26
my card failed to work when i was shopping in a store,25
i just got my card. it s not linked yet how do i do that?,13
can i schedule future top ups?,4
i made a purchase a few weeks ago but wasn t happy with it so recently requested a refund from the supplier. can you check where the money is?,51
the amount of money i pushed at the atm machine did not come out of the machine.,75
how come there is an extra fee on my statement?,34
my card is about to expire. how do i order another?,9
tell me if there is a top up limit.,60
why did my transfer get declined?,27
what is the source of my money?,70
i cannot use my disposable virtual card.,72
i would like to change currency,33
who do i contact if there is a direct debit that i did not create.,28
my card was not accepted in a shop,25
i got charged twice,63
why am i being charged certain fees? i noticed a fee after i withdrew some money for groceries earlier today.,19
how can i fix a problem where my virtual card is rejected?,72
i just saw a charge for a cash withdrawal that i made! atm withdrawals have always been free in the past so why is there suddenly a charge? what is it going to cost me now?,19
help. my account has been deducted already and the seller says they haven t received the money yet? when can they expect it?,53
do you have a limit to top ups?,60
my phone was taken yesterday is there something that i need to do?,42
what are the charges for us cards with top up.,57
tell me why there is a fee for a card payment.,15
so i just put my top up into the card and it hasn t changed.,47
what commission do you take for currency exchage?,31
what do i need to do to transfer my paycheck to my account?,50
i m not sure how to complete the identity checks process.,69
i don t want this account anymore how do i delete it?,55
i made a cash deposit and the balance wasn t updated.,6
i go the wrong exchange rate applied to my purchase in a foreign country.,17
there is no way for me to prove my identity.,68
will it be possible to change from usd to gbp with this app?,33
can i transfer my salary if its in gbp?,50
what steps do i need to take to close my account?,55
i need to cancel my card that got stolen a little while ago. someone has already taken some money out and i don t want them to take anymore. can you please do that?,20
i can t log into my account because i lost my password,44
the funds i transferred are not in my account,5
can you tell me where you get your exchange rates?,32
how do i find out where my funds came from?,70
can i get both a visa and a mastercard from you?,73
a payment that i didn t make appears in my app.,16
is there a way to see where my money originally came from?,70
i still haven t received my card in the mail,11
so much time has gone by the pending status shouldn t still be there shouldn t it?,46
a duplicated payment was made for something.,63
how many disposable virtual cards can you have?,29
i see a direct debit payment on my app that i did not do,28
i am waiting for a pending money transfer to process.,48
i ve been waiting for a refund where is it?,51
why haven t i received a refund yet?,51
i want one of the virtual cards!,40
please delete the duplicate payment that was made to my account. one payment is still pending and i do not want to pay twice.,63
my account shows i made a debit payment to someone that i can t recall and would like to find out who the payment was made to.,28
if i want to change my pin number can i directly from an atm?,21
my atm transaction was unsuccessful.,26
im not paying this transfer fee,64
where do i order a card?,43
how can i get my money back for a payment i didnt make,28
i must make a transfer from china and it is urgent. how long before the transfer is complete?,67
i want to close an account but im not sure about setting up a new one in the future what do you recommend,55
can you tell my why my funds transfer did not work properly?,35
what happens to the funds if a merchant refuses the payment,53
i got some cash but it wasn t the right amount.,75
i would prefer a mastercard.,73
will i have to wait much longer for my new card to arrive?,11
want a new card what are the fees,9
its been several days and my cash withdrawal is still pending. why?,46
i m waiting on a top up its still pending,47
how soon will i see the transfer in my account?,67
i need to modify my details.,30
why do we need to verify top ups?,71
i ve made more than one attempt to make a purchase and the card keeps getting declined. why do you keep denying my transfers?,27
my new card needs activating.,0
what is needed for the identity verification?,69
why have my top ups been canceled?,61
i made a transfer to my friend earlier and she hasn t received it yet. what s the hold up?,66
i m happy with mastercard and want to stick with just that credit card.,73
i need an actual card that i can hold in my hand how do i do that?,43
i topped up but the app did not accept it.,59
need help with my card. it s not working.,14
can i get a card outside the uk?,24
how do you exchange currencies,33
i have a pending payment from stuff i bought this morning.,45
can you track my card for me?,11
my daughter need a card from this account. is that possible?,39
i need your help to check my account please! my card keeps being declined at the atm and i ve already tried two different ones!,26
i am interested in cancelling a purchase,52
can i transfer money to my card via bank transfer?,65
is there a fee for topping up a card?,57
i want to add money to my international card so are there any fees charged to do this?,57
status of the card i ordered.,11
i need help verifying my identity.,68
the expiration of my card is near how do i order a new card?,9
why was i charged an extra fee when using the card?,15
am i able to get a card in eu?,24
what is the top up limit,60
how do i get top up to work in apple pay?,2
which countries do you operate in,24
oh my god i lost my card! what should i do?,41
there s a recent charge on my card that i know i didn t make because i ve never seen the name before. can we investigate this?,16
are there directions to get a new passcode if i forgot mine?,44
can i exchange currencies with the app?,33
i was charged multiple times for one purchase,63
when will my top up go through?,47
i needed to make a payment on my account but i typed in the incorrect number. the app won t allow me to cancel this transaction. i need it cancelled asap!!,8
can friends transfer money to each other?,50
could i get a mastercard and visa from you?,73
when my card expires what happens to my account?,9
i am very dissatisfied with the services that you are providing. i want to cancel my account.,55
what is the reason a transfer shows as pending?,48
why did i get charged a fee on my card?,15
a mortgage payment i m making is giving me an error message. this is the first time i m making this payment and want to know what s wrong.,35
my account says i have money but i withdrew it in cash.,46
i have a us credit card will you accept it?,54
i don t understand why you aren t accepting my transfer. after a couple times trying i m still getting an error message.,7
is it possible to cancel a transaction?,8
why does it take so long to verify my id,68
where would i order a virtual card?,40
why hasn t my virtual card arrived?,40
did i do something incorrectly? where is my top up?,47
why do we need to verify a top up card?,71
do i need to do something to get a new card once it expires?,9
why didn t my payment work,25
do i have to wait to get the pin or can i set up a pin,38
why doesn t it work when i use american express to try to add money to my account?,54
why would a transfer to a beneficiary not go through?,7
will i get visa or mastercard?,73
can i be given a new passcode?,44
looks like my card payment was duplicated. i went to pay at the store earlier got declined once second time it works. app still stays pending for one of the payments. can you please remove one of them as it s wrong and clearly was declined?,63
would you please tell me the status of my refund request for a large purchase i made not long ago? i contacted the merchant nearly a week ago but haven t received it.,51
can i withdraw money in my hometown currency while on holiday without any additional fees?,76
how much is it to buy another card? i was hoping to buy another one.,39
i bought some stuff this morning but the payment shows as pending,45
can i change from one currency to another?,33
i have been waiting for my card payment to be moved from pending status for an unusually long time. what is going on here and do you have an idea of when i can expect it to go through?,45
if you send me more cards are there any charges?,39
my bag was stolen from me yesterday so i can t use any apps or anything. i need some help.,42
for what reason is my transfer still pending now?,48
how do i go about getting a refund?,52
what steps do you take to check identity,69
help me locate the nearest atm.,3
how does a bank transfer for topping my account work?,65
i didn t receive the correct exchange rate when i got cash.,76
how can i top up my card?,58
how do i go about getting hold of a virtual card?,40
i don t know why my payment didn t work.,25
what do i do to lock my phone after losing it so my account isn t accessed,42
my daughter would like a card from my account? can i do this?,39
i don t remember my password,44
how do i change my pin?,21
i lost my phone!,42
how do i report my card stolen?,41
what countries can i use your services?,24
what kind of fee is there to top up my account?,56
is there a reason my top up hasn t gone through,47
what are the additional charges for a swift transfer?,56
you accepts my card?,10
please tell me how to get a physical card.,43
why would a merchant revert my payment?,53
why do you need to know where my money is coming from?,70
my card payment won t work.,25
which kind of documentation do i need for identity check?,69
i was charged twice for the same purchase!,63
where to funds come from,70
am i able to do a swift transfer?,56
i would like to know where my source of funds came from.,70
it looks like a payment i ve made hasn t made it through yet.,45
what is the charge for using a top up card in the us?,57
am i allowed to give my daughter one of my cards to use?,39
whats the exchange charge,31
why was a transfer to an account not allowed?,7
why was my account assessed a fee for an atm transaction?,19
my cash withdrawal is pending why?,46
my google pay seems to be acting up.,2
why is there a verification to identity,74
i should not have been charged a fee for cash withdrawal.,19
i was charged a hidden fee when i paid with card.,15
how is the current exchange rate?,32
do you supply both visa and mastercard?,73
my client was converting their russian ruble into uk pound currency when they noticed their bill was much too high for the exchange. what happened?,17
i want to track the card you sent,11
i just got an error message saying my transfer is not possible? why is that? i ve transferred money before and it worked without problem,7
tell me why i was charged more with my card?,15
can you tell me what countries you offer support for?,24
hi yesterdays i was unable to do online shopping as it was getting declined. today i am facing the same issue. please help me in this respect.,27
i cannot see a refund in my account,51
it looks like i was charged twice for a single transaction,63
how do i deal with a stolen card?,41
reasons for top up cancellation.,61
there is a direct debit payment that i did not make.,28
please send me a disposable virtual card.,37
how do i reactivate my card?,13
could you tell me the fiat currencies that you work with?,36
i need to track the card sent to me.,11
how can i tell if someone else is using my card?,22
do i need to re apply to order a new card when my old one s about to expire?,9
what is the process for activating my card and using it?,0
whats types of currency can i exchange?,33
i made a transfer 12 hours ago. why is it still listed as pending?,48
i lost my card. can you help me?,41
i m waiting for a money transfer to show still.,48
why has my payment not gone through?,45
my card got stuck in an atm.,18
can i choose my card scheme?,73
my new card is here what s the process for activating it?,0
my payment was stopped,53
are there any charges for top ups?,57
i got charged a fee that shouldn t be there from my cash,19
hello. my credit keeps being declined last night and again today as i try to buy something. what is the status of my card?,27
it looks like my card payment was sent back.,53
how many different currencies can i hold money in?,36
where do i go to change my pin?,21
how long do transfer pend for?,48
i noticed my exchange rate was incorrect when i got cash.,76
i know i have enough funds in my account but my card payment hasn t worked for some reason. what do i do?,25
can you tell me why my card payment was cancelled?,53
can i add other people to my account so they can top up?,62
how many tries do i have to enter my pin before i m blocked?,49
i have been waiting over a week. is the card still coming?,11
my transfer is still pending and i know the account numbers are correct. please help.,48
the atm is messed up. it gave me less than i wanted.,75
how do you top up using cash?,58
could you assist me in finding my lost card?,41
what exchange rate is it?,32
the rate of exchange for my cash withdrawal is wrong.,76
i need to change my address,30
the app failed to verify my id.,68
i m still waiting for a money transfer to show.,48
hi i am unable to use my card in atm. i had tried my card in two atms but both atms declined it. could you please check my account?,26
where do i verify my identity?,69
will there be additional costs of i make a withdrawal from a local atm of british pounds? i need some cash to feel comfortable on the journey home,76
my transfer failed,35
when will i receive the card?,12
i did not get enough cash,75
i want to reverse a purchase. can i cancel it?,52
if i lost my phone can someone use my account?,42
how long will the transfer take?,48
why was the exchange rate different when i withdrew my cash?,76
how do i ask for a physical card?,43
what is the limit on disposable cards?,29
can you tell me how to order a virtual card?,40
can i get a full list of instructions for identity checks?,69
why was i declined getting cash?,26
is my cash withdrawal pending?,46
what atms can i use this card at?,3
do i have to do an identity check?,74
i ve completely forgot the code to get into the app.,44
on my last transaction it seem that my top up was not successful.,61
why is the pending status on my cash withdrawal taking so long?,46
how do i get a refund for an unauthorized direct debit payment?,28
i left my phone somewhere and can t use the app.,42
purchases i did not make are appearing in my bank statement?,28
you applied the wrong exchange rate while i was traveling outside the country.,76
what cards and currencies can i use to top up my account?,54
hello! i randomly got charged an extra fee today as i was shopping online and i have no idea why! are there extra fees for card payments? or am i missing something here?,15
when i was transferring money i was charged extra why?,64
my card is due to expire soon.,9
what are ways to test why my card might not be working?,14
i am still waiting for a transaction to be completed,66
how long until my card will get here?,12
how long will this take to get to me?,12
what are the steps i should take to recover my swallowed card?,18
there must be an issue why has my card been cancelled?,53
i d like to transfer funds using my credit card.,62
why was my payment cancelled?,53
i didn t get as much cash as i asked for from the atm why?,75
i travel a lot can i get a bulk currency exchange discount?,31
my top up did not complete.,47
i attempted a transfer but it failed.,35
can i have more disposable cards?,29
how long does transfers take?,5
after looking at the app i noticed a couple of payments i know i did not make. is it possible someone has accessed my card? what is actually going on?,16
top up on my google pay isn t working.,2
i don t recognize this payment on my app i am sure i didn t spend any money there.,16
why does my transfer keep failing? i ve tried 5 times and they all failed.,35
will i be charged if someone needs to send me money?,56
i tried withdrawing but my cash is not showing up?,75
could i raise a dispute for a large payment that i found out was not done by me in my couple of last statements? i am aware its delayed now. please help me out.,28
can someone in the us have a card?,24
can i check somewhere if there will be a fee on my payment or not? seems you are charging in some cases what s the pattern there?,15
need a new card mine is expiring.,9
what do i have to do to change my pin?,21
how do i know when my card will arrive?,11
my pin is blocked what do i do?,49
i want to know the source of my funds.,70
do the disposable cards have any restrictions on them?,29
i was trying to top up and my credit card was declined. can you tell me why?,59
i m not sure where this charge came from.,16
how long do card transactions take to clear?,45
i was recently charged for withdrawing money from my bank atm. how can that be possible when i haven t been charged for using it before?,19
will i get charged for topping off my card?,57
could you tell me why my cash withdrawal was declined?,26
i still haven t seen a refund on my account,51
can you help my fix my contactless?,23
what do i have to do to get my virtual card?,40
i need to get an actual card so that i can use it for in person transactions. how would i do this?,43
is it possible to delete the account?,55
how long will it take to transfer from europe?,67
i don t recognize the direct debit payment on my account.,28
where can i find the virtual card?,40
what is the source of your exchange rates?,32
how long until my new card gets here?,11
is there a limit to my top up?,60
i was just shopping and my payment was declined in a store! it was very embarrassing what is going on and when will it be fixed?,25
i did transfer why is it pending,48
will it take more than 3 days for my transfer to reach my account?,67
atm would not give me cash,26
there are a couple payments with my card shown that i m not responsible for. what is going on? maybe someone has access to my account.,16
why did i get charged a fee when i tried to obtain cash?,19
i made a check and cash deposit that wasn t credited to my account.,6
how do i select a mastercard instead of a visa?,73
there is an extra 1 charge,34
why are my payments not working and show pending?,45
i had everything lined up to make a transfer and then it rejected it.,27
my card got blocked how do i reset?,49
i have a transfer from the us how long is the wait?,67
my card was declined and i did not receive money from the atm earlier yet it show on my account that it is pending.,46
i would like open a second card for my daughter how can you assist me?,39
what amount can i top up?,60
it s been more than a week since i had a return charged to my card why hasn t it showed up?,51
could you help my figure out the exchange fee?,31
exchange rate for my card payment is wrong,17
there was an extra fee when i was at the atm. why?,19
when can i expect my card? i live in the us.,12
why couldn t i do a transfer to a beneficiary?,7
according to the app i got cash from an atm but i haven t made any transactions.,20
i ve been to several different countries can i exchange the cash with a discount for a large transaction?,31
what is the reason for the extra fee on my statement?,34
what is the return policy?,52
can i do more than 10 transactions with a disposable card?,29
i want to know why i have been unable to withdrawn funds.,26
can i use my card while on vacation overseas?,10
what types of fiduciary currencies are supported for tenure and exchange?,36
i was wondering if there were any discounts offered for frequent currency exchanges?,31
i need a list of currencies you accept for exchange.,36
i don t recognize a purchase that was made with my card.,16
my card was confiscated by an atm. how do i get my card back?,18
hi i had an issue with my card payment and it shows on my account that my payment went through. then i got contacted from the seller saying they did not receive my payment then the payment was returned to my account. so i would like to see why it did that please.,53
i have a missing refund,51
i exchanged russian rubles for british pounds today and got less than i expected. was exchange rate correct?,17
i was charged for something i didn t expect,64
my card will expire soon when do i need to order a new one?,9
my pin number was incorrect and i can t access it.,49
i tried to withdraw some money from an atm this morning but wasn t able to get the amount of cash i needed. the amount in the app says what i was trying to withdraw was deducted but i don t have any money. what do i do about this?,75
is there any amount in which i would get cut off from topping up?,60
how long does the cash withdrawal take to pend?,46
why are there so many fees on my statement?,34
my account was charged a fee. when did you start charging extra for card payments?,15
i m in spain and my stuff has been stolen. my card was with it and i need a new one shipped and the old one frozen.,41
how do i order a new card? the current one is about to expire.,9
my card isn t working at all i need assistance. it s really frustrating.,14
can you explain how to transfer money into my account for me?,65
i want to top up by using a credit card which ones do you support?,54
someone has copied my card. i have my card with me but someone just made a 500 cash withdrawal. please help now.,20
how can i solve my issue with holding multiple currencies?,36
what are the locations i can withdraw money,3
i need to add my new address now that i ve moved.,30
i couldn t make a transfer,35
i m having an issue with transaction. i topped up my account and saw it went through but that was a few days ago and the money isn t in my account any more. what s up with that?,61
what do i do if i notice a strange withdrawl in my statement?,20
how long is my europe transfer wait?,67
what is the procedure for an expired card?,9
can it specifically be delivered on a certain date?,12
is my country supported,24
do i have to top up with my credit card before i can transfer?,62
will you guys charge me for topping up by transfer?,56
how can i find out where the funds are flow?,70
my card appears to have never arrived?,11
what is the reason for that,14
i need to reorder my virtual card!,40
i want to get a refund.,52
i was wondering why my payment hasn t gone through yet its been a while.,45
so my top up failed could you tell me why?,59
can i transfer something urgently from china? how long does it take?,67
my card s expiring what happens now?,9
what information am i going to have to have in order to do a transfer with my card?,62
i need to figure out who has access to my card there are some payments i didn t make that are showing on the app. could you please help?,16
if i want to select a new pin what do i do?,21
i was double charged,63
how do i get a virtual card on my device?,40
i couldn t transfer money to a beneficiery,7
just received my replacement card what steps do i need to take to activate it?,0
what s the process to receive a second card?,39
i m travelling abroad but i ve run into a situation where i need to change my pin immediately. can i do this from here?,21
i haven t received my cash yet.,75
what factors effect the exchange rate?,32
how can i top up with google play?,2
can i directly deposit my salary to this account?,50
why is my transfer taking so long. i thought it was supposed to only take 1 day if i made a transfer to someone. can you wee what went wrong?,66
where is my cash deposit in my balance?,6
can i use a cheque to top up my account,58
hey i have my card how do i get it to show in the app?,13
how do i change my currency to another?,33
help! my account doesn t show any funds. is transferring funds an option i can use?,65
what would the age limit be?,1
i ve been trying to make a transfer and it hasn t gone through. now i am receiving an error message. what is the problem?,7
when my card expires do you send a new card?,9
is it possible to get both mastercard and visa card from you?,73
i can t get my actual card to work,14
how do i cancel my transfer?,8
there is a vendor name i don t recognize on a payment from my account. i don t think i made this payment.,16
how can i know where did my funds come from?,70
why is my pin blocked?,49
why am i being charged more ?,17
do i get visa or mastercard?,73
what is the minimum age limit?,1
this card is accepted by what businesses?,10
i want this fee reversed from my account.,52
card payment is still pending why is that the case?,45
my top up card needs verification and i don t know how to do it,71
where can my card be used?,10
i m not happy with service and would like to delete this account.,55
i need it delivered on a certain date.,12
i tried to get money out of an atm in notting hill earlier but it didn t work. is my card actually working? it s the first time i tried using it,26
why is the cash withdraw i made shown as pending?,46
a payment is showing twice. why is that?,63
how do i transfer funds if i am paid in gbp?,50
is there a top charge for us cards?,57
a refund is taking too long.,51
can i get a virtual card,37
is there any reason my cash withdrawal still shows as pending?,46
can google pay be used to make a top up,2
help me cancel a transaction.,8
a refund for a recent return has not arrived on my card.,51
i dont see my reciept,66
how do i top up my card?,65
i really want a physical card. how do i get one?,43
could you tell me about the restrictions that are on the disposable cards?,29
i live in america but i would like a card.,24
how to get new card after atm eats it,18
please help me its urgent. someone has withdrawn money from my account as few hours before my wallet has been. now i want to stop withdrawal of more money.,20
have you started charging for cash withdrawals? i always thought it was free until i noticed this fee. how much is the fee?,19
the exchange rate from my card payment isn t right.,17
why has a transaction to a friend been delayed?,66
where can i see the source of my money?,70
are refunds allowed for certain items.,52
i can t verify identity through the app.,68
i got less cash than what i specified at the atm.,75
can the exchange rate change while i am in the process of making a withdrawal?,76
how can people transfer money to me?,50
i have a card that was deactivated can i reactivate it?,13
it looks like the exchange rates on my card payment are wrong,17
why does my identity need to be verified?,74
where do i find out about exchange fees,31
why would my transfer be declined?,27
which card would i get visa or mastercard?,73
why is there an extra 1 fee in my statement?,34
i tried the wrong pin too many times.,49
i withdrew money from the atm and was overcharged. it said nothing about an extra fee.,76
when can i expect my transfer to reach my account?,67
is it normal to see a fee for transferring money?,64
a foreign purchase i made has the incorrect rate applied to it.,17
why would i be charged a fee for card payment?,15
what kind of businesses will take my card?,10
i tempted to get some money out of the machine earlier and it did not work.looking now the transaction actually shows to still be in progress. i would certainly appreciate someone look into this and let me know what s going on. i definitely do not want to be charged for money i never received.,46
what s the process of changing from gbp to aud?,33
why couldn t i make a withdrawal from the atm?,26
which identity details are required,74
please assist me with activation.,0
are there restrictions to transfers to certain accounts?,7
i just have one other card from the us. is that okay?,54
will i get charged for sending out more cards?,39
my card was declined today when eating and i need to know what s wrong.,14
hi i m sending some money over to an investment bank i do business and the transaction is being rejected. i m not sure why as i think i have the right details.,35
if i top up by using a trasfer are there charges that applied?,56
someone stole my phone.,42
i dont recognize a charge on my card,16
where do i find pin for my card?,49
i updated by balance with a cheque yesterday but it isn t showing on my account. did something go wrong?,6
looks like my card payment was made twice by mistake. i went to pay at the store earlier which rejected once second time it worked. app is on pending for one of the payments. can you please remove one of them as it s wrong and clearly was declined?,63
i usually don t get charged for transfers why was i this month?,64
you shorted me money when i tried to make a withdrawal.,75
my card is about to expire. how do i get a new card?,9
my mother deposited a cheque into my account last week why is it still not showing up?,6
why verify the top ups?,71
why did i get charged a fee for my card payment?,15
how long does a transfer from the us take?,67
someone else made a direct debit transaction on my account,28
is there something wrong with my atm card? tried using it earlier and it did not work.,26
my first choice would be mastercard.,73
is there a charge for transfers?,56
i made a payment that s pending. will it go through?,45
will a beneficiary not accept a transfer?,7
how can i activate my card so i can start using it?,0
i haven t received my virtual card.,40
what do i need to do to perform identity checks?,69
must i verify my identity?,74
where can i find the auto top feature?,4
how to i transfer my funds into my account?,65
what i topped up was reverted by the app.,61
there is more than one of the same transaction on my account.,63
please tell me why the purchase i made online returned payment. i really wanted this item and i ve been trying for 2 weeks.,53
my transaction from earlier needs to be reversed.,8
can you check why i wasn t able to top up?,59
i moved and need to change my address.,30
my cheque is taking a while,6
i see my transfer was declined.,27
what is the cost for physical cards?,43
are there any restrictions causing my transfer to be declined?,27
what card types can i choose from?,73
someone stole my account there s a withdrawal but it wasn t me can we put a stop to it please?,20
my accounts been charged a payment for something i didn t make.,28
i d like to delete my account.,55
my top up was revoked.,61
the app made a mistake and said i made a cash withdrawal.,20
need my details changed,30
i can t get my card out of the atm,18
what do i do to top up my card?,62
where is my deposit?,6
i must change my pin as soon as possible.,21
can i have a supplementary card?,39
some cash i didn t get shows in my app,20
was my card payment reverted?,53
what is the average pending time for a transaction?,48
how can my friend give me money?,50
i placed my order a week ago. is it ok that my card isn t here yet?,12
why is the exchange rate so high? this should have been a much higher amount of cash for that to apply.,76
hello is there any way to double check my card? i have never had issues with withdraws in the past but this morning on the way to work it was unexpectedly declined.,26
how long will it take for the card to arrive?,12
i would like to know why so much identity information is required?,74
my wallet isn t showing my top up did i do something wrong?,62
my card must have used my card as there are some transactions that i haven t done myself..,22
what do i do if it says my card payment has been cancelled?,53
how do a reverse a duplicated charge?,63
i made a bank transfer earlier from my uk account. i don t see it yet can you check the status?,5
my address details have changed and i want to update them,30
why hasn t my friend s transaction arrive yet?,66
there was some money taken from my account that i don t remember paying for. am i able to look up this transaction which was a few weeks ago to see who took out the money? im not sure i need a refund just want to check to make sure it s legit.,28
how much is the charge for a foreign currency exchange?,31
i wasn t allowed to transfer to my account,7
what s a pending transaction? my card was declined at an atm but my account says it s still pending. can i cancel the payment?,46
my cash withdrawal was declined. why?,26
hello i made a bank transfer couple hours ago from my uk account but it doesn t show up yet. can you please check if everything is alright with it?,5
what is the procedure of unblocking my pin?,49
how long will it take for my transferred money to show up?,5
the exchange rate you are using is really bad.this can t be the official interbank exchange rate.,17
what would cause a transfer failure?,35
i need someone to alert me as to what s going on. i had transferred an amount but the receiver is saying that the amount is somewhat less than what i sent over. i now have to make another transfer to make up the difference.,64
hi i don t know what s going on i ve just paid for my top up twice by accident can you help me get a refund please.,61
what is the identity verification process?,69
the app is showing an atm withdrawl that i didn t make.,20
i am not happy with your company. please delete my account asap.,55
can you tell me how to top up on my card?,62
what is my card s pin?,38
if the atm only gave me 10 pounds instead of the 30 i requested what do i do?,75
i had a payment reverted and would like to figure out why.,53
why is the transaction not posting?,48
i forgot my passcode. now what?,44
how much do you charge to top up us cards?,57
how much will i be charged for exchanging foreign currency,31
help me terminate and close my account.,55
why is my top up still pending?,47
my new card has not been delivered to my home yet. what is going on?,11
the app failed to verify my identity.,68
how do i auto top up?,4
hey i m buying a flat and i need my mortgage to go though. however every time i check i get an error message. is there any way you can help me with this transfer.,35
need to exchange currencies,33
there is a fee on my account. why?,15
the cash abroad exchange rate is applied wrong.,76
i made a cash deposit a few days ago and it s still not reflected in my account. do you know what might have happened?,6
what countries do you currently do business in?,24
what is the atmosphere of it,10
the refund on my account hasn t shown up,51
are there any fees for top ups?,57
can you please explain to me why there is an extra 1 fee in my statement?,34
can someone explain why i m getting a message on my screen saying my transfer isn t possible? i ve done several in the past and haven t had a single problem until now. what s going on?,7
i found my lost card in my jacket pocket this morning so i d like to reactivate it please.,13
what is my identification used for?,74
i think that there is a payment on my card that i did not authorize. i don t recognize the name attached to the transaction.,16
i would like to reactivate my card.,13
can i choose my visa or mastercard?,73
will you reinstate my pin?,49
hello i m a brand new customer and tried topping up for the first time today. it has been pending for half an hour and doesn t seem to be working. please resolve this.,47
why does a top up need to be verify?,71
hi i would like to file a claim for an inquiry. i am a frequent customer of the company in question and have never had any issue with my purchases payments or otherwise. however the price deducted for an item i purchased a couple of weeks ago has been returned to my checking account. was there an issue with my payment? the item has already been delivered to me.,53
do i have to pay more for exchanges?,31
why is my card not working anymore?,14
i have to have several disposable cards per day.,29
let me know when applying extra charges for payments. i just checked the app and saw a fee that i wasn t warned about.,15
will my money be of equal value when i travel abroad?,32
i am unable to get cash from the atm,26
how long does it take for the transfer to go through?,66
i need to reset my passcode. how do i do it?,44
do you have any top up limits?,60
the atm did not give me my card back?,18
do you charge a fee on currency exchange?,31
how do i go about getting an actual card?,43
the app is showing that i received alot more money than i actually received from the atm. this occurred earlier today.,75
why would my transfer result in a decline message?,27
i need more physical cards.,39
how much could i top up?,60
i went to an atm to get cash but the app says the withdrawal is still pending. how is that possible when i already have the cash with me?,46
do i have to manually top up once i m too low?,4
my card shows a cash withdrawal i don t recognize.,20
i no longer want to transfer funds can we cancel that transaction?,8
why can t i buy cryptocurrency on the app?,7
i need to transfer some money can i use my credit card?,62
i am having some difficulty verifying my id.,68
why is there a charge for 1 on my account?,34
i just made a transfer from a uk account. how long does that typically take to show up? i just want to make sure it worked alright.,5
is apple pay a top up service?,2
my card was declined in a shop,25
how do i see my updated balance after i make a cheque or cash deposit?,6
i need to cancel a purchase i made.,52
why did my transfer fail?,35
i have not received my card,11
contactless isn t working for me,23
what are all the currencies and cards supported to use this?,54
how can i change my pin even though i m out of the country in austria at the moment?,21
how does a disposable virtual card work?,37
do you not accept crypto transfers from certain places? because when i tried to do a top up the money just disappeared. im not sure what to do or what i m doing wrong please help.,61
a couple weeks ago there was a debit taken from my account from a transaction i don t recall. is it possible to trace this transaction to make sure i m not being scammed?,28
you have declined my payment.,25
i refilled my account balance but got an error message.,61
i noticed that the funds were returned to my bank account. what happened?,61
why was i charged extra when paying with card?,15
i requested a refund but am unable to see it in my account. why is that?,51
it says pending status for my payment. why?,45
what happened to the cash that i tried to deposit into my account? it s gone!,6
what does it mean by pending payment?,45
which cards and currencies do you support?,54
i suspect someone used my card.,22
can i use this app to change dollars into euros?,33
am i allowed to get an account for my daughter?,1
i would like a refund on the extra pound i was charged.,34
how do i troubleshoot when contactless doesn t work?,23
it appears my transfer was declined.,27
i m trying to use my apple watch to top up my google pay. do i need a special app?,2
i can t figure out why a transfer is still pending?,48
give me back my money i m not paying the sellers. it has been a long time ago that i made an order and it just isn t coming.,52
can i use my apple watch to top up?,2
how does tranferring money into my account work?,65
the activation process for my card isn t working.,0
i would like to know why my transfer was declined.,27
the atm keeps declining my card. i tried at a couple different atms. can you tell me if there s a problem with my account?,26
i cannot seem to activate card,0
i froze my account but how do i order a replacement card?,22
my card payment might have been reverted.,53
are there any documents needed for the identity check?,69
what is the process for activating my new card?,0
is there a limit to top up amounts?,60
is there a transaction limit for a disposable card?,29
my netflix subscription says that there is an issue with my card information but i thought everything was fine. why would it be declined?,14
i sent a payment but now it s not showing up.,53
it s been a week since you issued me a card and i still didn t get it. should i keep waiting?,11
if i can t choose my card type will i be able to use it everywhere?,73
how can i change the currency i m exchanging from aud to gbp?,33
there s a 200 withdrawal on my statement that seems fishy to me.,20
i need a new login code,44
how are your exchange rates calculated?,32
what is the estimated wait time for transfers from the us?,67
what do i do if i find a debit charge that i know i didn t do in my billing statement?,28
my transfer to my account is missing.,5
will you tell me how to exchange usd for gbp in the app?,33
why is my friend not getting a transaction arrival yet?,66
where is the closest atm to me?,3
can i have a card after my first one?,39
do you know the process how to activate my card?,0
how are the exchange rates for transfers calculated?,32
someone i don t know has used my card without permission.,22
im trying to top up my card but it s still pending and it s been an hour. is there any way to make it go through faster? do i not have enough?,47
the atm didn t give me the card back!,18
there is a cash withdrawal in my account that isn t mine.,20
i m still waiting on a payment,45
am i able to change my pin at any cash machines?,21
where can i get my currencies exchanged?,33
what are the requirements to open an account for a minor?,1
double check your funds may be declined,27
i wasn t applied the correct exchange rate when getting cash,76
i took cash and got charged a fee,19
help me reset the passcode.,44
someone stole my money,28
do you have a top up limit?,60
why isn t my top up showing on my wallet?,62
i didn t mean to do the transfer is there any way to cancel it?,8
i was charged an incorrect exchange rate for a withdrawal.,76
how do i report a stolen card?,41
how can i find the source for my available funds and money?,70
how are top ups verified?,71
i got a declining message during a transfer? please tell me why,27
what do i need to see my source of money?,70
how do i get a new expiration date?,9
my card doesn t work. i can t get cash out at an atm,26
do you provide currency exchange to euros?,36
i think there has been a mistake with my transfer,27
what are the atms that will accept this card?,3
why did i not get the amount i specified at the atm?,75
i still don t have a card. how do i get one?,43
how come my refund hasn t appeared on my statement?,51
why isnt my account allowing transfers,7
do you support direct deposits from my employer?,50
how to order a virtual card,40
how do i re add a card to the app?,13
who can have access to top up my account?,62
to many charges on my card how do i go about fixing that?,63
will i know which exchange rate i will get?,32
does this program take swift transfers?,56
want to know how to get virtual card,40
why do i have a transaction showing up more than once?,63
can you please tell me how long it takes for the transfer to be available.,67
what s with not verifying my id?,68
why are my transfers and purchases keep getting declined?,27
what is the most efficient way to activate my new card?,0
they declined my card payment.,25
what currencies do you accept for adding money to my account?,54
why was i charged extra when transferring?,64
it s been a couple days how much longer do i have to wait for my transfer?,67
do you have any accounts for children ?,1
how soon will my card arrive?,12
when i received my cash they had my exchange rate incorrect.,76
i am having issues with identity verification,68
how much will i pay to exchange foreign currency?,31
is topping up unlimited?,60
do top up limits exist?,60
what is the fee for topping up a us card?,57
why do you need all these details about my identity?,74
how can i add money to my account if you don t accept cash,58
i tried to buy something online yesterday but it kept saying declined. tried another time today but same thing happened. what s broken?,27
i tried to make a transfer but it didn t work.,35
what is the reason my cash withdrawal is still pending?,46
could you please put a freeze on my card? there are some payments on it that i don t know where they came from.,16
is there a fee for making a payment? if so let me know why.,15
how much is the charge to top up my card?,57
i transferred money to a receiver within the eu and they received a lesser amount than expected. now i will have to send additional money to the receiver in order to make up the difference. i m not sure what went wrong can you please advise?,64
i thought i was going to get a virtual card but i haven t received it yet how can we resolve this?,40
i have yet to receive my virtual card,40
i was supposed to get a refund but i do not see it.,51
the day before yesterday i performed a transfer within the country. it still has not completed. can you check on that? the account number is definitely correct as i ve checked.,66
can i get paid in another currency?,50
i have done a transfer within the country a couple days ago but it s still not there yet. can you please check what s going on with that the account number definitely is the right one i ve checked that several times already.,66
i purchased something in a foreign currency but the rate applied is wrong,17
i believe that my transfer hasn t gone through.,35
exchange rate for my cash withdrawal is wrong,76
is there a top up fee for transfer?,56
i logged in wrong and am blocked how do i log in?,49
what happens when i am charged twice?,63
the amount of cash i received was not the full amount,75
i want to take some funds from my other bank account and add them to this one.,65
if my identy verifacation hasn t gone through can i use my account?,74
in the exchange and holding what fiat is allowed?,36
was charged an atm fee despite it being a small withdrawal on the 1st day of the month. i thought i was allowed 200 per month?,19
when will my account receive the money?,67
how do i link one your card if i have one already?,13
why would my card payment not work?,25
hello i changed my mind and really need a refund on something i bought recently. can you please cancel the transaction and get me my money back. please it s urgent.,52
does a discount apply if i exchange currencies frequently?,31
what are the steps for the identity checks?,69
my pin can t access my card can you help?.,49
my card payment has been declined,25
my cash deposit from a week ago hasn t shown up. i need the money how quickly can you sort this out?,6
i have forgotten my password.,44
can friends add to my account,62
i don t know what my passcode is can you help?,44
why was i charged a fee for my withdrawal?,19
will money be added automatically when necessary?,4
is there a charge for sepa transfers?,56
my throwaway virtual card won t work,72
how can the recipient see my money transaction?,66
i am waiting patiently for a week now for the seller to get back to me and there has been no response could you please help me further with getting my money back. thank you.,51
how much can i withdrawal in one month without incurring fees?,19
will my transfer immediately show up in my account?,67
there was a direct debit i don t recognize.,28
i was out today looking forward to paying with my new card turns out the payment kept getting declined. this is really sad what s going on?,25
why do you have an identity check?,74
how can i switch on my new card?,0
my transfer hasn t gone through yet.,48
how long will it take for my money to be deposited?,47
the exchange rate i was charged for a purchase was not right.,17
i sent a transfer to a friend that needs it urgently. it has already been 2 hours and still hasn t come through to her. how long does it normally take?,66
why was i charged multiple times for the same thing?,63
what would the approximate delivery date be if i transferred something urgently to china?,67
i have waited 15 days but my payment still hasn t cleared.,45
one of my card payments has reverted,53
is there a fee when i get cash from an atm? is there a limit i can take out? if there is a fee what is it?,19
card payment is showing as pending,45
i did not get my virtual card yet why?,40
can i use american express with apple pay? why does it make my top up not work?,2
why hasn t payment gone through yet?,45
how do i see what i transferred,5
can i receive a refund for my item?,52
how long does the pending period of a transfer take?,48
can you explain where i can find the auto top option?,4
i m having money transferred from europe how long will this take?,67
will there be a charge for sending out more cards?,39
why am i not able to get cash from the atm?,26
my card needs to be activated.,0
what are the steps needed to top up with apple pay?,2
where can i edit personal details?,30
what are the rules to where i can use my card?,10
the app won t identify me.,68
my transfer isn t in,66
how do i add my new card to the app?,13
my rate is not right when i used my card in a different country s money.,76
my atm withdrawal is taking forever,46
how does a virtual card work,37
how do i do an international transfer?,65
how do i know it is a mastercard atm?,3
i don t think my card payment exchange rate is correct.,17
the refund doesn t show in my account,51
what is the expected delivery date of my card?,11
i sent money to someone but they haven t gotten it yet,66
i want to add money automatically when i travel.,4
i need a new card and i live in the united states.,24
can someone assist me with activating my new card?,0
can i order another card?,39
how much do i have to pay for the exchange fee?,31
is it possible to get a transfer from swift?,56
i need to freeze my card. there are charges on there that i did not authorize. they ve been coming out for a couple of days. can i get this money back?,16
is there a reason that the atm declined my transaction?,26
i don t see my top up in my wallet.,62
just received a message that my transfer is not possible?? what is going on. i have done this before with no issues.,7
change of location need to change details,30
is it possible to use my apple watch for topping up?,2
is there restrictions on where i can use my card?,10
i don t think i made this transaction on my statement,16
my card couldn t pay in a shop.,25
why can t i see my topup in my wallet anymore?,62
seems like my top up has been cancelled,61
for what reason did my top up get cancelled?,61
i topped up and went to buy something but it says that my funds are pending. is there a way to quicken this process?,47
i deposited a cheque but the cash hasn t arrived yet,6
how do i know which countries you provide service in?,24
is there a verification code for top ups?,71
there is a direct debit patentp that i haven t authorized.,28
for some reason i m unable to transfer funds.,7
please tell me about swift transfers at this bank.,56
why did i get charged twice for the same thing,63
i made a mistake of transferring can i cancel my previous transfer?,8
what happens when a beneficiary can t receive my transfer?,7
do you know what your exchange rates are?,32
do i pay a fee for sepa transfers?,56
hey i want to get a refund on something i bought but not sure how to go about it. can you please just cancel the payment i have not received the item yet.,52
why do i have to verify the top up that i started?,71
why is my cash withdrawal pending?,46
what is the most i can top up?,60
i m trying to transfer money to another country. it s just pending and not sending. my account details are correct. please help me.,48
where can i find the verification code for the card top up?,71
how long does it take for a payment to go thru? i made one a few days ago and it has not been cleared yet.,45
the machine didn t work earlier when i went to get money out and now my account says transaction in progress.why?,46
is my country s currency supported by your system?,36
why does my statement show an extra fee?,34
can i use google pay to top up?,2
can you tell me why my card was declined?,25
can i change the amount i made on a payment that i made to the payment is correct.,8
i received my salary in gbp. how do i change this to my currency?,50
the passcode isn t working for me.,44
are there any charges for using a bank card to top up,57
why hasn t the money transfer arrived yet?,66
when will the money from a transfer be made available on my account?,67
i was charged extra for a withdrawal,19
when using my card i was charged a fee for doing so why?,15
activating my card,0
i want to reactivate my card i found it after thinking it was lost.,13
there was a canceled payment for my card.,53
online banking is not showing my cheque or cash deposit so the balance is incorrect.,6
can i transfer money using the swift service?,56
why did the cash deposit not show up in my account?,6
need to know if there is a maximum i can top up,60
what are the age requirements for opening an account?,1
why was my request for cash declined?,26
i have been charged twice on my statement.,63
how much does it cost to us us cards?,57
can i add money to my account via bank transfer?,65
i just transferred my friend money but she hasn t received it yet and it s been a few hours. can you tell me when to expect it to go through?,66
is there a way yo change my pin?,21
can i use your app if i am from the eu?,24
i was overcharged one extra pound!,34
can i use as many top ups as i want?,60
the nfc payment wouldn t work on the bus today. help?,23
how do i use contactless pay?,23
how do i use american express to top up my account?,54
how can i top up with my apple watch?,2
i wasn t able to use my top up card because the money i put on there wasn t there anymore,62
does it cost to top up my card?,57
when will my transfer arrive,66
what countries do you do business in?,24
where do you get those exchange rates?,32
why is my beneficiary not allowed?,7
what forms of id do you need for identity verification?,69
the exchange rate at which my card payment is at is wrong,17
the atm won t give me my card back.,18
how much can i top up in a day?,60
what are you exchange rates?,32
i wanted to know why my transaction didn t go through.,27
someone took my card without my permission.,41
after taking over my card transactions i noticed that was charged twice for a restaurant purchased from earlier this week. can you please remove one of these transactions from my account since it is not accurate?,63
i received the wrong amount of cash.,75
is there a fee to top up by bank transfers?,56
do i have to pay any fees in order to receive money?,56
i ve been unable to pay contactless with my card for over a week now. is there a way to fix this issue?,23
in my statement i got a 1 extra fee.,34
my transfer says pending. what does that mean?,48
why couldn t i complete a transfer?,35
can you explain the transfer fee that i was charged?,64
i tried using my card and it kept getting declined why?,25
why isn t a recent refund on my statement?,51
i requested a refund from a merchant but don t see the money in my account. are you able to check with the merchant or process the refund manually?,51
i bought something while traveling and the exchange rate was wrong.,17
im so mad right now. theres several charges that i think my x boyfriend made on my card. the companys on the website wouldn t refund me my money they told me to contact my bank. do something please.,28
which us cards have top up charges?,57
why hasn t the app verified my identity?,68
where do i find the auto top up option?,4
my wallet was just stolen and they ve already used my card! please help i can t afford to lose more money!,20
can i exchange an item for a refund?,52
my identity wasn t verified,68
i hope you can help me. someone has stolen my wallet and now i have noticed that they have been taking money from my account.,20
can apple pay handle top up exchanges?,2
is my account accessible even though my verification of my identity has not passed yet?,74
i have a disposable card but it does not work?,72
may i exchange currencies with this?,33
please inform me how to get a new card as mine is about to expire.,9
i took out money and there is a fee. why?,19
why do some of my payments have fees? i don t understand.,15
how can my account have money transferred into it?,65
i need to change my phone number.,30
the app reverted my recent payment,53
i tried transferring to an account but it won t let me.,7
i need to know the time frame that is typical for a transfer from a uk account. i just made a transfer and it doesn t appear. i want to make sure everything is okay.,5
why does my transaction have an added fee?,34
i want to change my pin number from an atm. is this possible?,21
i used my card to top up but now i don t see the money in my account.,62
do you have any card fees if i want to add money using an international card?,57
can i have one of the virtual cards?,40
which fiat currencies do you currently support? will this change in this future?,36
how do i go through the process of currency exchange?,33
how do i verify the top up?,71
why hasn t arrived yet a transaction i did to my friend?,66
why won t you accept my payment? i keep trying with this card and it s not working.,25
do you do business in the eu?,24
is there a fee for swift transfer,56
why do you need so much information about me,74
something is wrong with my payment account since it has been declined,25
the amount of cash i requested to withdrawal did not match what i received when exchanged,76
where can i withdrawal my money?,3
can you tell me how i would go about learning where my funds came from?,70
where can i check out the source of available funds in my account?,70
is there a limit to how many transactions i can make on one disposable card?,29
the money disappeared when i tried to use my card to top up.,62
what us cards do you accept? i only have 1 other.,54
i am being charged a transfer fee aren t they free?,64
im worried about fraud how do you protect my account,69
i topped up about half an hour ago and the charge is still pending. i m a new customer and today is my first time doing this. can you fix it? it doesn t seem to be working.,47
i paid with my card and ended up being charged a fee.,15
i would like to cancel a purchase.,52
hi i want to inquire about my balance. some cash was deposited and it hasn t updated yet.,6
what should i do to verify my identity?,69
what if i don t want to disclose all of my identity details?,74
i have been trying to make a transfer and it won t go through. i have checked all the receipts and its all correct but still won t let me do it.,27
is there an extra fee to exchange currencies?,31
i need several disposable cards made per day.,29
can i deposit my salary to this account?,50
should i uninstall the app before i try it again?,23
my pin was blocked.,49
why am i being charged a fee on a card payment?,15
why was my transaction declined?,35
what is the reason for the identity check,74
is there a reason that my payment didnt go through,25
there is a payment that has not processed.,45
can you please tell me why i was charged an extra fee on my transfer?,64
is it possible to obtain both a visa and a mastercard from you?,73
my account says a withdrawal is pending why can t i take cash out of the atm?,46
why is there a fee on my money transfer?,64
how do i use cash to top up my account?,58
i tried to purchase airline tickets online this morning and my card information isn t working. is there something going on with my account?,14
there is a debit i dont recognize,28
what do you need for the identity verification,69
i did a cash deposit to my account but i am not seeing it on my statement.,6
this company sucks! can you terminate my account?,55
someone stole my card!,41
how long does it take for a transfer to post,5
why can t i get cash?,26
why is the exchange rate on my card wrong?,17
how to unblock my pin?,49
there is money in my account that i didnt put there,20
i must make several disposable cards per day.,29
i made a transfer and the person i transferred the money to didn t receive the right amount? why did this happen and how do i get the rest of the money to them?,64
i have to verify my source of funds.,70
can i use this app for any currency?,54
how do i get my salary through this account?,50
how do i request a refund?,52
how to access my virtual card,40
how long should i expect to wait for my card to arrive?,12
where in the app can i find out about my new pin,38
help! there is a cash withdrawl on the account that i didn t make!,20
what is accepted in regards to cards and currencies?,54
talk me through modifying my details.,30
am i able to exchange currencies?,36
how can i move money from an account at another bank to this one?,65
why was i declined from getting cash?,26
why is the payment showing as pending from things i bought this morning?,45
what do you charge for physical cards?,43
can a card stop working?,14
after my checque or cash deposit my balance didn t update.,6
can i transfer using swift?,56
what do i do to link my new card?,13
what cards and currencies are supported?,54
i could not get my transfer to happen correctly and was wondering why?,35
i cant find my card it s gone.,41
the incorrect rate was used in my foreign purchase,17
i don t know why my credit card was declined while i was trying to top up. was it something on my end or was there something wrong with the top up function?,59
am i allowed to hold money in multiple currencies?,36
left phone at hotel how to access app,42
my virtual car is not working.,72
can i keep using my card after it expires?,9
where is the transfer i started?,66
my account transfer was not cleared.,7
is there a limit on how much i can withdraw from my account without being charged?,19
where can i find an atm?,3
i bought a product a week ago but may need to return it.,52
how do my friends top up my account,62
how long will a transfer take from europe?,67
how quickly can you get me my card?,12
i have a problem with a transfer. it didn t work. can you tell me why?,27
i got my american express in apple pay why is top up not working correctly?,2
there is a transfer pending.,48
i can t use the app because i got mugged yesterday and they took everything. please help.,42
what is the age limit for opening a new account,1
what kind of costs are involved for exchanging currency?,31
i need to top up by card.,62
you advertise no fee when paying with a card then my statement shows a fee.,15
hi i was at a restaurant later the week and when i went to look at my account i noticed that i got charged twice. i would like to get my money back from one of those transactions.,63
can i top up any amount?,60
since i need to exchange currencies frequently would you be able to offer me a discount?,31
i was charged on my account that shouldn t be there.,28
my card was used without my permission.,22
what are the sources for the funds in my account?,70
do i have to manually top up my account each time or will it do it on its own?,4
what about my children?,1
what is the top up limit?,60
can i have it delivered on a specific date?,12
a cash withdrawal that i didn t authorize is shown on my account can you please cancel my card as soon as possible?,20
why was i charged an additional fee when paying with card?,15
how can i activate the new card i got?,0
i just got my new card and tried using it and it was declined?,25
i believe my top up has failed,59
can i get a visa or does it have to be something else.,73
can you tell me what i need for the identity check?,69
there is a transaction on my account that i didnt make,16
what should i do if someone else used my card?,22
i need multiple cards per day and they all have to be disposable.,29
the exchange rate for my withdrawal isn t correct and doesn t match the actual exchange rate.,76
card payment declined?,25
how do i use bank transfer to top up my account?,65
i can t find the pin.,38
i have a pending transaction,48
why isn t my id being verified?,68
why is a transfer to a beneficiary not possible?,7
i need to know what charges i will incur for using a european card for top up.,57
is it possible to get a visa here?,73
does it cost to exchange currencies with this card?,31
how long does a european transfer take?,67
i added money to the card but the transaction didn t go through,47
what is this extra 1 fee about?,34
since my id hasn t been verified when can i use my account?,74
what is the process for setting up a pin,38
is there a charge on withdrawals?,19
i need another card for a member of my family. is this possible? how soon can i get one?,39
why is my balance not updated?,5
i just tried to top up and now i m getting an additional verification message why?,71
i don t think i made this payment that is showing up,16
the see the rate applied to my transaction was wrong at the atm.,76
i entered in the wrong pin. please help me unlock my account.,49
when will i get my refund?,51
can i see the source of my available money?,70
i returned something to a store but can t see my refund.,51
i completed a payment with my card a while ago. it s still showing up as pending. what time frame does this normally take? it doesn t appear to have worked.,45
do i need to speak to a representative to change my pin?,21
i will be traveling and want money to be added automatically in certain intervals. is this possible?,4
someone else used my card!,22
is there a charge for a physical card?,43
please help me figure out the reason for the odd withdrawal amount from my account?,20
why is there a direct debit payment on my statement that i didn t do?,28
where is my money? i transfered it and it isn t in my account.,5
i just took some cash out of a cash machine in heathrow airport because i wanted to buy some new sunglasses for my holiday but you ve added a fee to the withdrawal what is this?,19
what do you think of the exchange rate?,32
is there a limit on how much i can top up?,60
i tried to make a cash withdrawal and it was declined. why did this happen?,26
can you change the rate for the item i bought in a different currency as it is wrong?,17
i just did a money transaction but its not showing they received it,66
how come the money from the merchant appeared back into my account?,53
i did a transaction to a wrong account!,8
help! i m missing money i deposited a cheque but its not showing on my balance.,6
do i have to pay for topping up by transfer?,56
where is my refund? it appears to be missing.,51
what are the time frames for the money to be available in my account?,67
can i see money source?,70
can i make transfers before my identity verification?,74
hello please look into this matter urgently. as i have lost my wallet and i can see one withdrawal now i do not want to loose more money.,20
i would like to know what your exchange rates are.,32
how long do transfers typically take? is there a way of speeding the process up? my friend needs the money i sent her desperately.,66
i attempted to top up using my card but now the money just disappeared?,62
can you please explain how to transfer money using the bank transfer process?,65
i did a transfer and i was charged a fee that shouldn t be there!,64
how do i freeze my card using the app?,22
has my top up gone through?,47
at what atms am i able to use the card?,3
can top ups be done from an apple watch.,2
do you charge a fee for topping up a card?,57
is there a charge for exchanging foreign currency?,31
why can t i use my american express with apple pay to top up my account?,2
has my card payment been reverted?,53
my money hasn t been transferred yet.,5
foreign currency rates were put in wrong at an atm i used.,76
may i choose between visa and mastercard?,73
can i link my new card?,13
i have an unknown debit charge in my statement why?,28
i need assistance activating my card?,0
i tried to make a payment with my card and it was declined. why is it pending?,45
i requested a refund from a merchant several days ago but don t see anything showing up in my account yet. can you check on your end to see if the money has reached you guys?,51
the wrong account was used during a transaction.,8
i tried taking out 30 pounds from the atm just now and it only gave me 10. why would it do that? i need the 30 pounds now!,75
i tried to top up why didn t it work?,59
i didn t see the money i added to my card.,59
the app is not able to realize that it is me.,68
i put some money in my account the other day but now its gone? why is this?,61
are you able to delete my account?,55
my address has changed.,30
i don t recognize this payment,16
atm still has my card,18
can i reactivate my card? i reported it lost and found it this morning in my jacket.,13
i tried doing an in country transfer earlier this week. i thought it would be there by now but i still don t see the money. can you check the status on my transfer?,66
i got a card how do i get it in the app?,13
i paid two weeks ago and just got refunded,53
why am i unable to withdraw my money through this card?,26
soon my card will expire how do i get a new one?,9
payment i did not make.,16
why couldn t i get cash from an atm?,26
how do i verify my identity online,69
how long do eu transfers actually take? i recently bought something online a few days ago sent the money immediately online but the seller says it s still not there yet.,48
will you charge me if i top up by card?,57
what is the function of the identity check,74
i have a problem! the atm stole my card!,18
i would like to know how much i can top up.,60
i went to the store and tried to make a purchase. the first time it was declined but the second one went through. but my app shows me that i ve already been charged once and the second charge is still pending. can you make sure that i m not charged twice?,63
can you tell me what currency i can have?,36
when will i get my new card?,11
i would like a refund for something i bought,52
i just found out from the seller that my money didn t go through. i checked my account and it was deducted at first but now it s back in my account. can you please fix this for me quickly?,53
is my card pin saved in the app,38
i ordered a card and would like to know how to track the delivery progress of it.,11
there is a strange payment on my card and i don t know what to do.,16
why couldn t i transfer to a beneficiairy?,7
where do i go to get my new card linked?,13
i found a transfer fee is that correct?,64
how do i go through the identity checks?,69
how long until the card arrives?,12
help! i can t find my card.,41
how do i go about transferring money using my credit card?,62
why can t i use a disposable card?,29
why hasn t my card payment cleared yet?,45
my top up does not seem to have worked what went wrong?,59
can you tell me how to close my account?,55
i am having trouble with the app recognizing me.,68
what happens if the atm doesn t give the right amount of money?,75
what countries can i use my card in,24
what is the point of an identity check?,74
why have i been charged an extra 1?,34
i need two cards. is this possible?,39
my wallet was stolen along with my cards. how do i put a freeze on my cards and order a new one?,41
why is my top up not completing?,47
how much will i get with the exchange rate?,32
i would like to close my account as i m not happy.,55
what reasons would cause my card payment to be cancelled?,53
hi my card is getting declined during top up. as it urgent could you please resolve this issue or guide me with other alternatives if any.,59
i purchased an item and the exchange rate i was given was incorrect.,17
one of my payments was doubled,63
your machine took my card. how do i get it back?,18
i ve made a horrible mistake! i transferred money to the wrong account by accident! i entered one of the digits wrong. i need this cancelled immediately please.,8
is there a fee for a cash withdrawal?,19
someone stole my wallet with my card in it while vacationing in spain. i really need my card blocked and a new one ordered.,41
my account is depleted. can i transfer funds from another bank?,65
help! i think someone has made a cash withdrawal with my card!,20
i am inquiring about a 1 charge on my statement.,34
can you tell me why you won t let me get my own money out of the money machine? i know i used the right pin.,26
show me where i can see the pin?,38
i tried entering my passcode and it isn t working. can you help?,44
needed gas been delayed for half an hour.please fix it!,47
how will i get my card?,12
my salary is deposited in gbp. do i need to choose the currency?,50
people are using my debit card help!,28
is there a fee to top up a us card using a debit or credit card?,57
on a card payment why is there a fee?,15
i question today s exchange rate for rubles into pounds. i was hoping for a better return.,17
how would i be able to make changes to my personal details?,30
how much am i allowed to top up?,60
i would like to top up via credit card which credit cards do you support?,54
my bank app said that i got cash from an atm but that s a mistake.,20
what is the age limit?,1
does the app top up automatically?,4
someone took my card without permission,41
i m not in the uk can i still get a card?,24
my pin isn t working.,49
i ve obtained the card how do i enable it on the app?,13
there was a direct debit from my account and i didn t authorise it,28
can you look at my account ans see why my card was declined,25
you promised no fees but now i ve got one. what the hell!?,15
i can t use the app because i got mugged yesterday and they took everything. i need some help.,42
i need to do a refund,52
i feel as though i have been over charged for the exchange rate on my payment on last saturday.,17
i need a new card before it expires.,9
it s been a few days since i ve tried to pay a seller but the funds aren t going through. what is happening?,45
is a bank transfer acceptable for topping up my account?,65
how do i go about exchanging currencies with this app?,33
how long will it take to refund me,51
where is the transaction i made to a friend?,66
can this app exchange american and english currency?,33
i completed a transfer that isn t showing up on my account.,5
app doesnt think its me,68
my app is showing a cash balance that i did not receive.,20
which part of the app do i order virtual cards from?,40
hi i don t think your exchange rate is right. i need you to check the official interbank exchange please.,17
my card payment has been declined do you know why?,25
my product was faulty.,52
i would like to apply for a visa card.,73
i have a new email.,30
what do i do to unblock my pin?,49
do you have the option for a disposable virtual card?,37
my card payment is being declined and i ve tried several times.,25
i might need to exchange between usd and gbp is this possible with your app?,33
i did not get any money but still was charged,75
are their certain cash machines where i can change my pin?,21
i want to do a bank transfer to this bank from an account at another bank.,65
i finally got my card. now i want to link it. is that something you have to do or can i do that?,13
after i got my cash i found out my exchange rate was wrong.,76
who do i talk to about the atm swallowing my card?,18
where do you mail physical cards?,43
there is an odd payment in my statement,16
how long does it take to transfer money my retailer is waiting,66
i just have one additional card from the usa. do you support that?,54
i transferred money and was charged and want to know why.,64
there was a transaction this morning that i d like to reverse.,8
my transfer to beneficiary didn t go through,7
there is a charge i dont recognize,16
do you have a return policy?,52
i believe a wrong exchange rate was applied towards a cash transaction i made abroad.,76
could you please activate my card,0
what happened to the money that i deposited?,61
please help! there was an extra fee when i got cash.,19
there is an odd 1 charge that appears as pending on my statement. what s the reason for that? i haven t purchased anything for a pound.,34
where can i use my card?,10
do i need anything for the identity check?,69
where is this money from,70
please help me as my online payment is getting declined since yesterday while i am trying to purchase something online.,27
how do i check to see why my card payment was declined?,25
top up is still pending,47
how can i verify my top up?,71
can you tell me why i was charged 1 for a transaction?,34
is a swift transfer okay?,56
can i get a visa or mastercard?,73
where is the top up verification code found?,71
i topped up by card a while ago and it s still pending surely it should be done by now?,47
is there a reason my transfer failed?,35
i tried activating my bill of fare and it didn t workplace,0
how many disposable cards can i make in a day?,29
where is the card pin located?,38
topping up my card is not working because i believe the top up is pending,47
why hasn t my balance increased after depositing a check?,6
how long does a transfer from the uk account usually take? after completing the transfer it is not showing up. i need to know that everything i actually went okay.,5
i am paid by my employer in gbp do i need to do anything in the app to indicate this?,50
trouble with my top up,59
what currency can i use to pay for a top up?,54
is there a charge for exchanging foreign currencies?,31
delete my account please. now!,55
how do you verify an identity?,69
i need my card as soon as possible.,12
i noticed additional charges when transferring?,64
do you know the reason why my card payment was declined?,25
i ordered something ages ago online but it s simply not arriving. i ve got enough! give me back my money i m not paying these people.,52
my card payment has had the status of pending forever. what is the issue? it should have gone through at some point.,45
when will my top up be completed?,47
who should i contact if the amount of my withdrawal doesn t correspond to the amount that i tried to take out of my account?,75
why is there an extra fee on my statement?,34
i am seeing in the app a some cash withdrawal that i did not do,20
why hasn t my transfer been made?,35
what currencies are available for my use in holding and exchange?,36
is there a strict timeline regarding disputing transactions made on my account? i just noticed a fraudulent charge on a statement from a couple months ago.,28
is it possible to have more than one disposable card?,29
hi i tried topping up for the first time today i m a new customer and the transaction has shown as pending for the last half an hour. can you fix it?,47
do you support all cards and currencies?,54
i don t need to transfer anymore and i want to cancel it.,8
i attempted to get money using a foreign currency at an atm but the rate was highly inaccurate!,76
how can i tell if my top up has been cancelled?,61
can i set the account to auto top up?,4
with what can i verify my identity?,69
i found my lost card. am i still able to use it?,13
how old do you have to be to be able to open an account?,1
i don t have my card in 1 week. should i be worried?,11
which fiat currencies are compatible for exchange and holding?,36
i tried to withdraw 100 but only got 20. what happened?,75
is there a disposable virtual card?,37
are you sure this is the interbank exchange rate? this rate is really bad.,17
i can t make purchases with my virtual card.,72
do you give refunds?,52
can you unblock my pin after too many wrong pin attempts?,49
i would like a second card.,39
do you work in greece?,24
now that i live in the us how can i get a card?,24
what do i do if i have exceeded all my pin tries?,49
i believe someone is using my card without my agreement!,22
i need to change details about my personal account.,30
i am angry that i got charged for using my card.,15
are there any extras for exchanging currency?,31
can i top up from a usa credit card,54
how long is the delivery time to the us?,12
why is my transfer not done yet?,48
what do i do if my verification failed,68
how long will my transfer stay pending?,48
i wanted to know about a pending dollar that is on my statement.,34
does it cost anything for exchanges?,31
it didn t give me my cash,75
i want to use bank transfer for topping up my account. how is it handled?,65
i tried to get some with drawls but the machine didn t work. the transaction still seems in progress.seems like something is wrong i don t want to be charged for transaction i did not make.,46
is it just visa or can i also use mastercard?,73
i entered the wrong pin too many times and now i am blocked. help me unblock!,49
how long does it take for me to get my pin,38
i ve forgotten my app passcode completely.,44
need to know places i can withdraw money,3
maximum how many days get the courier?,11
why did using an atm cause me to be charged an additional fee?,19
my card payment is showing pending however this transaction was a couple of days ago. is there a reason why it it still pending?,45
how long does it take for transfers to be approved? i sent funds to my girlfriend and she says that she has not seen any approved funds in her account.,66
how do i get a new card when my old one expires?,9
where can i find the source of my available money?,70
i can t remember my passcode.,44
i have used this account overseas recently. has there been an increase in fees that i am unaware of?,64
whats the max i can top up,60
i would like to know why i was charged twice for my purchase.,63
is there a charge for top ups?,57
is it possible to order a card?,43
will i be charged a fee for a sepa transfer?,56
i am not recognizing a debit payment from my account.,28
where can i view my pin?,49
please double check my card withdrawal was working fine so far but this morning on the way to work it suddenly got declined!,26
i do not know what this cash withdrawal is,20
how many digits identify the top up verification code?,71
how do i go about activating my new card?,0
there is random cash in my account.,20
which countries do you currently support?,24
why has my top up been returned to my account?,61
i think my phone was stolen. what can i do?,42
can i use top up with apple pay?,2
make me understand why i am charged an extra fee when i use the atm.,19
i need to know about exchange rates,32
how do i change my account details?,30
where s accounting for my cash withdrawal?,46
help me to set up contactless payments.,23
i may have entered the pin wrong and the account is blocked. what do i have to do to get it unblocked.,49
what are my options for holding money in multiple currencies?,36
i ve used my account frequently over the last month to manage my payments from abroad for my new place. i noticed that my fees have suddenly increased. as a frequent customer shouldn t i be rewarded rather than suddenly being subject to a new fee?,64
how many card payments can i use on a disposable card?,29
i have used my account abroad for a while without any fees why am i being charged additional fees all of a sudden?,64
why is my top up still pending?,47
i was out today looking forward to paying with my brand new card turns out the payment just kept getting declined. this is pretty sad what s going on?,25
i have a transaction that shows several times,63
i am not satisfied with your company and would like to delete my accounts!,55
my transfer s stuck on pending.,48
if i transfer money from my bank to top up my account will i be charged?,56
i want to stop my account,55
i m really concerned because i only made one transaction but it s appearing multiple times.,63
why have i got a pending transfer? i m confused!!,48
i have a direct debit transaction i have not set up but would like to .,28
can you tell me how to change my pin?,21
why can t the person i sent the money transfer to see it?,66
what should i do to top up using my apple watch?,2
do you accept cheques for top ups?,58
there s a refund missing from my statement,51
i ve been charged an extra 1 and i don t know why,34
how do i find my top up card s verification code?,71
can i verify my top up card?,71
i made an international purchase but the exchange rate was wrong,17
how do i find out what countries you service and what countries you do not?,24
how can i verify my indentity?,69
why is this beneficiary being rejected?,7
how long do eu transfers take? i bought something online a couple days ago sent the money immediately online but the seller says it is still not there yet,48
i can t see my latest bank transfer,5
whats the maximum disposable virtual cards?,29
can someone please help assist me by explaining to me why my pass code is not working?,44
i lost my phone and need help so someone doesn t access my account.,42
why is my refund not visible on my statement?,51
can i do a swift transfer?,56
what fiat currencies are supported?,36
where can i find your exchange rates?,32
i just moved. how do i give you my new address?,30
i m not happy i want to close my account.,55
i need a refund. this is not what i wanted.,52
how can someone add money to my account?,62
why wont the atm give me cash?,26
what are the limits to where my card will be accepted?,10
is it possible for me to change my pin number?,21
i bought something and the money appeared back into my account? why?,53
why cant you just refund me instead of a merchant,51
how long does it take for a transfer from europe to go through?,67
the atm didn t give me enough money! i asked for more than it gave. what do i do?,75
do eu transfers happen quickly? i purchased something a few days ago and the seller hasn t received my money yet.,48
i tried to withdraw some funds from my card but was declined. how can i get my money?,26
the item i bought exchanged rate was incorrect.,17
i get a decline message when doing a transfer,27
my friends would like to add to my account. what is the procedure?,62
i ve been waiting for over an hour for a top up to go through. how long is this supposed to take? i really need this money.,47
i want to get rid of the account and delete personal information .,55
i am just waiting for the transaction to be completed.,66
when i submit a transfer it is being declined. the information i put in has been reviewed.,27
is there a fee that comes with transfers?,64
how many cards can i have for one account?,39
think someone is using my card with permission,22
can i exchange currency to europe?,36
how to change my address.,30
does your system support multiple currency.,36
what limits are there on the virtual cards?,29
why is it necessary to verify the top up?,71
how do i apply for a refund?,52
after i make a payment how long will it be before it transitions from pending to complete?,45
do you have any options to top up with a cheque on my account?,58
why isn t my money from a check deposit showing?,6
hello i tried to take out some money out of the atm but it s still showing that it s pending? i really don t want to be charged for this.,46
is there a way you can have money from a purchase i made refunded to my account.,52
when should i receive my refund,51
explain why a card payment would be cancelled?,53
do you charge extra for topping up with a debit or credit card?,57
can i transfer money using a different currency?,50
i live in portugal. do you operate here?,24
what do i do if my card was stolen.,41
please tell me why the same transaction is showing up on my account more than once.,63
where is my recent refund in the my statement?,51
can i withdraw from any atm?,3
i changed my mind on something i purchased through you and i need the transaction canceled and a refund as soon as possible. can you help me please?,52
i can not see my top up,62
how many countries do you support?,24
how can you transfer my salary to my correct currency?,50
who do i make a check out to if i want to top off my account?,58
i can t use my card because it is not working.,14
i ve never been to that store. that s a fraudulent charge.,16
what is the appropriate age for my child to be able to open an account?,1
you did not give me the correct exchange rate for an item that i bought.,17
why was the payment on my card declined?,25
when do i activate auto top up?,4
what is the tracking number for my card that was mailed?,11
i just got married and i need to change my name,30
there is a payment that is not mine in the app. please advise,16
i was denied cash at an atm,26
i received my card how do i get it to work in the app?,13
why was i charged for cash withdrawal?,19
i don t think i was supposed to be charged so much.,64
hi i am interested buying crypto currency but unable to purchase it through the application. i do want to do the exchange could you please let me know what is the problem?,7
how long does it take for my id to verify?,68
how do i know what my account is set to i am paid in gbp?,50
i wanted to transfer money to another account but now i don t have to so i d like to cancel said transfer. how can i do that?,8
can i set up to my account to automatically top up?,4
how can get a visa card?,73
what s the process for terminating an account?,55
hey i got charged extra for some reason when i purchased an app. is this a hidden fee or something? i don t think it s very cool.,34
why is there an additional fee showing on the statement i received?,34
do you provide cards to people not in the uk?,24
my card was rejected,25
i was charged a fee after using my card and i shouldn t have been.,15
where are the options to top up with a cheque on my account?,58
hello. i have a transaction in my account listed as pending. i tried to use an atm at the city centre but the machine declined my card and i did not receive the money. why is the transaction still pending if i did not receive the money.,46
how do i see the source of my money?,70
the first payment i attempted for my card at the store earlier did not process so i had to make a second attempt. the second time it worked. it now appears i was charged twice. after looking at the app i see a pending charge. please remove the pending amount because it is clearly not accurate and was declined.,63
i made a payment but the app gave the money back.,53
some cash is showing up in my app that i did not get.,20
how do i get extra cards?,39
i put money in my account a week ago but its still not there?? what happened to my money?,6
i had a card payment that was declined. why?,25
i moved to a new city and need to change my address,30
the 1.00 has still not been reverted as indicated in the previous email.,34
my card is not working.,14
what countries are you currently in?,24
i recently bought something in foreign currency and i am unsure of the exchange rate. is this rate applied correctly?,17
help. my card is broken.,14
i m trying to take money from my account but its not letting me. help!,26
when will the 1 transaction be credited to me?,34
lost phone can i still access account?,42
i have been charged a fee i didn t know about this fee before! when do you charge extra for card payments?,15
i am unable to use my card for some reason.,14
why did you revert my top up?,61
what s the refund process?,52
i entered a wrong pin too many times. how can i fix this?,49
how do i find the exchange rate?,32
did you lose my money? i had added funds through top up not long ago and i know they were in my account but they seem to have disappeared. what happened?,61
i have used all my pin tries what now?,49
why did my top up get pulled back out?,61
why is my exchange rate wrong?,17
i would like for someone to tell me which fiat currencies that your company supports.,36
how do i report fraud on my card?,22
verifying the top up seems like a hassle.,71
why does my top up get cancelled?,61
i want to change the wrong exchange rate.,17
i think a card payment i made was cancelled can you check?,53
oh no! i lost my card! help!,41
am i gonna be charged for sending out more cards?,39
what fiat money can i used in the exchange and holding?,36
there is a withdrawal on my account that i don t remember initiating.,20
i think my top up was reversed.,61
why did i get charged a fee for transferring money?,64
why am i being charged more on exchange with things i bought abroad?,17
i used the wrong account number!,8
tell me why my card payment has been declined.,25
what types of foreign money can be used with this service.?,36
my statement shows an extra fee what is it?,34
what are the steps for changing my passcode?,44
can i get some money exchanged?,33
why did a transfer get declined?,27
does the package with my card have tracking?,11
please tell me how i can get a virtual card.,40
how do i know when my card will expire?,9
what is the reason my payment was not accepted?,25
how do the foreign exchange rates work?,32
i would like to alter my personal details.,30
hi there earlier today i tried to take money out of an atm machine and something wasn t working. i didn t actually receive the money but i just checked and it says that the transaction is still pending. can you tell me what s going on here? am i still being charged for the withdrawal even though i didn t end up getting any money?,46
my identity has been stolen. i still have my physical card but there are charges i didn t make on my account. how do i cancel this card or dispute the charges?,20
who charged me a fee for paying by card?,15
cash withdrawal still pending?,46
where is my virtual card?,40
i have young kids. can they use this service?,1
can i get money in my home currency at some atm? i m on holiday and am a bit concerned because i don t have any cash with me it is possible to withdraw here already without any additional cost?,76
does it matter which card i use,73
i would appreciate it if i could get an item refunded,52
the app doesn t show the card i received.,13
hello! i need to order a disposable virtual card. where can i do that at?,37
what if any is the limit for auto top up?,4
how come i can see an extra charge for my transfer?,64
help me find my card pin!,38
how can i use my american express to add money into my account?,54
how can i alteration my pin?,21
is it possible to track the card you sent me?,11
how can i unblock a blocked pin number for my account?,49
i d like to know where my funds come from.,70
i want a card but i m not in the uk can i get one still?,24
i need to change my address in the personal details.,30
using your app would i be able to exchange between usd and gbp?,33
the seller of the items i bought online the other day hasn t received the eu transfer yet. how long do these usually take?,48
when i want to transfer money to my account how can i do that?,65
i have a canceled top up and wanted to know about it.,61
i was supposed to get a purchase refunded but i don t see the money in my account,51
should i reinstall the payment app?,23
where do i verify a top up card?,71
for physical cards do you charge?,43
i d like to use cash to top up. how do i find that option?,58
i was charged a fee for a transfer.,64
i made a cash withdrawal and it is still listed as a pending transaction.,46
i m still waiting for my new card.,11
how much would an extra card cost?,39
hello i made a bank account transfer from the uk. the transfer was a couple hours ago nothing has shown up yet. can you check to see if everything okay. please.,5
is there any way to get another card on the same account?,39
my card payment didn t work,25
i want to use my account before identity verification,74
i just found a payment from a while back in my account that i didn t make. can i still dispute it even though it was a couple of months ago?,28
i got some items this morning but the payment says pending,45
can i exchange currencies with this app?,33
i will need to exchange currencies frequently will i be able to get a discount?,31
why don t i see my top up in my wallet?,62
hello i have recharged topup but account is not credited. please help me in this i guess there is some defect in system.,61
who accepts my card?,10
please help me! a payment i made had an error on the account number and i can t cancel on my side. can you cancel it?,8
i didn t get my card back from the atm.,18
if my phone was stolen do i need to do anything?,42
i see a cash withdrawal that i did not perform.,20
how do i add a card on to the app?,13
i tried to use my debit card but the payment did not work.,53
do you take swift transfers?,56
where is my unknown payment from?,16
where is my missing cheque i deposited?,6
i am experiencing difficulty providing my identity.,68
i d like to open an account for my children. how can i do that?,1
i need to cancel a transaction.,8
when can i expect my card to arrive?,12
i have transfered to my account before but it is being declined now?,27
why is my identity not verified?,68
where do i go to change my account details?,30
why was i charged an extra fee when paying with my card?,15
why won t my card work.,14
i purchased something abroad but the exchange rate is incorrect.,17
how long the card validity,14
please provide me a list of atms that accept my card.,3
why did you cancel my card payment?,53
my payment was declined,25
i want to get few more physical cards,39
so i see a strange fee that i ve never seen before after making an online purchase from abroad. i was under the impression transfers could be made for free. i don t think this seems fair.,64
i bought something online a week ago and i never got it in the mail.can i just get my money back now i don t want to keep waiting on something that isn t going to show up.,52
explain how to verify my identity?,69
where did my funds come from?,70
when will my transfer process?,5
how can i edit my personal details?,30
i got less cash than the one i specified in the atm,75
does the pin come under separate cover?,38
my card has not been delivered yet and its been a week since i ordered it please help,11
i am wondering if international transfers take longer. i a made a transfer from france two days ago and believed it would be here already. please let me know when i will get it!,5
i asked for 40 and i only received 20 what happened?,75
i did not get as much cash as i requested at the atm.,75
how is top up verified?,71
i was made to pay a fee for making a transaction with card.,15
i have a new card and i want to activate it,0
i have to make several disposable cards per day.,29
is it free to transfer money or is there a fee?,64
im still waiting for my account to update from a cash deposit?,6
if my card is about to expire how long would it take to receive a new one and how much would that cost me?,9
what amount of time does it take for a transfer to reflect and be available,5
a transfer to an account was not allowed,7
how do i check my security settings to allow contactless pay?,23
top up is not working,59
help me with my transfer,35
there is a payment that i made that i noticed has not gone thru yet. can i ask why?,45
how can i view the source of my available funds?,70
i was not able to receive the correct amount of cash.,75
i didn t receive all the cash i asked for,75
i would like to delete my account now please.,55
are there any limits to using disposable virtual cards?,29
what different ways are there for someone to send me money?,50
my friend deposited 100 into my account but it is not showing up!,6
i don t see the transaction i made to a friend on my account.,66
why was i charged when taking out money?,19
please explain why my transfer attempt was declined. thank you.,27
what is the exchange rate?,32
i ve tried several times to make a payment and every time my card is declined? could my card be locked? i don t know what to do.,25
can another family member hold a card for this account in addition to mine?,39
why hasn t the transaction i did arrive yet?,66
why has my card payment not yet been applied to my account?,45
what s the process for getting a disposable virtual card?,37
how can i go about transferring money to my account?,65
i tried to buy something online but my funds were transferred back to my account. what is happening?,53
how do i change my aud into gbp?,33
how can i check for an unsupported merchant for my transfer request?,27
is there a reason why my account isn t updating because i used a check to balance my account?,6
can i choose what card i can use,73
i accidentally blocked my pin. how do i reset it?,49
my card got charged twice for the same thing!,63
where can i have a virtual card,40
what is preventing me from adding a specific beneficiary?,7
the exchange rate was wrong in the foreign country i got cash in.,76
the wrong exchange rate applied to my cash withdrawal.,76
how many transactions can i make with a disposable card,37
i prefer to get a mastercard.,73
what other currencies are available to change to?,33
to receive money are there charges?,56
how do i get started when i get my card?,38
when did i get a 1 extra fee on my statement?,34
can i top up using an international card,57
how do i add a new card?,13
i haven t received the money from the check i deposited.,6
i already made a transfer and want to cancel it how do i do that?,8
why is my card payment pending?,45
i can t be sure but i think that someone may be using my card.,22
i normally have no issues making transfers so why am i suddenly being told it is not possible?,7
can you please assist me in completing a transfer? i m trying and i keep getting an error. i m trying to purchase a flat and pay the initial mortgage payment. all i keep getting is an error. can you find out what s happening here?,35
my card info was stolen what do i do?,22
my top up keeps showing pending? how long will things be like this? days weeks months? i need the money quite urgently for an important coffee purchase can you please let me know when top up will work?,47
what do i need to do if the atm kept my card?,18
my cash balance less than what i thought,75
why didn t i receive all the cash i requested?,75
which currencies will you exchange?,36
the machine gave me the wrong amount of cash.,75
i am entering my passcode but getting an error.,44
atms which ones will accept this card?,3
why didn t my transfer get to the recipient?,66
could you tell me what your exchange rates are?,32
can i get a card even though i live in the us,24
i would like to know how to transfer money into my account.,65
could i please cancel my transfer i paid it into the wrong account. i need to pay it into the right account by tomorrow.,8
what exchange rates do you offer?,32
why was my cash withdrawal cancelled at the atm?,26
why doesn t it show that i did a balance transfer?,5
what currencies is an exchange rate calculated in?,32
help! the app says i took out cash but i didn t!,20
what is going on? my top up is still pending. i use your system all the time but now it is just showing as pending.,47
i would like a temporary virtual card,37
i noticed a duplicate charge on my statement.,63
i have a payment that has not gone through yet,45
what do i need for the identity check?,69
how would i use my money in a different country?,33
are there virtual disposable cards?,37
hi please help me as i have transferred some amount but receiver did not get the same amount. he received a bit less. due to this again i need to transfer the difference. i have transferred money but beneficiary s account is credited with less amount. now i have transfer the difference of the amount. i think there is some issue could you please look into this.,64
why is there a 1 charge on my statement?,34
i still haven t received my card after two weeks is it lost?,11
can i get a new card with new expiration date in china?,9
do i have to pay for exchanging currencies?,31
can you tell me what i need to do for the identity check process?,69
i paid with card and i think there was a fee applied.,15
what should i do if i ve tried to enter my pin too often?,49
i requested a refund from a seller a while ago but when i check my statements it doesn t show up. can you help me get my refund.,51
how many days does it take until funds are in my account?,67
my atm got stuck and i m not sure what to do.,18
what is the system for determining the exchange rate?,32
how can i put more money into my account?,58
i need to know why my credit card was declined for top up? what is the deal here and why did it not go through?,59
i am required to make several disposable cards every day.,29
my top up isn t working.,59
i have been overcharged.,63
i have a strange transaction on my account which appears to pertain to a cash withdrawal i made outside nandos in leeds. what is that for? is it fraud?,19
if i want to exchange currency will there be extras?,31
how long do bank transfers take to clear,5
how long does it take to activate the card as it does not look like its working?,0
why is the exchange rate different on my recent purchase?,17
how can i tell if there is a top up limit?,60
what are my payment options for topping off my account?,58
i don t understand why my payment was declined. i thought everything was ok.,25
what is the amount of disposable cards i can have?,29
what flat currencies do you use for holding and exchanges.,36
i see a charge for a direct debit that was not me.,28
what s the limit on total number of cards i can have?,39
how do i make contactless work,23
what stipulations do disposable cards entail?,29
how can i reset my darned pin number?,49
a transfer has been made in my account that i need to cancel. this was a mistake on my part and i hope we can get this resolved quickly.,8
my virtual card isn t working.,72
my card does not work,14
someone else charged my card!,28
my top up was rejected. why?,61
please explain the fee on a transfer i made.,64
i m waiting for my transaction to complete.,66
can i use google pay for topping up,2
please help in finding my card pin thank you!,38
for adding money which currencies do you accept?,54
am i able to get this shipped to china?,9
is there a reason my new card hasn t arrived yet?,11
should i contact customer support if i can t edit details,30
my pin is unlocked what do i do?,49
what is the source of the money in my account?,70
a transfer has to be cancelled.,8
how do i check security settings on my card?,14
i urgently need to top up my card but its getting declined. please help me in this or advise with other options if any.,59
this is the first time i ve tried to get my money out of an atm and it didn t work. please give me my money,26
what is the delivery time to the us?,12
i saw a payment come out of my account for a merchant i don t remember.,16
is there a limit on top ups?,60
what are the charges if i exchange foreign currency?,31
i m confused as to why my transfer is still listed as pending on the website.,48
is it possible to change from usd to gbp with your app?,33
i have never been charged a card payment fee before. why did this change?,15
i have a fee listed for a transfer.,64
where do i get a disposable virtual card?,37
how do i start auto top up?,4
why did i have to pay extra because i paid with card?,15
i deposited a check a few days ago and it s still not gone in! please help me with this,6
can i resent my passcode?,44
why are the things i bought earlier today still showing as pending?,45
how do you determine your exchange rates because one of yours was off when i got cash,76
i was checking my statement and i think one of my card payments has reverted,53
how come my card doesn t work anymore?,14
i need to transfer some money to a friend who is in urgent need of some fast cash. how long will it take before she can use that money?,66
how much does currency exchange cost?,31
my transaction is on the wrong account.,8
are there fees for top ups?,57
i think my identity has been stolen can you check on unauthorized charges?,22
currently my card is broken.,14
i was charged twice for a few things this week when i only bought one. what do i do?,63
i didnt get the correct exchange rate for getting cash,76
can you find out why my credit card didn t process payment? it was declined for top up so what s the deal?,59
why can t i transfer to an account?,7
i ve forgotten my passcode. can i reset?,44
your exchange rate is totally wrong for my card payment,17
the atm keeps declining my transaction . i tried two different atms already would you please check if everything is okay with my account?,26
how does my statement get updated so i know when a refund will reflect on my balance,51
i noticed that my card was charged more than once for one thing.,63
with my new card how may i activate it?,0
i want to get an item refunded,52
i just replaced my phone so do i have to make a new account?,42
is there a reason why top up needs verifying?,71
the exchange rate is incorrect for my payment.,17
how do i receive my physical card,43
my product hasn t arrived even though i ordered it a while ago. i want a refund!,52
how can i get my physical card to work?,14
i don t know my password,44
when i exchanged currencies the value of my money changed.,76
is there a fee to make a transfer?,56
i am seeing a weird payment showing up that i know i did not make how can i get it cancelled?,28
i wasn t charged the correct exchange rate for an item i purchased.,17
i want to top up by card,62
why did you decline my transfer?,27
where can i pay with my card?,10
what will i be charged for a physical card?,43
when are cards delivered?,12
where do i go to edit my personal details on my account?,30
why is my transfer still pending?,48
i stupidly initiated a rent payment from the wrong account yesterday. it can t be paid from that account but it really needs to get paid on time. am i able to move the payment to the right account?,8
after trying to update my account balance yesterday by cheque it doesn t seem to working. shouldn t the process be quicker? i need my account looked at because there appears to be a problem.,6
i attempted to get cash but was declined.,26
why was my top up unsuccessful?,59
how can my new card be renewed?,0
if i ordered my new card last week how much longer should i wait to receive it?,11
i can t find my pin anywhere.,38
what do you charge to top up us cards?,57
i have a transaction and would like to know if i it s cancelable?,8
can you tell me more info about virtual disposable cards?,37
is there a way to order a virtual card on the website?,40
why wouldn t you support american express? its a card i like and use often and i don t want to get a different one,54
do you send duplicate cards?,39
hi i am on vacation in spain and someone stole my bag with my phone and wallet with cards and everything. can you block it asap and then i want to order a new one also asap.,41
does it cost to add money to my card?,57
how can i make my card active?,0
i can t find any option to top up with a cheque?,58
how do i exchange currencies using this app?,33
i sent a cheque a few days ago and nothing has happened to my account yet. can you please check on this for me?,6
make my account go away,55
can i use apple pay to top up?,2
someone stole my phone yesterday is there anything i need to do?,42
why do i see an extra fee on my statement?,34
hi i made a transfer from france two days ago and thought it would be here by now. can you give me an update please?,5
how come i can t find anywhere to load using cash,58
my card arrived but i don t know how to get my pin.,38
i ve already tried 5 times to complete a transfer that s just standard. what s the deal? is your system down at this time?,35
when will my cheque process?,6
please explain why my top up hasn t been processed yet?,47
can someone assist me with explaining how i can unblock my pin?,49
what are the exchange rates?,32
i ve been waiting for a pending transfer to go through for a while now and don t see any reason why i ve been waiting this long. i know that i have the correct account details so that isn t the problem.,48
why has my top up been cancelled,61
how long will a transfer from the us take?,67
please help! i was looking at my account and saw a transaction with a seller i don t remember. is it possible for you to track the sale because i really don t think i made a payment to them.,28
i believe my card payment were reverted,53
a payment i didn t do shows in my app,16
i ordered something and now i have buyer s remorse. since what i ordered hasn t come yet can you just cancel the payment since i already know i want a refund for it?,52
i recently made a transfer that i would like to cancel,8
what are the steps for my friend to send me money?,50
the atm ate my card how do i get a new one?,18
why is there a direct debit set up in my name?,28
is there an extra fee for using an atm?,19
what fee will be charged for exchanges?,31
how do i get my cash withdrawal to show?,46
i bought something in a foreign currency but the rate applied is wrong!,17
if i wanted to make a change from gbp to aud what is the process?,33
i want to reverse my transaction from earlier,8
is there a auto top up option?,4
my virtual card has not came yet!,40
how come my disposable virtual card used to pay for a gym subscription got rejected?,72
my payment had a wrong exchange rate.,17
what is the maximum for top ups?,60
i would like to change my personal details.,30
why hasn t my payment gone through?,45
how do i use disposable cards?,37
what do i need to do to get my new card which i have requested 2 weeks ago?,11
can i change my pin on holiday?,21
i m looking for the option to top up by cheque.,58
what is the verification process for a top up card?,71
i would like to cancel my previous purchase.,52
i am not able to use the app since i forgot my phone at the hotel i was staying at.,42
there was an extra fee when i paid with my card why was i charged this extra fee?,15
i don t know where this debit transaction on my statement came from.,28
how can i check to see where my funds come from?,70
a wd was just made on my account but it was not me and i still have my card. what to do?,20
do you charge for making a withdrawal? i took some money out of my account earlier and i was charged for this.,19
what s the fee for exchange of foreign currencies?,31
i can t transfer money from my account.,27
it is extremely important that i cancel the transfer i made yesterday and put the money into a different account. is this possible?,8
show me the source of my money.,70
my card would not work at a shop.,25
i tried updating my balance by cheque yesterday but it doesn t seem to be working. shouldn t that be faster? please check my account something has gone wrong there.,6
why isn t my balance updating? i did a bank transfer and it isn t current.,5
i want to know how many different currencies my money can be in,36
i draw out money from your atm during holidays and was charged insanely. i wouldn t have done it if i had a little sense about the shocking charges.,76
my contactless is non functional.,23
hi i have been transferring money to my friends since morning but all my transactions were getting failed. can you please look into this issue.,35
what are your exchange rates at?,32
will it cost extra to add money to an international card?,57
where do i go to terminate my account?,55
why did you give me so little currency?,76
are there any restrictions on where i use this card?,10
where is the auto top up option?,4
how do i get my paycheck through this?,50
can i get money out of any machine?,3
can friends send me money?,50
for sepa transfers what kind of charge will be applied?,56
i just deposited cash to my account and can t find it!,6
what atms will allow me to change my pin?,21
i just looked over my statement and i don t recognize the name of a card payment.,16
i made a rent payment from the wrong account yesterday. it absolutely has to go through tomorrow so can you please reroute the payment to the right account?,8
why is there a charge for my transfer?,64
can i transfer my paycheck to the account?,50
how do i link my replacement card?,13
why is my transaction taking so long to complete?,66
how can i check the source for my funds?,70
can i make a withdraw in my home currency at an atm? i m on vacation and don t have cash with me. this is cause for a bit of concern. is it possible to withdraw here without additional fees?,76
can i do a transfer with swift,56
it didnt work when i tried to pay contactless at the bus today. why?,23
i want to return an item.,52
the correct amount of cash was not received.,75
how much do i have to pay if i want to transfer money?,64
my plans may change so i may need to change from gbp to aud.,33
can i add a card that i just found again to the app?,13
the currency exchange rate was wrong for a purchase i made.,17
i keep trying to make a payment but it doesn t work.,25
i can t find my card it is lost.,41
can you please assist me in apple pay in getting top up to work?,2
is the closest atm to me within 2 miles?,3
can my pin changed remotely without visiting a bank?,21
i think the rate that was applied to my purchase using foreign currency is wrong. help!,17
my cash withdrawal shows pending why?,46
how long will it take to deliver something to us?,12
i would like a physical card,43
what is the most amount of disposable cards allowable?,29
please explain how i use the disposable cards?,37
my actual card isn t working.,14
when will i receive my card?,12
can i track the card you sent to me?,11
can you check about unauthorized use of my card i think someone is using mine without my knowledge?,22
tell me more about getting a virtual disposable card.,37
i noticed my transfer was declined.,27
why isn t my virtual card working?,72
i didn t get the right amount of cash because of the exchange rate.,76
do i have to go into the bank to change my pin?,21
the atm is declining my card. i tried at two different atms. can you tell me if there s anything wrong with my account?,26
do you charge for sending more cards?,39
can i change my pin at an atm?,21
if i were to do a transfer what is the rate for that?,56
why are my transfers getting declined? i havent had a problem in the past.,27
what is the verification process for my card?,71
i transferred money to another country several days ago but my transaction is still pending. i have checked that the accounts are keyed in correctly. what sees to be the problem?,48
how do i replace my card?,9
i could not access my money at the atm,26
what type of card can i use to top up?,54
cancel transaction,8
card is lost please help,41
i believe my money did not go through with my top up was there a problem on your end?,61
so the transfer finally worked but now it s been pending for quite a long time. how long do you expect me to wait for it? it s quite urgent,48
can i reactivate a card?,13
my top up was reverted why did this happen?,61
i already have an account. why can t i use it unless my identity is verified?,74
what do i do when i get close to the expiration date of my card?,9
why should i verify the top up?,71
what is the youngest age in order to have an account?,1
why was i unable to do a transfer?,27
do you allow currency exchanges?,36
i did a transfer earlier but see that it failed to go through.,35
please tell me why i can t have the funds i deposited a week ago? i need the money now.,6
how long with my cash withdrawal stay pending for?,46
is it a good time to exchange?,32
where is the money i topped off with?,47
is a physical card also available,43
how long does it take for a new purchase to stop being considered pending?,45
where can i reset the passcode?,44
someone transferred money to me and it doesn t show,48
i was charged extra when i made a cash withdraw why?,19
tell me what the steps for the identity checks are,69
it seems that the rate i got is incorrect.,17
what is the purpose of the extra fee that is showing up on my statement?,34
would it be possible to open up an account for children?,1
what is the reason my top up is still pending?,47
please tell me how to verify my top up card.,71
my card is lost! what do i do now?,41
how do i top up my card using your app? i m new to this.,62
how long does a transfer take?,48
my withdrawals were going smooth until i got declined today. what is going on?,26
why do i still have a pending cash withdrawal?,46
how do i change my name after marriage,30
what s the youngest i can be to open an account?,1
i have one of your cards but i don t know how to link it.,13
how do i enable auto top up?,4
i was just needing to know why my card got declined,25
do you accept visa or mastercard?,73
i have been charged a fee for paying with card,15
my card will expire soon do i need to order a new one?,9
what atms use this card?,3
i would like to know how my friend would be able to send me money,50
i deposited cash into my account why do i not see it?,6
the app wouldn t accept my top up.,61
can you send me the actual card?,43
i must quickly transfer something from china and i need to know how long it will take.,67
can you help me process a refund?,52
i entered a typo when i was transferring money and now i ve sent it to an incorrect account. this is so bad! i need it cancelled now.,8
is there a way i can get my card expedited?,11
can you tell me where to find top up by cash deposit?,58
is american express accepted?,54
my card doesn t work when i use it.,14
can i change my pin through the app?,21
i accidentally chose to exchange gbp but i need to pick aud. how can i change it?,33
why was the transfer declined?,27
the exchange rate you re using is terrible this can t be the official interbank exchange rate can it?,17
i am traveling to germany will i be able to use my card there?,10
i had cash transferred but the balance did not change.,5
i can t add any more money.,59
how can i transfer money from an outside bank?,65
three months ago i bought a new house for my cat fluffy. unfortunately fluffy was not a fan of the house and it had to be returned to pet smart last week. they said they have sent a refund but it s not there can you tell me where it is?,51
i want to know where my money comes from.,70
is there a problem that makes my payments show pending?,45
what steps must i follow to get a visa credit card?,73
i thought transfers were free why was i charged a fee?,64
there is an error the app says i made an atm withdrawal and i didn t.,20
where do you support?,24
my app is displaying a payment i didn t make,16
tell me how to verify a top up.,71
the applied exchange rate is wrong for the cash i got abroad.,76
can i deposit money using apple pay?,2
why would i get a decline message in a transfer?,27
what is the process of card activation?,0
lost my phone what is account security?,42
how can i use american express to add funds to my account?,54
what is the 1 transaction on my account?,34
i topped up recently and saw the money go through but now it s just gone? what s going on,61
my card payment has been declined why?,25
card payment was declined do you know why?,25
can i choose between mastercard and visa?,73
can you let me know why my cash withdrawal is still pending?,46
why do you verify the top up,71
there are transactions that i don t recognize. what do i do if i think someone is using my card?,22
my account shows that i made a cash withdrawal but i cannot remember doing so!,20
i tried to get some money but the machine was not working .the transaction still seems in progress! can you please check what s going on.i don t want to be charged for money that i did not received.,46
i m not sure why my card payment was cancelled can you find out why?,53
why is my transfer pending when i already made it?,48
earlier today i took money out the atm. after checking the app the amount is so much higher than the amount i received.,75
when will my card come? i need it as soon as possible!,12
how long does it take for a money transfer to show up?,48
hi i tried to top up my card today and it did not work. i have tried it in the past and it worked just fine but it won t do it anymore. can you help me out?,59
i tried using a virtual card for a hotel but it didn t work why not,29
could my daughter open an account?,1
could it be that i deactivated my card its not working?,14
do you work with all fiat currencies?,36
i was removing a dollar amount from my account and now don t have access to my card.,18
there is a strange charge on my debit statement,28
i m concerned about a payment that has recently been made on my card. i do not recognize the name that the transaction went to can you help me?,16
what is needed to prove my identity?,69
can you tell me where can change my pin?,21
my card is being declined online. could you tell me what might be broken or wrong with the account?,27
how do i activate my card that just arrived?,0
will my friends be able to top up my account?,62
what do i do now my credit card has been swallowed by the atm?,18
there is a strange payment on my statement. what should i do?,16
there are a couple payments with my card displayed in the app which i didn t make. what is happening? maybe someone has access to my card.,16
can you tell me the status of my new card?,41
why did i have to pay an additional amount when using my card to pay?,15
looks like my card payment was duplicated after all. i went to pay at the store earlier got declined once second time it works. app still stays pending for one of the payments. can you remove one of them as it s wrong and clearly was declined?,63
there is something wrong with my card. tried to use it a few times today in different places and it just didn t work. the transactions i tried to make were really small so not sure what s going on,14
fix my contactless,23
my card was working but now it doesn t.,14
what are the reasons that my mortgage payment won t go through? i m getting an error and don t know how to correct to get this transfer to go through.,35
what s the limit for auto top up?,4
how do i avoid getting charged a fee on my card?,15
i lost my phone! will my card still work?,42
can i verify my identity i the app,69
i need to stop a transaction that i made.,8
i am still waiting for a transfer to show,48
was my transaction reverted with my card?,53
what do i need to do to cancel a transaction?,8
i can t withdraw any money from my account. ive tried a couple different atm machines and both of them wouldn t give me my money. what s going on? is my account frozen or something?,26
what do i do if my card gets broken?,14
how can i find a way to transfer money without it being rejected?,27
what is the main reason of this problem,14
is there any fees associated with receiving money with this account?,56
is it possible to have both a visa and a mastercard from you?,73
can i change my pin without going to a bank branch?,21
what form of payments can i use for topping up?,58
where do i find my card pin?,38
how can i top up my account with a cheque?,58
my account shows a direct debit charge that i have never seen before,28
can i receive payments in another currency?,50
when can i expect the transfer to arrive in my account?,67
what is your shipping policies for cards?,12
can you help me track my card?,11
can i change my pin on my phone?,21
how come my cash deposit is not showing up. this can t be right. there must be some mistake. where did my cash go. you better not have lost it as i need this money asap.,6
my top up did not show up as shown and my money has disappeared can you help me fix this glitch problem?,61
i tried to top off using the card but the money just disappeared?,62
what do i need to do to change the address on my account?,30
i have a transaction showing up multiple times.,63
there is a 1 charge that appears as pending on my statement. what is that? i haven t purchased anything for a pound there.,34
is this app capable of exchanging currencies?,33
what is your maximum top up limit per day?,60
what should i do if my card doesn t work?,14
what can i use to verify my identify?,69
how old do i need to be to get an account for myself,1
i got less cash because of the exchange rate.,76
is there a fee for adding funds with a credit card?,57
i am locked out from entering my pin.,49
why am i being asked to have an identity check,74
is there any way to verify who i am?,69
after i attempted a transfer it failed.,35
my transfers keep on getting declined. my card was working fine up until now however it has suddenly stopped working. why is this?,27
i want to inactivate my account.,55
looking back on my transactions from a couple of months ago i have noticed a charge that is fairly large that i m certain was not completed by me. i know it has been a while but can i please dispute this charge?,28
i tried topping off my account with a card but the money is not in my account despite the charge going through,62
i m still expecting the transaction to be finished,66
there s a payment in my history i don t recognize,16
why is my atm withdrawal still pending?,46
i would like to exchange currencies but is there an extra charge to do so?,31
i recently made a payment and it is showing up in my account as pending . what does that mean?,45
my transfer got declined.,27
can i transfer my payroll to the bank?,50
why was i not able to complete a transfer?,35
how do i verify the top up?,71
can i get a physical card,43
is it possible to open an account for my children?,1
i am not happy with your service and request that my account be terminated!,55
my money disappeared right when i tried to top up,62
my cash transaction isn t showing on my receipt,66
does a us transfer take long,67
are swift transfers available at this bank?,56
my top up was rejected by an app.,59
i am still waiting on my card?,11
if i will be traveling is there a way to auto top up my card on certain days?,4
why do you keep declining my payment? i tried several times already with this card and it s just not working,25
why hasn t a transaction i did to my friend arrived yet?,66
which countries can i change my pin in?,21
do my kids have to be a certain age to use this service?,1
why did i get a fee from the atm?,19
i need a new card my old card is expiring.,9
how to activate google pay for top up?,2
what will i need to verify my identity,69
is my pin the same thing as my passcode?,38
what kind of cards an currency do you support?,54
my things were stolen and i need to know if i can still use this app.,42
in what increments can i top up my card?,4
i bought something but now i would like a refund. how do i do that?,52
i misplaced my phone so i can t use the app! does this mean i can t use my card?,42
i need to transfer money into my account and i don t know how to do that.,65
my statement shows a 1 purchase pending. i do not remember making this purchase please let me know what this is about.,34
how long will it take for my top up to work? it s still pending,47
any fee for topping up?,57
i have a disposable virtual card. is there a limit to how many times i can use it?,29
i put money into my account for the minimum balance but the application didn t accept.,61
is it possible for me to set up separate accounts for my kids?,1
how do you check my identity?,69
i got charged and extra fee when i transferred money so why was i charged?,64
i found my card i would like to reactivate it.,13
will i be charged for topping up by card?,57
hello. i just noticed i was charged two times for a restaurant i visited this week. can you reverse the additional charge?,63
i put some cash into my account but it s not displaying that on my balance.,6
i need this item refunded,52
is there a limit to using a disposable virtual card?,29
let me know when i get charged extra for payments. i saw on the app a fee i wasn t forewarned about.,15
i need your help immediately. there is a 500 cash withdrawal that i know nothing about. i think my account has become compromised.,20
i wanted to top up my account and it doesn t look like it worked,59
can you tell me what the transfer policy is?,56
is a non electronic card available as well,43
which atms take the card?,3
can i track when my card will be delivered?,11
do i get charged if i am receiving money?,56
does your app allow currency exchanges between usd and gbp?,33
i think that somebody is utilizing my card without my authorization!,22
i payed with the card and there was an extra fee?,15
is it possible to give a second card for this account to my daughter?,39
can it add money every so often automatically while i travel?,4
while abroad i got cash and the exchange rate applied is wrong.,76
i am wanting to refill my card is there a charge?,57
what is going on? i have checked over and over and the details of my account are right. why is my transfer still pending? it s 2018 not 1818. transfering money to another country can t be that hard.,48
i tried activating my card and it didn t work,0
how can i track card you sent,11
why can t i withdraw cash from this atm?,26
can i deposit a check here?,58
are there any specific cash machines that i have to go to in order to change my pin?,21
where is my virtual card located?,40
why hasn t my money transfer shown up yet?,5
where did my money go? i m not able to withdraw it from my atm.,26
i have a contactless that s broken.,23
in the app how can i make it show the new card that arrived?,13
i had a decline on my card. why?,25
my app says i withdraw funds from my account through an atm.,20
my phone was taken yesterday what should i do about my account?,42
can i edit my personal details?,30
why does the app show a direct debit payment that i did not authorize,28
when will i see my new balance after making my bank transfer?,5
where can i deposit cash to top up?,58
is there a way to link cards if i have one of yours?,13
my card is no longer lost. how do i enter it back into the app?,13
how to verify my identity,74
will my card be here soon?,12
do you know if there is a tracking number for the new card you sent me?,11
is the fee with my cash withdrawal a mistake?,19
the cheque i deposited isn t showing in my account,6
do any of your machines provide cash from my home country? i don t have any money on me and i m on holiday so i m concerned. also will i be charged anything to do this?,76
i see cash in my app but i did not get it.,20
how long do i wait for a transfer from the united states?,67
can i still use my account even though the identity verification has not passed yet?,74
how do i get a card if i live in the us?,24
the transfer to my account was not allowed.,7
i transferred some money but it hasn t arrived yet,5
my transfer appeared not to work.,35
apparently i went out today to use my new card and was informed my payment was decline. this is really embarrassing what happen?,25
i got a new card and can t find where to link it.,13
how can i get cash back? the atm just gave me the wrong amount that i ve been actually charged though...,75
the expiration date for my card is coming up how do i get a new card?,9
is it possible to top up using a cheque?,58
i look but i see no virtual card. why is that?,40
some cash has been withdrawn but i didn t do it.,20
want to know where funds come from,70
there is a payment with my card which i definitely did not make by me .never seen that it before.,16
can i use a different currency with my salary?,50
i got some cash out of the atm over the holiday and it seems that i ve been grossly overcharged. i wouldn t have done that if i knew of these outrageous charges!,76
my card needs to be topped up.,62
i ordered my card and it isn t here yet. i need it asap. when can i expect to get it?,12
my card payments have stopped.,53
is it possible to deposit money in gbp?,50
there are some payments with my card that i don t know where they are coming from. just checked today and it s been since a couple days as well! what to i do? can i revert this retrospectively? my card needs to be frozen immediately as well!,16
can i cancel a transfer i made,8
i have a strange cash withdrawal in my statement,20
why was my account assessed a fee?,34
what happened to the transfer i did?,5
is there a charge for cash withdrawals? i always thought it was free.,19
i d prefer to use my american express when putting funds into my account.,54
i attempted to withdraw some money from an atm this morning and received the wrong amount. your app says i have enough money available in the account. can someone tell me what s wrong?,75
there is an unauthorized payment in my statement.,16
is it possible to get one of your cards in the european union?,24
an unauthorized payment is in my app,16
what do i do if my pin was blocked?,49
what is the reason i got rejected for using my disposable virtual card to pay a subscription to the gym?,72
i would like to terminate my account.,55
i need help making this transfer. i keep getting an error. i m trying to purchase a flat but i need my mortgage payment to go through first. can you help?,35
can i top up by cheque?,58
can you tell me why my card isn t letting me make purchases online? it s been 2 weeks i ve been trying.,53
in the app i see a withdrawal i didn t make.,20
i need to use a european card for a top up what will the charge be?,57
will there be a charge for exchanging foreign currency?,31
hi need your help for getting the refund or cancel the payment of an item i have ordered but still have not received it.,52
does it cost anyting to get my own card?,43
can i use my card in austria?,24
why are my payments showing pending?,45
please tell me which fiat currencies you support.,36
i m not quite understanding why my cash withdrawal is showing as pending.,46
help me. my card doesn t work.,14
apple watch top up help please?,2
i am confused why there is cash i did not accept in my account,20
why is it saying i have a pending payment?,45
wheres my money receipt,66
i don t know what pending transaction means.,45
i only made one transaction at this place but it s appearing multiple times.,63
why was i not able to complete my transfer?,35
how many disposable cards per person?,29
my card is not working when i try to use it.,14
are cards delivered to my location?,43
please help me. i am still waiting on a refund.,51
i don t have my card after 1 week. what are my next steps?,11
i returned an item but don t see it on my account?,51
instructions for activating card,0
is there a fee to get an actual card?,43
can you top up a card with a cheque?,58
my phone was left at a hotel and i can t access the app.,42
i moved can i edit my personal details?,30
can i use a transfer to receive my transfer?,50
where can i see the refund in my account,51
what do i use to verify my identity?,69
do you have a list of cards and currencies you support?,54
why isn t my google pay top up working?,2
how can i change to another currency?,33
where do i find a virtual card?,40
is there a way to lookup where funds came from?,70
why didn t my card payment work?,25
why am i being told this transfer will not go thru,7
what are the reasons why a card payment would be declined?,25
is there a fee when you pay with your card?,15
i sees some suspicious spending on my credit card that i don t recall i had made. what should i do?,22
i ve just got married and want to change my name.,30
does google pay offer a top up option?,2
my money transfer has not arrived.,66
i deposited money but my balance hasn t been updated yet.,6
i can t figure out how to transfer money into my account.,65
what is the fee on my card payment?,15
what do i do to verify my source of funds?,70
is there such thing as an auto top up option?,4
i don t have a virtual card how do i get one?,40
i have a direct debit on my records that is strange and i need help.,28
will i have to pay extra to exchange money?,31
20 came out instead of 100,75
i did not do this payment,16
how can i obtain a virtual card?,40
will you charge me more if i use a european bank card for a top up?,57
hi i m in progress of purchasing a flat and am trying to make to make a payment. an error is appearing and i need assistance.,35
what exchange rate do you use?,32
there has a recent suspicious withdrawal on my bank account. is it possible to freeze my card?,20
my card s frozen what can i do?,49
can you explain what this random 1 charge is?,34
do you have an auto top up option?,4
what needs to be done to activate and use a card?,0
how can i change my information?,30
how do i find the refund on my statement?,51
this verifying the top up is annoying,71
my check or cash deposit has not shown up,6
i would like to top up with check,58
how fast are transfers from europe?,67
i m still waiting for my transaction.,66
can you tell me the countries you operate in?,24
the exchange rate for my payment last saturday must be wrong because i was charged extra.,17
where can i verify my identity?,69
i can t seem to make a standard bank transfer. i have tried at least five times already but none of them are going through. please tell me what is wrong?,35
i do not have my pin,38
transferring money using credit card,62
i just got my card and cannot get it to work.,0
my beneficiary is not allowed? why?,7
i wondered if multiple currencies is okay?,36
what is the process of obtaining a disposable virtual card,37
can you tell me why i can t make any transactions?,14
i would like to use one of my cards for a family member. is that allowed?,39
how do i open an account for my children?,1
i read about the auto top up function but can t find it in the app.,4
am i able to order a disposable virtual card?,37
cash has been deposited this morning but it hasn t came through.,6
why am i being charged when i withdraw cash?,19
google play top up help?,2
the app doesn t believe its me.,68
why have i all of a sudden been charged for my atm withdrawal? i thought the withdrawals were free because this is the first time i ve ever had this problem.,19
is there a way to reset my pin?,49
why would i receive an error that my transfer isn t possible when i ve done it before?,7
what does it mean if it says that my payment is pending?,45
why has my deposit in the atm not cleared yet?,46
can i use it all over the world?,24
when will the transaction post to my account?,48
why is the cash deposit not showing up in my account?,6
what should i do if the passcode doesn t work for me?,44
can you provide information for freezing my card immediately?,41
how long will it take to deliver to the us?,12
why is my withdrawl to cash still pending?,46
which atms accept this card?,3
my card information seems to have been stolen! i don t know where these transactions came from and i ve never even been to the city where they were made. i need my card blocked asap so this person can t keep using my card.,22
how long will it be before the person i sent money to is able to see it?,66
how long does a transfer take to reach one s account.,67
i took out cash from the atm but something must have went wrong my account shows the correct amount of cash i took out but the atm didn t give me that amount. how do i get my money back?,75
i tried to withdraw 100 all it gave me was 20.,75
can i get a disposable virtual card?,37
can you help me get rid of my account?,55
i ve just moved and i need to change my details,30
what ll it charge me for a sepa transfer?,56
i didn t receive the correct amount of cash when i exchanged it overseas.,76
i need to know where do my funds come from,70
i can not get the app to know it is me.,68
do all atms take this card?,3
is my card valid everywhere?,10
where can i located the auto top up function?,4
what do i do if a transaction shows up twice?,63
my money is gone. i had topped up recently and saw it was there but now it s disappeared what s going on?,61
my disposable virtual card got rejected,72
what currencies do you accept to add money?,54
how do i get a refund for something i bought?,52
i purchased something overseas and the incorrect exchange rate was applied.,17
i wish to close my account. i do not like the service you provide.,55
i got charged a service fee on my account. can it be waived since i didn t know about it before?,15
where can i get a new passcode?,44
how can i get my money that i didn t get from the atm?,75
in the app where do i find my card pin?,38
please tell me how you can stop unauthorized payments from being made on my card since on this bill i see that this has happened. there are transactions that i never made from a place i ve never been to.,22
where can i find my fund information?,70
i forgot my pin and am blocked now. can i reset it somewhere?,49
how long do eu transfers take? i bought something online a couple of days ago sent the money immediately online but the seller says it is still not there yet.,48
the withdrawal was declined i am unsure as to why this happened?,26
what is the extra fee i was charged when using an atm?,19
how come my transfer didn t work,35
what is the closest atm?,3
i need to update my demographics.,30
is there anywhere that a card cannot be delivered?,43
i made a purchase with my card and i was charged a fee for using it,15
what do you need so i can verify my identity?,69
i made a transfer from france a couple days ago and don t see the transaction yet. how long does an international transfer take?,5
i topped up my account and even though it was confirmed at first the money isn t there anymore! why did this happen and where did my money go?,61
in my statement there was an extra 1 fee,34
what is your age limit?,1
seems like my card payment has been cancelled,53
why have i been charged twice?,63
what are these disposable cards meant for?,37
what places will accept my card?,10
i think my card is stolen!,41
i would like to get both a visa and mastercard?,73
i ve received my card so now i need to know how to sync it to the app.,13
please explain to me how to know where my funds are from.,70
can i give my friends access to my account so they can top it up for me?,62
i won t verify my identity.,74
is there a fee for exchanging currencies?,31
a percentage fee was charged to my withdrawal.,19
what s my top up verification code?,71
what transfer methods do you accept?,65
is it possible to get a physical card?,43
my passcode won t work.,44
causes of top up cancellation,61
is it possible that my card payment was reverted?,53
how do i fill out the identity check?,69
i made a deposit of cash and check that has not been added to my balance.,6
hold old do my kids have to be to use the service?,1
a transaction to a friend still hasn t shown up.,66
this disposable virtual card is not working.,72
i know i m getting a new card but would like know when i can expect to receive it.,11
i ve tried numerous times to submit a transfer of funds. why isn t it going through?,7
hello. can you tell me if you use visa or mastercard?,73
how long do transfers from a uk bank account usually take for you? i just made a transfer and i m not seeing anything wondering if it worked,5
i am waiting on the refund,51
it won t let me verify my identity.,68
hello i see that i have been charged an extra 1 on my app. could you please provide me with a reason for this charge?,34
are there extra charges for exchanging currency?,31
hi i m trying to transfer money from one country to another but it s taking a long time! all the account information is right so why is it taking so long?,48
i m wondering how long it takes for my money to get to me after a bank transfer.,5
why can t i transfer money to a beneficiery?,7
i moved out of my old house two weeks ago and cancelled my direct debit to my old landlord this direct debit was working fine. now i ve moved in to a new place and set up a transfer to a new landlord but it s not reached her yet can you check it please?,66
i have a pending cash withdrawal,46
i would like a card please.,43
i need to add express delivery if that s an option,12
my card don t work.,14
how will i know when i can use the auto top up feature?,4
please provide me with the restrictions of the disposable cards.,29
my cash withdrawal is showing as pending why?,46
is there a fee for a sepa transfer,56
what fiat currencies can i use for holding and exchanging?,36
what s the problem? i thought you offered crypto top up. this doesn t appear to be working at all. my money has now vanished from my account.,61
how long does a transfer from the united kingdom take? i haven t seen it show up yet in my bank account and want to make sure i get the transfer.,5
i want to top up my account. what payment methods are supported?,54
hi. about two hours ago i made a transfer from my bank which is in the uk but i don t see it yet! would you check what s going on with it please?,5
can i top up automatically?,4
no refund showing in my statement.,51
can i top up using my cheque?,58
what is your currency exchange fee?,31
i m trying to transfer money into my account.,65
i have been charged more than i should for the presents i bought when abroad the problem seems to be the exchange rate.,17
i topped up but my money is not showing. why is that?,61
do i have to go to an actual bank to change my pin?,21
a wrong exchange rate was applied to a transaction made abroad.,76
i tried to get money out of the notting hill atm earlier but i wasn t able to get anything out. is there a problem with my card? it s the first time i tried using it.,26
can i verify my identity?,69
what happened to where my top up was canceled?,61
i am trying to make a transfer and am unsuccessful can you please tell me why?,35
what options do i have when topping up a us card?,57
google pay top up isn t working,2
i noticed a charge for a transfer. why is this? is it because i did an international transfer?,64
why did i get less cash than what i asked in the atm?,75
how and where can i find the identity checks?,69
my friend wants to send me money can she?,50
i just made a top up but it shows as pending! i use your service all the time and have never had a problem before. why does it keep showing up as pending?,47
what do i need to do to link my new card for my account?,13
on what do you base your exchange rates?,32
how long will it take for my transaction to be completed?,66
i received my card but not my pin.,38
tried using my atm card earlier at one of your locations for the first time. it didn t work. what is going on?,26
where is this card accepted?,10
what currencies does google pay top up accept?,2
my pin tries have run out. now what?,49
how do i top up my account using transfer?,65
i have no idea why but my transfers keep getting declined. i have double checked all the recipient details several times already and they re definitely correct.,27
i think the atm ate my card.,18
are you able to locate my card?,41
i think the currency exchange that s been applied is wrong.,17
from which age can my kids use your service?,1
you will hear back from us about your verification results in 10 minutes to a one hour timeframe. if these verification results do fail please double check to make sure your images are clear and have no glare or blur your photos need to be fully readable. you need to be 18 years of age or older and a resident of switzerland or the european economic area to create an account.,68
i am having issues using contactless payments could my card be damaged?,23
i would like to know why my purchases from this morning are still pending.,45
i finally got my new card and was very excited to use it today. however my payment kept declining. what is happening?,25
can i request a physical card?,43
hey a seller just contacted me that my money didn t come through. it was definitely deducted from my account but now it appears it s back with me! sort this out asap please.,53
i think the exchange rate for my for my cash withdrawal is wrong,76
do all businesses take this card?,10
i am confused as to why my transfer could still be pending.,48
i was charge a fee for my transfer why?,64
my money didnt go through after i transferred.,7
i got a message that my transfer was declined.,27
how to order my card?,43
why is there an extra charge for money that was withdrawn?,19
hi! a seller that i requested a refund from a long time ago has yet to send the money into my account even though i keep checking it. can the seller be contacted by you guys to see what s going on?,51
transfer was declined could not complete request.,27
how do you determine exchange rates?,32
my identity can t be verified.,68
do you support countries other than mine?,24
what should i do if i think someone is using my card.,22
what us credit cards do you accept?,54
can i get paid in a different currency?,50
do i have a limit to the number of top ups per day?,60
i didn t know i was going to get charged to use my card.,15
can i get paid for this in another currency?,50
will there be any extra fees for european bank card for top up?,57
can you tell me if there are limits to disposable virtual cards?,29
what all currencies can be exchanged?,33
the top up verification code is missing,71
what happened to my cash deposit?,6
i can still see money in my account after making a payment,5
what is the fee for topping up by card?,57
several items i have charged this week are appearing twice. please review my statement and remove any duplicate charges.,63
i didn t get all the cash i requested for at the atm,75
i got less cash at the atm than i asked for. why?,75
from where can i withdraw?,3
my purchase used the wrong exchange rate,17
how can i transfer money to a beneficiary?,7
i am unsuccessfully trying to make a transfer can you help?,35
am i the only one who can top up my account?,62
i am concerned about the security in my account and would like to make a dispute.,28
i am getting charged fees on some payments. please help me understand where are these fees disclosed?,15
i didn t receive the right amount of cash back,75
will i be able to get a disposable virtual card as well?,37
i am still waiting for my card after 1 week. is this ok?,11
why won t my transfer to another account work?,7
i need to reverse a transaction,8
do i have to verify who i am?,74
i want to top up by card what do you support?,54
where can i pay with my debit or credit card?,10
my identity verification hasn t passed yet is it possible to use my account?,74
what s the earliest time to receive my card?,12
i need to know your exchange rates.,32
why does my transfer say it is pending?,48
do you support top ups?,61
when i try and to buy something using my card it keeps getting declined.,27
do i need any kind of proof for the identity check?,69
help i was charged twice!,63
my payment was rejected,25
you can use it anywhere that accepts mastercard.,10
what is the cost for currency exchanges?,31
there is a direct debit charge on my account that i don t recognize.,28
the expiration date of my card is approaching .,9
why was i charged a fee for withdrawing money?,19
i have not received a refund.,51
when does my balance update for a transfer,5
what do i need to bring for identification?,68
was there a number to track that i could get?,11
what are the requirements to verify my identity?,69
if i m getting my identity verified what all do i need?,69
is it possible for me to get a virtual card?,40
i have an american express that i d like to add money to my account with.,54
i made a cash withdrawal but the pending status is taking forever.,46
could you please tell me your exchange rates?,32
what do i do about a debit on my account that i didn t make?,28
i am still waiting for a money transfer to show,48
the right amount of cash was not sent to me.,75
hoe do i use my credit card to transfer money?,62
can you tell me why the card payment came back?,53
i want to transfer from accounts in order to top up. what are the steps necessary.,65
i see a direct debit that i didn t authorize,28
can i get an account for my daughter?,1
i notice that i have a card payment that s been cancelled.,53
my job requires me to do a lot of exchanging currency and i was wondering about any possible discounts or lower prices.,31
when will my virtual card arrive?,40
help me close my account.,55
is auto top up available?,4
what happens if my card expires?,9
i have exceeded all my pin tries,49
my phone was stolen help!,42
do i have to verify my identity?,74
what is the number of days i have to wait for my europe transfer?,67
my card is going to expire what do i do?,9
i need to cancel a transaction immediately.,8
are their fee s for top ups?,57
how can i create a disposable virtual card?,37
need to deposit a cheque into my account,58
i did not have the right exchange rate applied to my situation of pulling out cash,76
i have a payment which has not been approved.,45
i don t know how to top up my google pay.,2
i sent payment with eu transfer and they still haven t received it. how long does it take?,48
how long will it take for the cash i deposited this morning to show up?,6
it seems someone used my card! there are a few transactions from a small town in the middle of nowhere that i definitely have not made! please prevent them from using it immediately!,22
how do i know what my pin is?,38
there is an urgent thing that i need to transfer from china. approximately how long will it take?,67
i need to order a new card as my old one will expire soon. can you tell me how to order a new one?,9
can i purchase extra non virtual cards?,39
i tried to withdraw cash from the atm machine and it did not work. can you tell me why?,26
i ve been waiting for a refund to show up and i don t see it on my statement yet.,51
how come you need to know my identity?,74
tell me the currencies that you support.,36
how long will a cash withdrawal be pending?,46
i see i was charged extra when i used the card. i am not sure why please tell me why.,15
i would like to know if i can top up with google pay.,2
can i use a credit card from the us to top up?,54
my cash withdrawal says pending why?,46
why are you charging me for atm withdrawal? it has always been free before.,19
i seem to have been charged to much for my holiday purchases the exchange rate is wrong.,17
i don t live in the uk. can i still get a card?,24
i ve made a transfer how long until the money reaches my account?,67
i could not do a transfer because it was declined,27
how can i get my card out of the damn atm?,18
my exchange went wrong. i swapped russian ruble for uk pounds and was charged too much.,17
if my card expires next month will i need to order a new one?,9
can you please advise if there is something wrong with my card? i have had multiple rejections and do not know the reason. thanks!,25
how long does it take for a refund?,51
can i top up an apple pay?,2
i got some cash at an atm earlier but now app is showing that i withdrew more than i did. help!,75
what is this random charge of one pound doing on my account?,34
am i limited on the amount of disposable cards i can possess?,29
i have tried to submit a transfer a couple of times now and for some reason it continues to be unsuccessful. do you know why this may be?,7
how can i close my account i don t want it.,55
i thought cash withdrawals were free? why have i been charged a fee? also how much is this fee?,19
my billing address changed and i need to update my information.,30
there are charges on my card from the past few day i am pretty sure i didnt make can you please freeze it for me? how do i get my money returned since it wasnt me?,16
i don t understand how to top up my account can you please explain the process?,65
how do i cancel a transfer?,8
how much does it cost to top up a us issued card?,57
how do i delete my account? i am dissatisfied with the service.,55
i got a notice from my app that i withdrew cash but i don t remember doing so. how do i fix this?,20
how long will my payment be pending?,45
can my password be reset if i do not have it?,44
how come i was charged extra when i withdrew cash?,19
how do i transfer something faster than normal?,67
i lost my card and need a new one will it cost me?,39
change currency,33
i received a declined message when doing a transfer,27
got only 20 when i tried to withdraw 100.,75
a payment on my statement is wrong.,16
i am not supposed to be charged a cash withdrawal fee but i was.,19
can i track my card while it is in the process of delivery?,11
why is my transfer not showing,5
i need my card delivered as soon as possible.,12
can i get some help activating my new card?,0
can i get a card if i don t reside in the uk?,24
what is the charge for paying with my card?,15
why won t cash come out of the atm?,26
there s a delay in my top up,47
what is the currency exchange fee?,31
i would like to change the the pin on my card.,21
do i have an option between visa and mastercard?,73
how long should i wait for the card to arrive?,12
atm apparently not working? couldn t access funds in my account?,26
can i verify a top up?,71
how do i know which payments i make will have additional fees? where can i find this information online?,15
i don t know my password anymore.,44
i m checking the app and i see a payment that s not mine.,16
i was charged for a cash withdrawal why?,19
how can i cancel my transfer?,8
what kind of atms would this card be accepted at?,3
if my card is about to expire do i need to order a new one?,9
is something wrong with my account my balance didn t change after i transferred some money,5
we want to start a college fund for my daughter.,1
i would like to change my name after marriage.,30
what type of card can i get?,73
i think there was an error in your exchange rate.,17
i am seeing a direct debit i wasn t aware of.,28
i would like to move money from one account to another to top off my account. can you explain how i can do that?,65
new customer and filling gas for the first time today not working,47
i m not sure how to provide my identity.,68
i relocated and need to change my personal details.,30
i don t see a money transfer yet,48
is there a money transfer fee?,64
do you convert to euro?,36
i think somebody made an unauthorized copy of my card. my account has a cash withdrawal for 500 that i did not make. please help.,20
there is an unexplained 1 charge on my statement can you please explain this to me?,34
i tried to pay with my card and it didn t work,25
i m using the app and i noticed a payment that i didn t make.,16
what do i do if i think someone has used my card without permission? i can see a few transactions i don t recognize.,22
when shipped to the us how long is delivery time?,12
what are the age limits for your service?,1
what can i use to verify my identity?,69
my top up doesn t work,59
i m interested in getting a virtual card. how do i get one?,40
is there a way to verify a card top up?,71
are you located in other countries?,24
what age do i have to be?,1
i have obtained the salary in gbp will it need to be configured?,50
how can i get additional cards?,39
is there any way to see my card in the app?,13
the transfer that i was trying to complete was declined. what was the cause?,27
how can i receive money from my friend?,50
can i use my card to withdraw from my account?,3
how do i fix a payment that was reverted,53
is the a reason why my transfer has failed?,35
please help me get a visa card.,73
can google pay be used for top up please help?,2
i m going to be away for awhile can i have it add money automatically in certain intervals?,4
how do i replace my card before it expires next month?,9
i can t get money out of the atm. is my card actually working? it s the first time i tried using it,26
can i get a card although i m not in the uk,24
even though i made a cash deposit i am not seeing it in my account.,6
i made a transfer and am still waiting.,5
what do i do to stop unauthorized transactions on my card? i was never in the place from which the transactions on my bill were made and i never made them. please help!,22
i am having trouble activating my card.,0
there s a payment with my card that i definitely didn t create. i don t know anyone by that name.,16
where can i use this card at an atm?,3
i have a strange direct debit in my statement,28
i need some help with identity verification.,69
i have tried using my card for the first time at the atm of notting hill to withdrawal cash but it didn t work. does this mean my card isn t working?,26
let me know what the steps for the identity checks are,69
the atm won t give back my card,18
i want my card i just received to show up in the app. how do i do that?,13
what locations can i top up with cash?,58
i can t make any transfers they won t go through the details are correct as i checked them. can you look in to this please?,27
where do i go to fill out the identity form?,69
can i use google play as my primary app to top up?,2
when will the card arrive?,12
i need help as fast as possible! i made a mistake on my most recent transfer can you please stop it before it goes through?,8
i have a 1 euro fee on my statement.,34
can you please tell me where my card is? i ordered it 2 weeks ago!,11
what happened to my top up? it s not reflected.,47
my app shows cash i didn t get.,20
my card is expiring how do i get a new one?,9
i have done a transfer within the country the day before yesterday but it s still not there yet. can you please check what s going on with that the account number definitely is the right one i ve checked that several times already.,66
is there somewhere i can send a check to add to my account?,58
i haven t been sent my new pin!,38
how can i tell what the limit is to top ups?,60
is my child too young to sign up?,1
i m pretty frustrated about a pound charge that keeps showing up in my account statement. it s listed in the app as pending it never changes and now i m thinking someone s hacked my account!,34
please help me get a new card i reside in the united states.,24
can i create a disposable virtual card?,37
help! i keep checking my account but my refund is not showing. i requested that a seller refund my money a while back but there is no money showing in my account. what can you do for me?,51
help me activate my new card.,0
how does on apply fora refund on an item he ordered? i ordere an item and have not received it yet so i want to cancel it and get a refund,52
the terminal i paid at wouldn t take my card. is something wrong?,23
can i unblock my pin using the app?,49
how can i tell if there will be a fee added to my payment or not?,15
how did you guys get your exchange rate?,32
where do my available funds come from?,70
there was a charge made on my card from a couple weeks ago and i don t remember making the purchase. nor do i remember the company itself. can we trace this at all to confirm if i did it or not?,28
which atm s can i use to make a withdrawal?,3
i think i forgot my passcode,44
if i exchange currency frequently can i get a discounted rate?,31
i attempted to deposit a cheque yesterday but the balance isn t showing today. is it still pending?,6
i would like to dispute a payment i didnt make,28
oh my goodness my card has been declined twice at atm! i tried two different atm but each one declined my card! can you tell me what s going on with my account?,26
where are the virtual cards?,40
i heard you have an auto top up option where do i find that?,4
should i just wait until the post office sends a change of address form?,30
i just realized i made the wrong transaction yesterday. would you please make it correct?i need it by tomorrow please.,8
i need to know the process to transfer money into my account.,65
i don t like your company. delete my account.,55
card delivery services? where?,43
i couldn t make a transfer because it was declined,27
i see that i have been charged multiple times for the same transaction.,63
how do i reverse a transaction on my account?,52
i ve already sent the money out and still have not received money in my account.,6
i am looking to delete my account. i m not happy with the service provided by you.,55
i have my residency in the us but i would love to get a card.,24
my card has been compromised. i see a bunch of online shopping charges that i didn t make. i need to freeze it immediately.,22
do i get a real card?,43
my card details could be stolen as i didnt make these transactions,22
what are my payment options?,54
my card was supposed to arrive but hasn t?,11
what foreign exchange rate will i get on weekdays and on the weekends?,32
i m not seeing my cash deposit showing up in my account.,6
is it possible to reactivate the card i thought i lost but found this morning in my jacket?,13
i see money go out that i didn t withdraw.,20
can i change my information?,30
still waiting on my new card,11
i didn t initiate a direct debit that i see on my account,28
why did i only receive this much currency?,76
why did i receive an error message saying that my transfer was not possible?,7
how can i exchange usd and gbp in the app?,33
i used foreign currency to buy something and i think the rate applied is incorrect.,17
when will the money from my bank transfer be available?,5
is it ok if i use both visa and mastercard,73
how much will i be charged for a cross currency exchange?,31
can i pick a new pin?,21
currently i can t get my card to work.,14
my card did not work at store.,25
i ve tried using my contactless in several locations today and it s not working anywhere. it seemed fine before. how do i get it to work again?,23
i ve transferred money before without issue but now i am encountering an error stating that it isn t possible. why is that?,7
problem with my top up going through,47
i haven t received my card yet how long does it normally take?,12
i deposited a cheque why isn t my balance showing that i did?,6
please help me unblock my pin which i put the wrong one too many times.,49
atm refused to give me money,26
i got billed an extra pound!,34
how do i change my address ?,30
can i get my paycheck through here?,50
what does a transfer cost?,56
is there a charge for using an european bank card for top up?,57
do you send more than one card?,39
is there a possibility to open an account for my sons and daughters?,1
what should i do if i think someone is using my card without my permission?,22
do you accept us credit cards?,54
my statement doesn t show that a refund has processed,51
is there any way to know how the transaction got on my account?,16
how come i got blocked for entering wrong pins?,49
where can i get my card pin?,38
i haven t received my pin yet. do i need to get it from you?,38
think someone has took money out with my card. what shall i do?,20
how do i get money from friends?,50
why did using an atm cause me to have an extra fee charged?,19
there is a payment on my card that i do not recognize. i ve never seen the name on the transaction before.,16
is there anything i need to do since my phone was stolen?,42
what other credit cards can i use?,54
i bough an item and the exchange rate was incorrect.,17
is there a reason my refund isn t showing on my statement?,51
i need info on activating my card?,0
someone might be using my card that is not me.,22
how do i get extra physical cards?,39
why didn t my transfer go through?,35
why isn t the transferred money there?,5
will you accept my other card?,54
i have been charged twice for the same thing!,63
what is the estimated time on an urgent transfer from china?,67
the rate applied to my purchase in a foreign currency was wrong.,17
i can not find my phone or it has been stolen.,42
can i order a disposable virtual card?,37
will i get a real card?,43
i really wanted to buy something online but seems the card is not working as the payment suddenly came back! what s going on here i ve been trying for a good week or two.,53
my top up isnt working,59
which fiat currencies are supported?,36
i contacted the seller and he won t respond. please just refund me my money.,51
why has my card been charged an extra pound?,34
how do i change my information?,30
i received my new card and tried using it today just to have it show declined over and over again. why is this happening?,25
how do i get refunded?,52
my transfer was rejected,27
how do i get refills to my card when i m traveling?,4
about two days ago now i made a transfer from france but it hasn t arrived yet. is it possible that the international transfer just takes longer?,5
is there a fee for withdrawing cash?,19
what is taking so long with my top up?,47
how can i delete my account?,55
i tried to send someone money but they haven t received it.,66
is there a way to revert a transaction?,8
why is checking my identity important?,74
is ordering a new card from china available?,9
how can i investigate a missing refund?,51
why hasn t my cash arrived yet from my cheque?!,6
i want to know about your refund policy.,52
please tell me why my top up failed.,59
it is common for an international transfer to take 2 days or longer? i made a transfer from france 2 days ago and i have not seen it yet.,5
will you accept a cheque to top up my account?,58
are extra cards free?,39
please help me as i am continuously facing the issue in transferring money to my friends as all my transactions are getting failed.,35
my top up for google pay isn t working,2
will i be fined for topping up by transfer?,56
can we skip verifying?,74
how do i cancel a charge?,8
i made a mistake on the last transfer i made who must i speak with to cancel?,8
why is my card payment still pending?,45
i was wondering whether exchanging currencies can be done on this app.,33
why does my statement show various transaction times?,63
how long does it take for something to be delivered to the u.s?,12
can i unblock my card using the app?,49
i think someone got my card details and used it because there are transactions i don t recognize. what do i do now?,22
why does my statement show a 1 charge on my account?,34
why did i not get the amount of money i requested?,75
if i need to cash foreign transfers how does that work?,32
what s wrong with my card? the clerk at the grocery store said it was declined.,14
please stop my purchase.,52
i tried paying with my disposable virtual card earlier but it was rejected. what can i do to fix this?,72
i couldnt get cash in an atm,26
is it possible to exchange usd and gbp on the app?,33
may monthly payment to apple has been declined but i don t know why they are going to re try the payment and it must go through can you tell me what is going on please?,25
i was declined when i tried to take out cash!,26
can i purchase with cash or cheque?,58
please tell me how disposable virtual cards work?,37
can you please inform me of the restrictions for the disposable cards.,29
can you tell me about the exchange fee?,31
how dp i top up with a cheque ?,58
i was using a foreign currecy to make a payment and the applied the wrong rate.,17
what is the time period for money to be transferred?,67
how can i set a new pin.,21
what is the minimum age?,1
how come i can t take money out of the atm?,26
can i get spare cards?,39
how do i get my card active?,0
why wouldn t my withdrawal go through?,26
can i change my pin in austria?,21
why hasn t my withdrawal shown on my statement?,46
what is the auto top up limit?,4
using international atms messes up the exchange rate.,76
can i use american express to add money into my account?,54
how can i get another card?,39
why have you declined my card payment?,25
i am not happy with this product can i get a refund?,52
there is a payment done with my card which i definitely did not do.never seen that name before.,16
what is the extra 1 on my statement for?,34
how can i top up my account with a card?,62
i could not get money from an atm,26
explain the card pin to me.,38
why is there a transaction that shows multiple times?,63
can i electronically transfer funds into my account from my american express?,54
i paid with my card and was charged extra,15
i transferred money but the balance hasn t changed.,5
i m unable to use contactless payments for purchases.,23
can i get money in my home currency at my atm ?i am on holiday and bit concerned because i do not have any cash with me .is it possible to withdraw without any additional cost.,76
i would like to dispute a direct debit payment,28
how do i go about changing my pin?,21
how do i get the top up feature on my apple watch working?,2
how old do my kids have to be use this?,1
can you tell me how to tell where my funds come from?,70
i prefer visa can i get that instead?,73
why was i unable to complete my transfer?,35
why is my card payment showing as pending?,45
unbeknownst to me there was an additional charge on my prior transaction. a notification of sorts should be required and explained before future payments are made.,15
i need my card now!,12
i heard you have virtual cards. how do i get one?,40
where is the option to top up with a cheque?,58
where is the money that i asked for? i asked for more than i got!,75
how long do transfers take to show up in my account?,5
why has my card payment been reversed?,53
do i have to verify the top up?,71
why can t i make a transfer?,35
do you offer a discount for those who perform frequent currency exchanges?,31
how do i set up my credit card to send transfers?,62
i cannot get my google pay to work.,2
i would like to receive a refund for something i bought.,52
i d like to know how transferring my money into my account works.,65
can i get cash with this card anywhere?,3
what is the fee to top up my account,56
give me my card i need it now!,12
i have a transfer that is pending.,48
there are a couple payments with my card shown in the app that i really didn t make myself. what s going on with this does someone has access to my card?!,16
what are the fees to get a physical card?,43
please show me how my friend can send me money.,50
does google play have an app to top up?,2
when will my cash withdrawal show,46
how do i avoid charges in the future,15
do i need to make a regular payment before a contactless one?,23
i tried to make a transfer like five different times. why won t your system let me? is it broke?,35
will i be able to get both a visa and a mastercard?,73
my top up was cancelled and i am writing to ask if i need to complete the 3d secure authentication section before i submit it.,61
the atm wouldn t give out cash,26
my top up showed as complete but it s no longer there! what s going on here?,61
which locations can i withdraw money from?,3
how do i exchange my gbp to aud?,33
help me figure out why my transfer was declined,27
is there a way i can check on the card on route to me?,11
i can t remember what my password is,44
i would like to get a visa card,73
is there a cost to receive money?,56
hello i am buying a flat and need the inital payment for the mortgage to go through. it keeps showing up as error what is going on? can you please help me make this transfer?,35
what is an exchange rate?,32
why would the atm machine fail to give me the cash withdrawal i requested?,26
will i be charged for a sepa transfer?,56
i should have a refund in my statement but i can t see it,51
please put a freeze on my card i am worried there has been some payments on it and i don t know what for.,16
on a card top up where can i verify?,71
how long do i have to wait for my transaction to be completed?,66
my wallet doesn t show my recent top up.,62
can i change my pin without going to a bank?,21
i happened to forget my password,44
why isn t my transfer going through? i get a message saying it s not possible. i ve had no issues in the past.,7
i m interested in holding and exchange for flat currencies what do you support?,36
can you tell me why i was declined from getting cash?,26
i need to urgently transfer something from china. how long will it approximately take?,67
why is my balance the same? i processed a transfer.,5
what is the average wait for transfers,67
is there an issue with my card payment as it has not gone through.,25
i sent some money and the receiver can t access it.,66
is there a fee for a transfer? if so how much will it be?,56
my passcode doesn t seem to be working,44
is it permissible to hold money in multiple currencies?,36
there are some strange charges on my card that i didn t make from a few days ago. is my card stolen and if so should i cancel it? will i get refunded the charges?,16
how do i link one of your card that i already have?,13
can i exchange from usd to gbp?,33
i didn t set up the direct debit i have,28
why do we need to verify top up?,71
can i wait for you to send me a new card when mine s about to expire?,9
i would like to know the countries you are offer services in?,24
what kind of foreign exchange rate will i get when i exchange my money?,32
i didn t withdraw the amount of cash that is showing up in the app.,20
i want to start using my card how do i activate it?,0
how long is it going to take for my funds to show in my account?,67
is an auto top up option available?,4
what are weekend rates for getting cash,76
why is a transaction still pending?,46
is it really necessary to verify my identity?,74
what fees are charged for a physical card?,43
i m not able to activate my card how do i fix this problem?,0
my card is about to expired what will happen?,9
i need quickly transfer something from china. about how long will it take?,67
i don t have the means to prove my identity.,68
where in the app do i go to verify my identity?,69
where do i go if i want to link my new card?,13
after going over my transactions for the last couple of months i noticed a pretty large charge that i know i did not make. i know it s been a while but can i still dispute this charge?,28
why is the payment from my card still pending?,45
what countries do you support?,24
i did not make a direct debit payment as listed on my app,28
can you tell me why the transfer isn t showing up on my account?,5
why couldn t i use my card at a store?,25
i believe you charged me too much to exchange my money,17
will there be a cost if i exchange currency?,31
what are the limits for disposable virtual cards?,29
do you offer account services for children and teens?,1
how do i get the passcode reset?,44
why has my payment been declined? i paid by card.,25
can you assist me in activating my card?,0
is there an amount limit to my top up?,60
where do i change my pin?,21
how do i activate my card,0
what was i charged a fee for card payment?,15
i could only take the amount of money that was available to me which was less then i expected.,75
how many transactions can go on a disposable card?,29
my top up hasn t gone through,47
can i use the card at any cash machine?,3
where can i find the verification code on a top up card?,71
did a card payment that i made get cancelled?,53
i want to revert this mornings transaction.,8
i needed money for a night out with the girls but i was declined why?,26
why is the exchange rate wrong when i purchase something abroad?,17
help me set up a new pin?,21
can i create my own pin right away,38
i need support options i want to top my card,54
how many different currencies can i have my money in?,36
it looks like my card payment might have been reverted.,53
my card has been stolen. i reported it with the police but i need to report it with you as well.,41
i think someone saw my pin and i am on vacation in spain can i change it locally at an atm?,21
what documents do you need to verify my identity?,69
which fiat currencies are supported for holding and exchanging?,36
i want a virtual card that is disposable,37
i need to change a transfer.,8
why do i need to verify the top up?,71
what s the time frame normally for a uk account transfer? i just made one and it s not showing up anywhere. i want to be sure that everything is good.,5
can you tell me the foreign exchange rate?,32
what is the reason for the fee charge on my transfer?,64
what happened to my top up? i think it was cancelled.,61
i can t find out how to top up my account using cash.,58
i think my card is broken or something. i tried using it and it wouldn t go through please help.,14
which countries are you available in?,24
i m having issues with my card. you guys keep declining it for some reason. i haven t had any issues up until this point. what is going on? i ve tried a handful of times with the same unfortunate result!,27
i tried to transfer money but it didn t go through,35
i checked the app and my balance has not been updated for the cash or cheque deposit.,6
help! in the app there is a payment that i don t remember.,16
i put in money for vacation and its not showing. i need that money today how long will it take,48
something is wrong with my passcode,44
i need help right now. i realize i sent my payment to the wrong account number after making a typo. please cancel the transfer now since i can t do it from the app.,8
where will i find my card?,43
i think a fee was applied for paying with a card.,15
i don t recognize what this payment on my statement would be for.,16
i sent money to a person and they haven t received the payment yet.,66
i d like to have extra cards. will i have to pay for that?,39
where do you deliver cards to?,43
how do i get my salary in the account?,50
i ve tried looking for the auto top up option on your website and i can t seem to find it. can you help me?,4
can i let other people have access to my account in order to top up?,62
why is it asking me to verify my identity,74
which atms am i allowed to get money from?,3
is there a fee for using a european bank card to top up?,57
why am i being charged for atm cash withdrawals? the only reason i use it is because it s been free! now you expect me to pay for them and how much is that going to cost me?,19
does the auto top up have any limits?,4
i need a new card.,39
how long should i wait for top up go go through ?,47
why isn t my topup working?,59
is it possible to get a card when i m not in the uk?,24
when will my transfer finish pending?,48
if i want my son to have his own account is that possible?,1
the exchange rate on my payment doesn t look right,17
i could not use my card in a store.,25
can you walk me through how i can edit some of my personal information?,30
and do you have virtual cards instead of physical ones?,40
i am trying to transfer money and something is going wrong.,35
what is the amount of disposable cards i can have each day?,29
please check my card. as withdrawal was working fine so far but this morning suddenly got declined. can you please check the problem?,26
why does my account have a pending cash withdrawal?,46
my transfer failed why?,35
i would like to cancel a payment. i purchased something several days ago and i still have not received it.,52
i want my card frozen right away. money was taken out in an odd location i have never heard of.,20
i ve already topped up but i cannot see the funds being available. what happened?,47
why was the wrong rate applied when i bought something in a different currency?,17
i didn t get a pin yet. what gives?,38
so what items actually come with extra fees,15
i am from x but am traveling to y how do i get currency for y?,33
can my children have an account?,1
where do i order a virtual card from?,40
what should i do if i see a withdrawal is pending?,46
i don t think the charges made when i had currency exchanged are right.,17
my cash withdrawal has not come out of my account yet.,46
how long before a bank transfer shows up in the account?,5
what businesses can i use this card with?,10
what do i do if the atm didn t give me the correct amount i withdrew? i pulled out 30 pounds and the atm gave me 10 pounds.,75
can i select my card scheme or do you choose it for me?,73
someone stopped my payment,53
which countries are represented?,24
where is the tracking number for the card?,11
can you give me a visa?,73
i m sure i have enough money so why didn t the store accept my card?,25
why did i get charged more than once?,63
i have a card payment that i don t recognize. what should i do?,16
what services can i use to top up?,2
why did the top up fail?,59
my card is lost! what can i do?,41
there is money missing from my account.,20
i performed a transfer within the country the day before yesterday but it has not gone through? can you check on that? the account number is definitely correct as i ve checked.,66
is the exchange rate current?,32
how can i update my personal information after moving?,30
why am i charged an extra fee on my card?,15
i might need a new card because it s not working at any of the atms. i don t think ive used all my money. why is it doing this?,26
how do i transfer money between two of my accounts?,65
i need to know how to transfer money into my bank account. please help,65
please help! i need a refund on a transaction on something i bought and i need the refund right away!,52
tell me why my virtual disposable card won t work.,72
i have a card payment that was declined but why?,25
there is an atm withdrawl in the app i don t recognize.,20
what is the exchange rate like?,32
approximately how long will an urgent transfer from china take?,67
do i get charged if i am getting money?,56
how can i withdraw money?,3
how can i get a disposable virtual card?,37
hi my card withdrawal was declined this morning. it was working fine till yesterday. please check and inform me.,26
what kind of documents do i need for the identity check?,69
i tried to withdraw money but was unable to. still says that the transaction is pending? will this money disappear??,46
what is this 1 charge on my account?,34
i need to get visa and mastercard,73
what happened to the money after i put in the wrong info and it got declined,62
i am waiting on this refund hurry up.,51
how can i fund another account with my american express?,54
i left my card at a restaurant and now its missing.,41
will any business take this card?,10
hello i d like to inform you of an issue i m currently experiencing. the goods i have ordered from your website have still not arrived yet it has been over 3 weeks. i would like to be issued a refund swiftly and be redirected to more competent people. thank you for your assistance.,52
i need to change my name since i just got married,30
i would like to top up my account automatically. how do i do that?,4
help! i need to transfer something to china.,67
can i exchange currencies?,36
i want to see what this fee is on my card payment.,15
will you charge me for topping up with a european card?,57
show me how to verify my identity?,69
how will i know where my funds are coming from?,70
i tried to transfer money to a receiver and they didn t get the right amount. what is going on and who do i contact to help me?,64
can you send me more cards for my account?,39
do i need to choose gbp to get my salary deposited properly?,50
my non physical card will not work,72
i need a disposable virtual card. please tell me how to order one.,37
what steps should i take before my card expires?,9
why was i chargged,64
how can my friend send money to me?,50
why is my top up failing,59
hello i tried to take some cash out of the atm but i looked at my statement and it still shows that it s pending. is the machine broken? will i receive my money back or will i be charged for this?,46
how can i use american express to add money to my account?,54
it seems my top up is reverted?,61
can i put my old card back in the app?,13
someone has stolen my card. even though i have my card with me someone just made a 500 cash withdrawal. please help as soon as possible.,20
can i use my apple watch to fill my gas tank?,2
what currencies can i exchange?,36
i checked my account today and saw that i was charged an extra pound that i did not spend.,34
hey i think someone stole my card numbers. there is a purchase showing up on my app from a store pretty far away from me.. i really need that money back to pay my rent.,28
i have friends that would like to top up my account is that possible?,62
how do i transfer money from one bank account to another?,65
i want a reason as to why my beneficiary is not allowed?,7
why do i need to have my identity verified?,74
can i reset my pin if it is blocked?,49
can i top up with a cheque?,58
can it add money automatically while travelling,4
when i travel what will it cost to switch for my currency?,31
can i use app to freeze account and dispute fraud?,22
what is the age limit for an account?,1
what kind of atm s can i use?,3
can i get another card?,39
tell me how i can verify a card top up.,71
please advise what is the exchange rate,32
what is the number of transactions for one disposable card?,29
the app reverted the payment i made.,53
what is the process to change my pin?,21
how do i modify my details?,30
i m worried my card might be lost in the mail? how long does it usually take to arrive?,12
is there a way to order a new card while in china?,9
when can i expect my card to be delivered to the us?,12
help i see money missing i didn t take out.,20
this fee shouldn t be there after i paid with a card.,15
why didn t my transfer complete?,35
i m supposed to have a refund but it isn t there,51
can you explain to me the way to verify my top up has gone through?,71
the exchange rate was different when i got cash,76
where can i find my card pin?,38
i got a 1 extra fee in my statement,34
can i change my pin?,21
tell me your opinion on the exchange rate.,32
i found a direct debit i would like to dispute,28
where did the 1 fee in my statement come from,34
i double checked that i have the correct account details already they re right for sure. transfer is still pending since forever. it should not have been done so.,48
i think my card is expiring what happens then?,9
my money is all gone. what ways are okay to add money to my account?,65
i need help with activating my card,0
payments from my disposable virtual card don t work,72
can you tell me how to link one of your cards that i already have?,13
i am under 18 and i am trying to verify my id. why wont it work?,68
what do i do if someone used my card without my permission?,22
my currencies needed to be exchanged often and i was wondering if there were any discounts available for this?,31
where am i able to get my pin unblocked?,49
i m a new customer and tried topping up today for the first time. it s still pending and doesn t seem to be working. i need to get this fixed.,47
activate my card,0
balance is not up to date.,5
i didn t get the money i transferred,5
why has my card been declined?,25
i did not get the item i ordered. how should i go about this? should i just cancel my order or my payment? please help me.,52
i want to make a currency exchange to eu.,36
how can i get a card sent to china?,9
is it possible to top up with google pay?,2
what is the cause of the delay in applying my card payment to my account?,45
do top ups have limits?,60
how do your exchange rates work?,32
my phone is missing or stolen.,42
i would like to know how exchange rates are calculated when transferring funds.,32
my card s expiring a month from now should i place an order for the new card?,9
in the past month i often used this account to manage payments for my new holiday villa. now all of a sudden your fees have increased exorbitantly! don t you have a rewards programme for frequent users?,64
i see an unauthorized withdraw.,20
how come i got charged extra for withdrawing cash?,19
they charged me for paying with my card.,15
there is a charge for 1 on my statement. i do not think that i bought anything that costed 1 . what is going on?,34
i withdrew some cash out of the atm over the holiday. it seems that i was charged some outrageous fees. i would not have done that had i been aware of these outrageous charges!,76
yikes! i didn t get the amount of money that i requested. what do i do now?,75
looks like my card payment was made twice by mistake. i paid at the store earlier which rejected once second time it worked. app stays at pending for one of the payments. can you please remove one of them as it s wrong and clearly was declined?,63
i tried to top up using my card but now the money just disappeared!,62
a payment shows up on the app that i never made.,16
why did i not get a virtual card yet?,40
can i reactivate my pin?,49
for some reason the virtual card won t work for me.,72
i have to transfer money over to my mother and i have tried numerous times and all that keeps happening is error messages.,7
what cards to do you support to top up.,54
can money be exchanged from one currency to another?,33
i tried my pin too many times,49
i tried to transfer cryptocurrency into my account but was denied,7
i am on vacation in spain and think someone saw my pin when can i change it at a local atm?,21
i asked for cash but i did not receive all the funds,75
i think my card payment was reverted,53
how long does it take for a transfer to finish pending?,48
i need an accurate exchange rate when i make my withdrawals.,76
what types of currencies do you accept?,54
if i exchange foreign currency are there any other charges?,31
where did this extra 1 fee on my statement come from?,34
what can i do after the card missing,0
what are the restrictions to top offs?,60
how do i request the pin?,38
i m confused. my contactless is suddenly not working anywhere that i try to use it. how do i fix it?,23
how do i get my pin unlocked?,49
i need to know when a payment will actually go through. i completed a payment using my card but it is just showing as pending at this point and it has been a while ago.,45
i tried to transfer some money and it hasn t done it yet what s going on?,66
why did the atm eat my card?,18
i need to find out why my transfer didn t get there.,66
the exchange rate looks wrong on a holiday purchase,17
why is my payment in pending status?,45
my card is stuck in the atm what can i do?,18
i have an issue. i bought something within the past one to two weeks and have received one of the products however today the total was returned to my account. what s going on here?,53
is going to a bank only way to change my pin?,21
it seems that something went wrong with my exchange. i changed russian ruble into uk pounds but have been charged entirely too much!,17
am i allowed to use different currencies?,50
what is the cost for exchanging currencies?,31
how simple is it to transfer money into my account?,65
lost password,44
whats the delivery time to the united states?,12
i m worried that my card has been compromised because i see a payment that i didn t make.,16
i would like to cancel my order.,52
what type of fiat currencies do you support?,36
i need help with some transactions in my account that i dont recognize or remember purchasing. im not sure if the name is just different or what. should my card be put on hold while the issue gets figured out to be safe or is it ok?,16
will the system automatically top up itself?,4
can i freeze my card right now?,22
what currencies are accepted for adding money?,54
i believe i got a wrong exchange rate when i got cash.,76
i m upset because i got charged a ridiculous fee when making an atm withdrawal over a holiday weekend. it didn t notify me beforehand either or i wouldn t have ever done it.,76
i lost my wallet today with all my credit cards. will you please block the card and send a replacement?,41
why does the app revert a payment?,53
do i need to do anything special for my friend to send money to my account?,50
i did a transfer but its still pending,48
how can i activate my new card? i didn t recieve any information with it about how to do so.,0
am i going to see a charge for a sepa transfer?,56
there is a fee for a transfer please explain that to me.,64
the atm at metro bank on high st. kensington swallowed my card. how do i get it back?,18
how do i dispute a payment i didnt make,16
what do i do to get a disposable virtual card?,37
why am i getting a fee on a card payment?,15
i have a withdrawal waiting to go through.,46
for how long will my transfer be pending?,48
when will i receive a transfer from europe?,67
how long do i need to wait til my top up isn t pending?,47
which countries do you work with?,24
you ve incorrectly calculated the exchange rate for my cash withdrawal,76
i did a transfer but the balance is the same.,5
i am not in the uk can i get a card?,24
my phone was stolen,42
do you offer swift transfers?,56
i don t understand where this charge came from.,16
my top up was denied in the app.,59
did you revert my top up?,61
why cant i transfer to my account?,7
can i have more than one disposable card?,29
how much you charge for exhcange,31
i have tried sending a standard transfer five times and it hasn t gone through. what is the problem?,35
top up did not complete,47
i did a bank transfer and my balance isn t current.,5
i had a seller reach out to me saying my money didn t come through to them but i m sure it was removed from my account. can you figure out what the deal is here?,53
can i revive a physical card.,43
why am i being charged for withdrawing cash but haven t in the past?,19
i am extremely unhappy with this app and want to get rid of my account?,55
how do i terminate my account.,55
what s the process for topping up by card?,62
how can i locate the virtual card?,40
please help my find out why there is an odd direct debit in my records.,28
i need a new pin number.,49
how can my friend pay me?,50
freeze my account it s been hacked.,22
what is happening? i have tried to transfer money 5x already. is the system down? this shouldnt be happening as this is a basic transfer.,35
is a new debit card free?,39
i just had a wedding and i want to take my spouses name.,30
why was i charged a fee when i withdrew money?,19
do i have a 1 extra fee on the statement?,34
why did i have to pay a fee when i got cash?,19
when traveling is it possible for it to add money at specific time intervals?,4
how long until the money is in my account?,67
i did not receive the right amount of cash.,75
this company sucks! can you delete my account?,55
i just saw the exchange rate you use but it s so bad that i can t believe that it s the official interbank exchange rate! is this truly the official interbank exchange rate?,17
my card payment still pending,45
i can t remember my app code can you reset it?,44
my beneficiary is not allowed please may i have answer as to why this is?,7
i think i was wrongly charged in a recent transaction when i used my card.,15
the disposable cards what are they for?,37
you operate in which countries?,24
where can i find the verification code for a top up?,71
i could not get my card to work at a shop.,25
please help me as my topup amount has been reverted i did it correctly. i think there is some defect in system.,61
how do i query a payment on my card? it looks like i have paid for the same thing twice.,63
how can i check on the status of my new card?,11
can you explain the various transaction times shown on my statement?,63
does it cost anything to top up?,57
i tried to make a transfer but it failed. will you tell me why?,35
i was charged 1 in a transaction.,34
why did i get charged for something i bought online? even though it was international i thought it would be covered.,64
i would like to get a few more physical cards.,39
i withdrew 100 but only received 20,75
can i get money in my home currency at some atm ? as i am on holiday and bit concerned because i do not have any cash with me . is it possible to withdraw without any additional cost.,76
how can i stop fraud on my account right now?,22
can you help me figure out what is going on with a debit payment that is showing up on my account i am not sure is suppose to be there.,28
my transfer into my account isn t showing up.,5
why has my new card still not come?,11
is there a way to find an atm around me?,3
i am still awaiting the completion of the transaction.,66
i paid with my card so so why was i charged a transaction fee?,15
i want to top up my account. can i do it with google pay?,2
can my children have their own account?,1
why was there an additional fee on the payment i just made? i don t usually have additional fees applied to my payments.,15
why when paying with the card was i charged an extra fee?,15
how do i take a block off my card?,49
shouldn t my new card be here by now?,11
after putting in the wrong pin too many times i was blocked. can you assist me in changing it?,49
whats the limit on my top up,60
i happened to forget my passcode,44
i am asking to end my account.,55
can you explain the transfer fee to me?,64
i was attempting to top up with my card but the money has vanished!,62
what are the steps to get my card back that was kept by the atm?,18
my salary is in gbp is this something i need to configure?,50
i made a payment but it s still pending,45
how does the exchange rate work on this app?,32
why do you charge fees on card payments?,15
how can i start using my card?,0
what is the fee to receive money?,56
how do i get to the virtual cards?,40
what is going on with it saying my card payment was declined?,25
i need help because i drunken blocked my card?,49
please list the countries you support.,24
what is the pending payment on my card about?,45
can i get a refund?,52
why did my top up not work?,59
the atm did not give me as much cash as i requested.,75
i live in germany. is that one of the countries you are in? what other countries are you in?,24
do i get a choice between visa and mastercard?,73
how can it be that my card is not functioning anymore?,14
sort your top up out please! it s been pending since an hour already can you please make this go through asap i really need the money,47
there are funds in my app that i did not receive.,20
the money i transferred didnt arrive,66
my app says that i m not verified.,68
i do not have the information to verify my identify.,68
can i also transfer with swift?,56
how can i find the top up verification code?,71
my card doesn t seem to work.,14
are there any fees if i use a european bank card for a top up?,57
i made a transfer and was charged extra. why?,64
is there anything to do because my phone was stolen?,42
how do i top up by cheque?,58
do you accept checks?,58
how do i change my passcode?,44
i got double charged for a payment so how do i fix that?,63
i need my card quick,12
can i be charged for exchanging foreign currency?,31
what fiat currencies are used for holdings?,36
what are the steps to getting a virtual card?,40
how do i get the card linked,13
does this app allow currencies to be exchanged?,33
hi. please can you help me fix a double charge on my card? i m looking at my transactions and this restaurant i went to earlier in the week has charged me twice! please remove the additional charge for me.,63
i was not distributed all of cash that i requested,75
can i have a tangible form of my virtual card.,43
the balance on my account didnt change when i transferred money,5
help me cancel a transfer.,8
there is a transaction for 1 and i don t know why it was charged.,34
what is the procedure for activating this card?,0
i added money through a bank transfer and it is not showing in my balance.,5
i wanted to withdraw 100 from the atm but i only got 20,75
i can t get my virtual card to work.,72
can i set up an auto top up?,4
what if i need to use gbp instead of usd?,33
how can my new card be activated?,0
my top up did not go through yet.,47
i placed a cheque but the funds aren t there,6
please check to see if the band transfer i made a while ago from my uk account has safely arrived.,5
how long will a transfer be pending for?,48
is there a way to set up an auto top up?,4
when will i get my money? it s been too long.,66
i tried to make a transfer to a beneficiary and it didn t go through,7
i can t get the top up to work! what s going on here.,59
my top up failed.,59
are there a certain amount of transactions i can do with one disposable card?,29
where are the atms that i can use mastercard?,3
can i make several disposable cardsper day?,29
where can cards be delivered?,43
the cash i got at the atm is still in my account.,46
there s a direct debit on my account that i didn t authorize,28
is there places where i can t withdraw money?,3
my top up didn t go through,59
do i need to verify my identity each time i wish to use my account?,74
i would like to top up my account with a bank transfer is that allowed?,65
i want to close my account due to poor customer service.,55
i made this payment days ago so why hasn t it gone through yet?,45
somebody made a withdrawal from my account for 500. i have my card so how can this be? does somebody have a duplicate card or something? help please.,20
there is a payment on my card that i do not recognize.,16
why was my withdrawal requested cancelled by the atm?,26
hi there is a suspicious payment from my card. i definitely do not know who this is or who could have made this payment.,16
will you send me a new card in china?,9
how do i top up my account with a bank transfer?,65
how do i enable contactless pay?,23
where do i order a disposable virtual card?,37
why is this payment on my app,16
may i transfer a cheque into my account?,58
is this where i order a virtual card?,40
can you unblock my account? i entered the pin wrong.,49
i paid my rent into the wrong account could you please pay it into the right account it needs to be done by tomorrow.,8
what is the cost for an exchange fee?,31
i was mugged yesterday and they took everything. i can t access my app. what are my next steps?,42
what reasons could cause my top up to be reverted,61
are there steps to see where my funds come from?,70
why has my beneficiary been denied?,7
can i get a card if i live in the us?,24
i need a card but i m in the us at the moment.,24
how do i set up an account for my children?,1
i transferred money but the balance did not update.,5
i want to use a european bank card for a top up. must i pay?,57
the transger i tried to make failed.,35
why am i required to verify my identity?,74
my card is missing.,41
what is the charge for sending out more cards?,39
i am having problems with my physical card.,14
is there any place i cannot use my card?,10
i went to withdraw some cash earlier today but seems the atm gave me the wrong amount of cash! the amount showing up in the app is a lot more,75
what fiat currencies do you support?,36
can i exchange money from abroad without additional costs?,31
why would i be charged an extra fee while doing a transfer?,64
can i have my card delivered on tuesday?,12
i am unable to prove my identity,68
help me verify my identity.,68
what are the steps to activating a new card?,0
why hasn t my balance been updated? i ve deposited a few cheques some days ago!,6
i thought crypto top up with something you offered and it does not appear that it s working even though the money has disappeared out of my account. can you tell me what s going on?,61
i need to know if everything is okay here. after making a transfer from a uk account it doesn t show up. how long does this normally take to process?,5
i was checking my account when i saw a 500 cash withdraw that i know i didn t do. i have my card so i don t understand how this happened. please help me.,20
your company is lame. shut down all my account services right now.,55
i noticed that the exchange rate applied to a recent purchase i made abroad was incorrect.,17
my cash withdrawal was not entirely complete,75
why was my pin blocked?,49
can i use an auto top up option?,4
what do i do if my card is about to expire?,9
how do i add a card to the app?,13
i wish to remove my account.,55
my payments from my virtual card keep getting rejected.,72
where do i have access to a virtual card?,40
i would like to delete my account.,55
is there a reason why there is an extra 1 charge on my account?,34
what are the top up charges for us cards?,57
why am i charged a fee for getting cash?,19
i would like use the bank transfer but i don t understand the process can you please explain topping up?,65
if i make a transaction can i cancel it?,8
how long do i have to wait until the transferred money shows up?,5
my card needs to be activated asap,0
i need to cancel a transfer,8
how come i was declined,26
my contactless stopped working today for no good reason. it s not working no matter where i try to use it. can you please help me fix it?,23
can you get me my card fast?,12
how long does it take for the card to come?,12
will you assess me more fees if i top up with an international card?,57
the atm keeps declining my card. i tried at two different atms. can you tell me if there s an issue with my account?,26
where can i go to find out how to verify my identity?,69
why hasn t my top up been completed?,47
no option to top up with a cheque ?,58
where do i go to unblock my pin?,49
what s the deal with verifying the top up?,71
i still haven t gotten my new card. when will it get here?,11
i can t access my account.,44
this place has been too much work so i d just like to close out my account be done.,55
the atm charged me an extra fee why?,19
is it possible to tell if my top up has reverted?,61
why is the exchange rate for my payment incorrect?,17
why was my card charged when topping off my balance but it s not showing up in my wallet balance?,62
why can t you allow my beneficiary?,7
i m interested in what your exchange rates are based on.,32
when will my new card arrive?,11
why am i being charged for the same thing twice?,63
what is the extra 1 fee in my statement,34
how does it work when i transfer money into my account?,65
do i need to do anything? my phone was stolen yesterday.,42
for some reason the money i added was returned.,61
how do i change my pin abroad?,21
why hasn t my refund appeared on my statement?,51
i made a withdraw from the atm this past holiday and it seems like a was charged too much. if i would have known about these charges i wouldn t have made a withdraw.,76
will there be a charge when money is added to my account?,56
why is there a random withdrawal in my app?,20
why won t my passcode work?,44
what forms of id work for verification?,69
i believe i was charged for making a withdrawal after i went grocery shopping. are you guys charging for this now?,19
how much is the charge to top up via credit card?,57
it looks like my top up was cancelled,61
how long does it take to get my money,67
why is the transfer showing pending?,48
can i use it in any country?,24
am i able to have a card sent to china?,9
my wallet was stolen and all my credit cards were in there. help?!!?,22
my exchange seems to have something wrong with it. i changed over russian ruble to uk pounds and it appears i was charged way more than i was supposed to be.,17
where can i get a second card?,39
how do i track the card you sent to me?,11
i was spending cash with my card and got a fee.,15
my statement shows a strange direct debit.,28
my app shows a money withdrawal that i did not do.,20
what do i do if my card is not working?,14
how long does shipping take to get to a us destination?,12
do i get to choose between visa and mastercard?,73
how long will it take to transfer something to china urgently?,67
what to do if my card is about to expire?,9
i m concerned because my cash withdrawal is pending.,46
i recently bought an item using my card and i was charged an extra fee why is this?,15
my password doesn t work.,44
please let me know how to change my pin?,21
i want to deposit my check to top up my account,58
i have a service fee that i ve never seen before. it showed up after i bought something from an international seller online.,64
why hasn t the transfer shown up in my account yet?,67
please assist me in activating the card.,0
what steps do i take to receive another passcode?,44
how do i use a disposable virtual card?,37
why is my exchange rate wrong for an item i bought?,17
what happened to my top up?,61
the atm wouldn t let me withdraw cash.,26
are there any disposable virtual cards?,37
how do i top up my account with a cash payment?,58
i want to op up my account by using bank transfer. how do i go about it?,65
what locations allow me to withdraw money?,3
i think i am having an issue with withdraws on my card. it was declined on the way to work this morning. this hasn t happened in the past.,26
where can i find the auto top up feature?,4
can you help me with a weird charge? it s a pound charge that never goes away from the statement view on the app i m using. it s not described as anything but pending and that status has never changed during the last two days.,34
my identity hasn t been verified. can i use my account?,74
how long will it take to verify my account?,68
why haven t i been given a virtual card yet?,40
is it free to add money to my card,57
do i need to go to an office to change my pin?,21
i d like to make a sepa transfer to my account but will i be charged?,56
my money transaction can t be seen by the person i sent it to,66
i just checked my statement and saw a 1 charge why is it there?,34
i made a cash deposit going to my account but it is not there,6
the atm won t let me take out cash,26
what are exchange rates,32
can you explain why my transfer was unsuccessful?,35
how can i open an account for my children?,1
i m looking to get an additional card.,39
i ve just been married and need to update my name,30
why isn t my cash deposit showing up in my account? i deposited it this morning.,6
i d like like to know where i can order a virtual card?,40
what are the details of disposable card limitations?,29
i am not receiving the correct exchange rate on my card.,17
why do i have an unexpected fee on my bill?,64
why can t my beneficiary access my account?,7
my account transfer was blocked.,7
i got married and need to change my name.,30
i need to exchange foreign currency will i be charged?,31
can you tell my why my card payment has been reverted.,53
i need to know what is going on. i m attempting to purchase a flat and need the money to pay on my initial mortgage payment. i m only getting an error. can you find out what s going on and help in making the transfer?,35
how many payments can i make using a virtual card?,29
what s up with verifying top ups?,71
i would like to know which fiat currencies are recognized by your organization.,36
i wasn t able to use my card today when i went out for lunch. wondering why that is?,14
i would like to purchase another card.,39
i have foreign currency i would like to change how much will it cost me?,31
can i have multiple currencies?,36
i did a bank transfer to top up but the money is not available.,59
please tell me how i can receive a physical card,43
can turn my money into another currency?,33
i think someone stole my card number and brought stuff in different places that i have never been to. i need to suspend any further purchase on my credit card.,22
i made an online purchase and the order has not shown up. give me my money back.,52
i have kids and i m curious at what age could they start to use your service.,1
how many top ups can be approved?,60
my card payment didn t work can you help?,25
i made a card payment by my card but it failed. please let me know when the payment will get completed as its still pending.,45
how do i replace my card before it expires?,9
my card is broken,14
i am not comfortable verifying my indentity.,74
it appears that i am being double charged for some items that i have purchased this past week. please review and correct.,63
i see i was charged 1 for a transaction.,34
i tried pulling out money at the atm and it gave me an incorrect amount back.,75
how come there is a duplicate charge on my card?,63
my account says there are pending funds right now from withdrawing from an atm but my card was declined and i never took out any money. when will that money be deposited back into my account?,46
is it possible to make several disposable cards in a day?,29
are you okay with exchanges to eur?,36
there is a mysterious debit transaction on my statement,28
why didn t my balance change after i transferred some money?,5
how long is the transfer?,67
why has my payment not transferred?,35
can you help me sign up for a virtual card?,40
how do i track the moeney,70
how do i transfer funds directly from my credit card?,62
with what currencies can i add money?,54
is payment required to get a card of my own?,43
why wont my american express work to add money,54
can you explain why my google pay top isn t working?,2
how do you top up with a cheque?,58
in china need new card,9
what is the handling fee for transfer?,56
does your app allow currency exchange from usd to gbp?,33
why does my top up say still pending when i used my card to do it.,47
i do not think the pop up went through yet.,47
what is the charges for new card?,23
i want to delete my account. how do i do this?,55
my card was stolen last night.,41
i no longer have my phone what should i do?,42
how does a us resident go about acquiring a new card?,24
where d the rest of my cash go from the atm,75
hello in these holidays i have been overcharged on the amount i have withdrawn on one of your atms. i did not had any clue about the horrible charges otherwise i would not have withdrawn.,76
how old do we have to be?,1
can i submit a check or cash payment?,58
i ve made a bank transfer but the money doesn t seem to be in my account.,5
how do i find my card pin?,38
show me the amount of transactions i can do with a disposable card.,29
can i have it be delivered at a certain time?,12
i need to know which flat currencies are supported by you.,36
what do i need to do to correct this failed transfer?,35
set a new pin please.,21
what is the youngest someone can be to open an account?,1
on my statement there is a payment that i don t recognise,16
i deposited a check yesterday to up my account balance but that deposit hasn t shown up yet. it s been a day already!,6
i can t find my phone.,42
i requested a refund but can t see it.,51
my card is about to expire what do i do?,9
please delete account,55
is it possible to cancel my transfer?,8
do you know why my contactless won t work?,23
i can t use the app. my phone is lost at the hotel.,42
i made a purchase and would like to get a refund for what i bought can you have the money put back in my account?,52
would it be possible to activate my card?,0
transferring money in 2018 to another country shouldn t take this long. my transfer has been pending for too long. i verified my account details are correct.,48
i need to reset my passcode. where do i go to do that?,44
why do you need me to do an identity check?,74
i have a card payment i didn t make,16
money is not in recipients account.,66
there is a direct debit that i don t recognize.,28
delete my account now please.,55
are there any reasons that my identity wouldn t be accepted even though everything i ve provided is factual?,68
i would like to make sure it is delivered on a certain date.,12
why can t i add any beneficiary i choose?,7
why am i getting declines when trying to make a purchase online?,27
i am trying to complete a transfer but i keep getting an error message.,7
what do i have to do to change my name?,30
when can i order a disposable virtual card?,37
i asked for 100 cash but only got 20?,75
i wanted to know why i got an additional fee when i use my card.,15
how long does a funds transfer take from one back to another?,67
please help me with my card. it won t activate.,0
if i want to be able to give my daughter a card for my account would i be allowed to get one for her?,39
can you tell me why my transfer is pending still?,48
in receiving cash the wrong exchange rate was used for my transaction.,76
what currencies can i not hold many in if so what are they?,36
i have a pending transfer,48
what currencies can i use?,54
my card activation attempt failed.,0
my money is gone i had topped up recently and saw it was there and went through but now it s disappeared what s going on?,61
what is the maximum number of transactions i can make with one card?,29
can i choose between visa or mastercard?,73
i need to cancel a purchase that i made the other day.,52
there is a card payment i do not recognise.,16
could i reactivate my card please i couldn t find it but it turns out it was in my jacket pocket.,13
i purchased some makeup through a site in china and i was under the impression that when i make transfers there is no fee. why am i seeing this fee now? i am not happy about this at all.,64
i requested for a top up but it has not reflected,59
hey i attempted to top up my card today and for some reason it didn t work. when i did it the other way it worked just fine. could you help me figure out why this is happening please?,59
i made a deposit a couple of days back it s as of yet not gone in! it would be ideal if you assist me with this,6
why are my transfers getting declined?,27
i did a cash deposit to my account but it doesn t show up,6
how do i link my card in the app.,13
i haven t received the cash from the check i deposited.,6
is my pin sent separably?,38
do you give out visa or mastercards?,73
my card payment was not successful.,25
if my account is low in funds can i set an auto top up?,4
hey i try to make a bank transfer from my uk account a few hours ago but it haven t show up yet. please check my account to make sure everything alright with it?,5
is it possible for me to get money out in a different currency?,50
i ve been waiting a while for my card is there a way to know when it will arrive?,11
i need to hold money what currencies can i use?,36
why did i have to pay extra because i paid with my card?,15
i see some transactions that i don t recognize. i think someone stole my details.,22
are money transfers free?,64
i selected to withdrawal 30 pounds but only received 10. i m still standing in front of the atm. the app shows i took out 30 pounds also. how do i fix this?,75
how are you determining your exchange rates?,32
problem verifying my account,68
where can i see money source?,70
i m going on holiday to france for 6 weeks with my family and the cat fluffy. i just purchased 10 000 from a currency exchange to ensure we don t run short but there appears to be a fee. what is this for?,15
can i have money transferred into my account at different intervals along my trip?,4
i got an cancellation error when i was topping up.,61
my american express is in my apple pay and the top up is failing why?,2
what do you use disposable cards on?,37
i cannot locate the verification code for my top up card. please help me.,71
can i get a spare card for someone else to use?,39
i made a currency exchange and think i was charged more than i should of been.,17
it is urgency. please freeze my card now. as someone in some odd remote town has withdrawn some money by using my card. as i did not withdraw any money.,20
are there restrictions on new cards in china?,9
how much will it cost me for a sepa transfer?,56
what are some of the restrictions that the disposable cards have?,29
i don t think i made this charge on my debit statement.,28
how much time do transfers typically take? i sent money to a friend who needs it urgently. it s been hours and has not gone through.,66
where are the cards delivered to,43
can i use a bank transfer to add money to my account?,65
it seems like i have been waiting forever for this international transfer. why is it taking so long? c mon it s 2018 things happen at a click of a button. all of the account information is correct so how long will this take?,48
is cash good to top up with?,58
when are cards shipped?,12
what steps do i need to take to exchange currencies?,33
i just replaced my phone but how do i use my card information?,42
what method do you use for the exchange rate?,32
why didn t my topup go through?,59
i need my pin unlocked.,49
i d lke my card reactivated i was thinking it was misplaced but i discovered when i woke up that i had left it in my coat.,13
there was a transaction from two weeks ago from a business that i don t know. i m fairly certain it wasn t me who made it but is it an option to trace it to confirm?,28
the card payment i made didn t work.,25
there should be a cash withdrawal that i haven t seen yet.,46
i have a question about fee for cash withdraw.,19
can you tell me what i need to do to have my pin changed?,21
if my funds are running low will the app top up automatically?,4
i need to transfer funds from my other bank account into this bank account.,65
my card was used without my permission what do i do?,22
can i return an item?,52
my card payment wasn t declined,25
where do i go to order my card?,43
why was my atm withdrawal cancelled?,26
how long is a top up supposed to be pending because an hour is too long! can you fix this to go through?,47
i got charged twice for the same payment. please removed the pending payment. thank you.,63
why isn t my id verifying?,68
i want to transfer money to a beneficiery. why can t i?,7
can i choose from either visa or mastercard?,73
how do i speed up identity verification?,74
i requested a refund from a merchant days ago but i do not see it in my account.,51
is there an additional charge to exchange currencies?,31
how do i receive a virtual card?,40
when i was in a restaurant today my card was declined and payment wouldn t go through and i need help. can you fix this?,14
i want a real card,43
can i have a friend send money directly to me?,50
why does a payment show up twice?,63
do you need my birthdate?,74
would i get a visa or mastercard?,73
i was under the impression i can make transfers for free. i made an online purchase for something that was obroad and there s some additional strange fee. i ve never seen this before and this isn t fair.,64
will i be able to open an account for my daughter,1
the atm machine stole my card.,18
can you show me how to verify the top up card?,71
there is an extra 1 charge on my app. why did it charge me extra?,34
why can i not choose the card i want?,73
i would like to return my purchases,52
what is the charge for topping up a card?,57
my phone is lost i don t want someone to use my account what can i do?,42
my cash deposit isn t in my account. what happened?,6
i can t see a transfer to my account i made.,5
i m not sure why my account has been refunded a payment for an item i ve already received about 2 weeks ago. can you please tell me what is going on?,53
i have a duplicate payment showing up on the app. how do i stop myself being charged for the thing twice?,63
what do i need to do to get a refund?,52
my card payment has been on pending forever. what is the problem? it should have gone through at some time by now.,45
still waiting for transfer to be completed.,66
how are cash withdrawals pending?,46
seems like my top up has not gone through,47
i bought something and received it but the payment went back to my account. is the seller okay?,53
what other fiat currencies can i use?,36
there is a payment that i made that hasn t gone through yet.,45
i transferred money to my account but it is not showing.,5
how long does it take for transfers to finish? i sent funds to my pal and she says that she has not gotten anything.,66
my money i had was gone and i could not get gas!,62
can i get an item refunded?,52
can you look into my top up please. i made it over three hours ago and yet it s still pending.,47
is there a limit to the top ups someone can do?,60
my transfer did not go through.,35
if i live outside of the uk am i still eligible for a card?,24
help please! my rent payment is coming out tomorrow and i made a payment mistake yesterday! can you put in in the correct account?,8
what is the importance of verifying the top up?,71
what is the charge for exchanging currency?,31
when can i expect a transfer from europe to go through?,67
i think there has been a mistake on my exchange rate for this purchase.,17
why did my card get charged twice for a transaction?,63
i ve got a weird problem i purchased something a week or maybe it was two weeks ago and the funds have come back into my account! can you explain this?,53
my card arrived but i need to make it work in the app how do i do that?,13
why was i charged an extra fee when doing a transfer?,64
can third party fees affect a transfer?,56
do i have to pay for a physical card?,43
i think i was charged twice please help!,63
what is required documents for new card process ?,23
what is the limit to top up?,60
the card pin?,38
the card payment i attempted to make failed.,25
is there a function where i can top up automatically?,4
how long does a transfer to another country normally take? i check over and over again and see that my transfer is still pending. it s 2018 nothing should take this long. i have confirmed my account information so there is no error. what is the hold up?,48
can i order cards on the app,43
how do i edit the personal details on my account?,30
i was wondering why my card was declined,25
help! my card isn t working at the atm and i know i used the right pin. trying to get my money.,26
i am wondering about a transfer from a different country that doesn t show up yet?,5
i tried to top up but it didn t finish.,47
i am perplexed. why is it that i received an extremely wrong rate when i tried to use an atm using a foreign currency?,76
why can t i see the top up amount i just added to my account?,62
i m going on a trip soon and i needed to convert my russian ruble to uk pounds but when i did your company charged me above the exchange rate. did you mess up my transaction?,17
if my transfer is from europe how long will it take?,67
can i get a refund on an item?,52
my payment has been declined several times. can you help me?,25
why is my check still not showing up on my account? it s been a week already,6
i ordered a virtual card but it hasn t come through yet,40
my disposable virtual card isn t working.,72
i have a duplicate payment on my card.,63
i think the exchange rate is wrong for my atm withdrawal,76
why was i denied the option to transfer money to a selected beneficiary?,7
why won t you take my transfer i keep getting an error message.,7
help! the atm won t give me my card back.,18
i want a disposable virtual card how do i do that?,37
i checked the app and there is a payment that i don t recognize.,16
hi i was looking over my card receipts for the past week and i realize i had a charge put through two times for the same single restaurant visit. can one of the charges be removed so that i can get the money back that was mistakenly taken from my account?,63
help my find the verification code on a top up.,71
what do i do when a charge has been made that i did not make?,20
am i able to track a card that has already been sent?,11
i don t recognize a charge on my statement.,16
what will my exchange rate be?,32
i do not understand what this particular direct debit is ?,28
i disagree with a charge,16
why can t i use my card?,14
how do i locate my pin now that i have my card?,38
how many disposable cards per day am i allowed to have?,29
i forgot my pin and now it is blocked.,49
i am still waiting for a the cash i deposited this morning,6
verify top up card help?,71
after reviewing my charges i see i was charged a fee for a transfer i did why?,64
how old do you need to be to use the banks services?,1
can i use my account even though the identity verification has not passed yet?,74
my card activation is failing.,0
why are my transfers being declined? it normally works but now it s declining my card. i ve tried it a few times but it s still not working.,27
i need an atm right now!,3
i am chatting about an order from a long while back. i never got it to this day and am deeply upset by this! i want all of my money back! i just can not accept paying for something i never got.,52
what do i do if there is a direct debit on my account that shouldn t be there?,28
can you cancel my purchase?,52
how do i deal with a blocked pin?,49
i withdrew cash from an atm earlier but it shows up as pending in the app. how can this still be pending i received the cash already?,46
can i use my card at an atm?,3
my card rejected a cash withdrawal. why?,26
i accidentally exceeded my pin tries. please advise.,49
how can i request cash back? the atm gave me the wrong amount that i ve been charged though...,75
if i need to make an exchange from usd to gbp how can i do so in the app?,33
i initiated a payment a while ago and it is still showing as pending how long will it take to clear?,45
what happens if the atm gives me the wrong amount of money?,75
how do i make my card show up in the app?,13
when will my top up happen?,47
in a recent withdrawal i received less cash than i expected to receive. did someone make an error with the exchange rate?,76
why isn t my balance reflecting a transfer i did?,5
what is the maximum number of transactions i can do with a disposable card?,29
i have been charged a pound for something that appears on my statement,34
when should i expect to see my transfer hit my account?,67
how come i m not allowed to transfer funds right now? i just keep getting an error message.,7
my card wants to be topped what do you guys support?,54
how do i cancel a transaction?,8
can i get a virtual card online,37
can my daughter open an account?,1
can a transaction be cancelled?,8
there is a payment in the app i did not make,16
i am interested in changing my personal details.,30
why am i still waiting for my refund,51
how long does it take for funds to come through the us to my account?,67
can i hold more than one currency?,36
what s the amount that i can top up?,60
can i top up my balance with a cheque?,58
i have not received the completed transaction.,66
i cannot find my credit card.,41
is a swift transfer acceptable?,56
i bought something online a couple days ago sent the money immediately online but the seller says it s still not there yet. how long do eu transfers actually take?,48
why am i being declined?,25
i was charged a fee for withdrawing cash.,19
i really need some help to understand why my transfer keeps failing. i m trying to send money to a friend. please help.,35
my card is about to expire. are there any costs with a replacement card? how quick do you mail it to me?,9
what do i do if my google pay top up isn t working?,2
i tried to make a withdrawal from the atm but it was cancelled.,26
there is a direct debit transaction that i did not authorize,28
i want to cancel my purchase,52
how do i get a refund for an item i bought?,52
what does the decline message mean,27
what is the payment in my account that i did not do?,16
what limits are the to top ups?,60
there are incorrect charges on my account there was a wd that was made by someone else. i still have my card though.,20
how can i use my credit card to transfer money?,62
why did my top up get reverted?,61
i need help to resolve mix up on my card payment. my account shows the money was taken out and then put back in the account. then i received a message from the seller it said that they did not get my payment.,53
i would like to reactivate a card and wondered if that could be done?,13
how come when i asked for 100 it only gave me 20.00 in the app,75
what do i have to do to get a visa card?,73
what are the cards and currencies that are supported?,54
do you guys accept visa or mastercard?,73
what do you charge for an exchange fee?,31
if i have a physical card can i link it?,13
where s my virtual card,40
i needed cash from the atm but i couldn t get it.,26
can i use my account before the identity verification is complete?,74
i sent a cheque a few days ago and i noticed that no money has been put on my account. can you please tell me the situation of my account?,6
does my top up and apple pay work together?,2
my salary is in gbp what should i do?,50
my phone was stolen yesterday can you help me with this?,42
which merchants accept my card?,10
how to exchange currencies,33
please check my payment from last saturday as i feel i have been overcharged on the exchange rate. thank you.,17
help i don t see my money i just added.,47
hi i am currently in the process of buying a flat and i am waiting for the mortgage to go through but it keeps showing up as an error. do you know what could be causing this and can you help me get the money over.,35
for the identity check what kind of documents do i need to have?,69
can you tell me how to locate my pin?,38
i had a payment that i made and it s been some amount of time and would like to know when it s suppose to go though.,45
how s the exchange rate looking right now?,32
what is the process to create a disposable virtual card?,37
why was my atm withdrawl declined,26
how do i set up my pin for the new card?,38
i do not wish to verify my identity.,74
balance hasn t been updated following a bank transfer,5
where is the card i ordered 2 weeks ago?,11
what should i do since my card is trapped in the atm?,18
is it right that i ve been charged for transferring money?,64
looking at my statement i see that i was double charged for a payment i made.,63
how do i perform identity checks?,69
how might i change my pin?,21
tell me what atms allow me to change my pin.,21
how can i add money automatically?,4
i m looking at my statement and my refund is not on there.,51
how do i know if my top up worked?,59
is there a fee for european bank cards?,57
is there a reason my payments are pending?,45
i am in the eu. can i get one of your cards?,24
can i use swift transfers?,56
my card is expiring so how fast can i get a new one and how much will it be?,9
what are the restrictions of the disposable cards?,29
i wasn t applied the correct exchange rate for an item i bought,17
what is the reason that my top up is still pending?,47
i was supposed to receive my new card by now but it hasn t came in.,11
i m at the atm right now and it only allowed me to withdraw 10 pounds instead of my requested 30. what s going on? how can i fix this?,75
how many uses are the disposable cards good for?,29
where can the card be used?,10
do you know if my top up has been cancelled?,61
i saw a fee on my app from one of my payments and i wasn t sure where it came from. is there a way you can tell me when there s an additional fee for my payments?,15
there is a direct debit fee in the app that i didn t do.,28
will i be charged a fee to top up using a debit or credit card?,57
my contactless payments have not been completed successfully.,23
i think i got charged twice for the same thing,63
how can i find out why my transfer didn t go through?,35
can i link your physical card,13
how do i get a virtual card for one time use,37
transactions on my card look really weird. i ve been charged twice for a couple things this week! please check this and return the double charged ones.,63
my card has been lost stolen,41
what is this cash withdrawal i don t recognize?,20
i didn t cancel my top up.,61
how long does it take to authorise a payment?,45
dude i put money in the atm last week but it ain t there! i need the money now figure this out!,6
i am dissatisfied i would like to close my account.,55
can i make a withdraw if i am out of country from with out any fees at an atm?,76
there was just a withdrawal but it wasn t me i ve never even visited the town where the withdrawal happened.,20
how do i find my pin number?,38
am i going to be charged for topping up by transfer?,56
can you tell me if i can hold money in several currencies?,36
why is there a fee for withdrawing?,19
can you tell me how i go about activating a new card?,0
i tried to withdraw cash and got declined why is that?,26
how often can i top up my account?,60
do i get charged for withdrawals?,19
a couple weeks ago some money was deducted from my account by some seller that i don t remember. i m pretty sure i didn t do that but is it possible to trace back who that is just to make sure?,28
what do i do to activate my new card?,0
after my card expires what should i do?,9
are there any limits on where i can use my card?,10
i need to move money from one of my other accounts to this one.,65
i am not able to purchase anything online! i have been using my card on multiple sites over a period of two weeks and none of the payments have gone through. why is this happening?,53
how do i create a disposable virtual card?,37
what do i do if i forgot my pin?,49
why do i have to pay extra for using my card?,15
how come when i got cash the exchange rate was different than it should be,76
i requested a refund and it is missing.,51
can i order a new card to china?,9
i want to get my salary deposited as pesos?,50
i don t recall making that payment?,16
i need some money transferred asap how long does the process take?,67
why is the cash transaction still showing as not completed?,46
i forgot my pin number.,49
will you work with any fiat currencies?,36
i am waiting for a payment to go through.,45
my app says that i received cash from an atm and i didn t.,20
i was at the store earlier and my virtual card didn t work. what s the solution for this problem?,72
why don t you accept american express for adding money to my account,54
i need a refund for something i bought.,52
i really need to top up my card today urgently but my card keeps getting declined!! can you please resolve this problem or try an alternative,59
atm took my card,18
transfer declined.,27
i tried using a foreign currency at an atm but the atm provided me an incorrect rate. why is that?,76
how many years old do i have to be?,1
was i charged extra for using my card?,15
where do i get a virtual card?,40
am i able to get both a visa and mastercard from you?,73
can you show me where to link the new card?,13
i just got married and need to change my name on the account,30
i am waiting for the money to enter my account. how long does it take?,67
what steps do i need to take for the identity checking process?,69
the store card reader would not accept my card.,25
i can t see my refund in my history.,51
why am i being charged extra when i withdrew money?,19
my money i added isn t on my card.,59
the top up did not go through.,59
can i see my available money?,70
i have lost my phone.,42
my card is showing multiple charges for the same items on my recent statement. i was wondering what actions of needed to take to fix this issue,63
can i link a card of yours i already have?,13
why did i get charged for a transfer?,64
i finished my transfer. i am having an issue with it still pending. it has been a long time and i m growing impatient,48
i need the source of my funds verified. how do i do this?,70
i would like to exchange some currency.,33
i think my top up is still pending?,47
my card won t let me withdraw money.,26
there is a withdrawal on my account i didn t make.,20
how long until transfers complete?,48
i have a visa and mastercard can i use these?,73
what is the refund policy?,52
what s the process for topping up my card?,62
the contactless i have won t work.,23
did you start charging for cash withdrawals? i thought it was free so far but noticed suddendly there is a fee. how much do i need to pay?,19
i cant get money out of the atm with my card. i just put my card in the atm but it will not allow me to take any money out. what do i need to do to fix this?,26
is there a way to get around fees,15
what is your exchange rate between uk pounds and russian rubles for my last transaction,17
why are there additional fees for transfers?,64
why is my beneficiary being denies?,7
how s the exchange rate?,32
i have a direct debit that i did not set up,28
what value can i get for my currency?,32
i took out money from the atm and it s still showing as pending?,46
why would my top up be cancelled?,61
why was my top up cancelled?,61
why isn t my transfer not going through? i keep getting an error message.,7
the atm will not let me get cash why?,26
i ve tried many times to make a payment but it s not going through. what s wrong?,25
will you accept my credit card?,54
why is the cash not showing in my account for the check i deposited?,6
can i exchange usd for gbp in your app?,33
is my card denied anywhere?,10
how long does delivery take?,12
how long does it take for a transfer to get to a recipient?,66
what s the phone number to freeze a card?,41
can you please disable my current account.,55
what currencies can be used for top up?,54
my phone is lost. what do i do to prevent someone from using the app?,42
how long does it take to receive my card?,12
i made a transaction and it is taking a very long time to go through.,66
could you please freeze my card immediately?,41
i do not remember the code what should i do?,44
where can i find my pin? i haven t gotten it yet.,38
remove my account immediately.,55
is the 1 pound charge i can see an error or an incorrect entry?,34
i sent out money but was charged extra for transferring. why?,64
what does a pending cash withdrawal mean?,46
are my friends able to top up my account?,62
is there an auto top up feature?,4
what about an auto top up is that a option?,4
my app was on the phone and i was mugged. what do i do?,42
please can i get a disposable virtual card as well?,37
can you help me to quickly cancel a transaction i accidentally did to the wrong account?,8
did not receive correct cash upon withdrawal,75
what are the most current exchange rates?,32
can i have it add money automatically in certain intervals?,4
why am i being charge a fee when using an atm?,19
i need my funds verified.,70
how young can i be to open my own account?,1
what time will a transfer from the us take?,67
my card is still pending i ve been waiting a while.,45
my atm withdraw is stillpending,46
i tried using my card today and it s not working can you help me?,14
there was an extra charge when i used my card,15
what do i do if i detect fraudulent use on my car?,22
why was i charged this extra fee while doing a transfer?,64
i deposited money in the form of a cheque but my balance has not increased.,6
what is the extra fee on my statement?,34
i need help proving that this is really me and to verify my identity.,68
my statement indicates i made a payment to an unfamiliar merchant.,16
i have tried to use my card several times and it does not work.,14
which one are you? visa or mastercard?,73
i bought some things this morning but the payment shows that it is pending,45
i deposited a check yesterday and im not seeing it posted yet in my account. why is that? can you look into it?,6
what do i need to do to verify my identity?,69
when is a payment i made with my card going to clear,45
what is the greatest number of times that i can top up?,60
my app shows a direct debit that isn t mine.,28
in which stores can i shop with this card?,10
how do i activate my new card,0
why i m i being charged an extra pound,34
what do i do if i see a transaction on my card that i don t recall making?,16
i m stuck here at your broken atm and i don t know what to do next. asked for 30 pounds got 10. atm said i got 30. something very wrong here and i want my money now!,75
i checked the exchange rate when i withdrew cash. but the actual rate that you applied was different.,76
i tried to access money earlier but the machine seems not to be working. after looking the transaction actually shows to still being process. can you find out what is going on here? i don t want to be charged for some money i never got.,46
why did my top up not go through?,61
do you offer a discount on multiple currency exchanges?,31
what is the best way to get my virtual card?,40
can i open a bank account for my newborn baby?,1
i need a single use card for shopping online,37
i was charged a fee for using my card. can i check that in any way? it seems like there are occasions that i am charge for fees. can you elaborate this?,15
i need my purchase cancelled.,52
can you tell me what cards and currencies you support?,54
if my kids wanted to use your service how old would they have to be?,1
i think when i withdrew money when out of country the exchange rate was wrong.,76
transfer could not be completed due to being declined.,27
why won t my virtual card work?,72
hello. i checked my transactions and saw i was double charged on my card for a restaurant visit. i would like to get my money back.,63
i ll send a check to top up my account,58
should i keep waiting for my card to be delivered?,11
my card payment is just showing up as pending since forever what s going on with that when should it be going through?,45
i attemped a transfer and it didn t go through.,35
i don t recognise a direct debit payment,28
is there a verification code for the top up card?,71
what atms can i use this card?,3
whats the reason for my payment being declined? it looked like everything went through ok and my account was good.,25
why is there an extra fee on a transfer?,64
i deposited a cheque but i don t see the funds in my account.,6
i have lost my phone or it has been stolen.,42
what are the fiat currencies used?,36
i ve just moved address from a place in durham to a place in walton on the naze. i have a new landlord at my new house and they haven t got my payment but i know i sent it on time can you check they got it please?,66
i am sick of this damn company and want to close out my account.,55
my top up was declined,59
what is this strange payment in my account?,16
i just checked my account on the app and there is a payment on there that i did not make.,16
what do i do now that i can t use this card?,14
hi i am trying to buy something online but i think there is some issue in my card. as payment is reverted. please help me in this as i am facing the same issue from last two weeks.,53
what is maximum top up?,60
my card payment says pending and it hasn t changed,45
why isn t my card working?,14
what is going on i have entered my passcode and its not working,44
i want to delete my account.,55
today i was out eating and my card was declined. why s that?,14
there is a withdrawal waiting.,46
what s the limit for disposable virtual cards?,29
why is there an extra charge on my statement.,34
why did i get declined transfer,27
there is a charge for an additional pound.,34
i transferred some money but it is not here yet,66
went somewhere else need to change details,30
my transfer seems to be too expensive.,64
can i get my card fast tracked?,12
can you tell me about why the account i have was charged an extra 1,34
when will my top up be approved?,47
i went tot the atm earlier today and didn t realize this till now but i did not get all the money i requested. i believe my account was charged for 100 but i only got 80. is there any way we can solve this problem?,75
i transferred 7 000 to a receiver outside the eu and they received a lesser amount than what i sent unfortunately now i must send an additional transfer to the receiver so that they can receive the full amount i initially sent. i m not sure why they received a lesser amount than what i initially sen but can you please look into this and let me know what happened?,64
hello i went ahead and checked my account details to be sure and they are definitely correct. i ve had a transfer pending for a while and i can t understand why it hasn t gone through yet.,48
i transferred some money to my mom 2 days ago and she has not received it. i double checked the information and it looks right. can you help me?,66
i live in the us how long will it take for delivery?,12
do you have support for flat currencies?,36
i was told to verify my identity how do i do that?,69
i was the victim of someone stealing my wallet. my card is being used and it isn t me. what should i do?,20
i want my purchases cancelled.,52
how do i dispute a debit that i didn t make?,28
what is the minimum age required to open an account with your service?,1
please explain why the funds i added were returned to my account.,61
i have checked my statements multiple times but my refund that i requested a while back is not showing on my account. is there a reason for this? can i get some help getting my money back from this transaction?,51
why is my top up pending?,47
my pin seems to be blocked help me access it?,49
why is the refund not on my statement?,51
where can i use my card?,10
which merchants accept this card?,10
what are the limits to using disposable virtual cards?,29
i checked the app and saw an extra cash withdrawal that i didn t authorize,20
why didn t my transfer to a beneficiary happen?,7
i ordered a card but it has not arrived. help please!,11
can i exchange currencies with my account?,33
i need to change my pin.,21
i think i want aud and not gbp can you help?,33
what atms can i withdraw money from?,3
i think i may have been charged 1 extra on my app. could you provide some insight as to why this may have happened?,34
if i don t want a physical card can i get a virtual version?,40
card is being used by someone else,22
what do i need to do to exchange my money?,33
are there any limits to were my card is accepted?,10
how much can i expect to pay to top up a us card?,57
i have just read my statement and there is a payment i don t recognise.,16
tell me how to setup a new pin.,21
the exchange rate was wrong when i bought something outside the country.,17
i v exhausted all the of times i can try my pin,49
i am having a slight problem with my american express in apple play can you help me fix the problem with top up?,2
where can i exchange between gbp and usd,33
there s a direct debit payment that i don t recognize.,28
please help me make a transfer. i keep receiving an error and i m trying to make the initial mortgage payment for a flat i m buying. what is the deal here?,35
i bought something on line a and the seller hasn t received the money i sent could you please tell me how long an eu transfer takes?,48
i tried to use my disposable virtual card to pay a subscription to the gym and it got rejected. any ideas why?,72
what information do i need to see my source of money?,70
is there a list of atm machines?,3
i still do not see the cash deposit in my account from last week. why?,6
i don t want to give you all my identify details.,74
when will i get my card?,11
i made a payment and it is showing up twice,63
when i top up the app reverts it.,61
google pay and top up i want it can i get it?,2
how long does a transfer stay pending?,48
it seems like a transfer is pending.,48
where do i find the top up verification code?,71
what if there is an error on the exchange rate?,17
i lost my wallet and all my cards were in it.,41
i was attempting to purchase a golf club off ebay yesterday but my credit card was declined. i tried multiple times and again this morning. can you check into my card please?,27
i was issued a new card a week ago but still haven t received it. how long will it be until i receive it?,11
can i have a duplicate second card?,39
are there any places that i can t use the disposable cards at?,29
why did i get charged one pound seemingly randomly?,34
would it be possible for me to get a second card?,39
when will my top up be applied?,47
what countries can i use my account in?,24
from where are you getting your exchange rates?,32
do you offer any discounts for someone who exchanges currencies frequently?,31
what currencies are supported?,36
what is my money worth in other countries?,32
my disposable virtual card was rejected by the merchant please help?,72
why can t i take cash out of the atm?,26
is there a way to use a cheque to top up my account?,58
why is a transfer to beneficiary not possible?,7
i would rather the mastercard.,73
can someone else use my account if they have my phone? i lost mine.,42
why did the atm take my card and keep it?,18
where can i find a mastercard atm?,3
how long does it take to get a refund on something i bought?,52
i would like a physical card sent to me.,43
how can i verify my identity?,69
how will i know when i get my refund?,51
a seller is stating that they haven t received money yet when the money has already deducted from my account.,53
someone else is using my card freeze it.,22
what do i do if i can t access the app?,42
i have been charged to much for the object i bought when abroad the exchange rate seems to be wrong.,17
the card can be used at which atms?,3
the exchange rate on my payment was wrong,17
am i able to cancel a transfer i just made,8
why am i seeing a transfer fee on my bank statement?,64
my google pay top up isn t working. help.,2
can i top up by cheque?,58
when will the transaction be done?,66
i transferred some money but i think it has gotten lost somewhere.,5
is it possible for a friend to personally send me a payment?,50
i lost the code and can not get into the app. help!,44
any charges applicable for new card?,23
hi i checked my transactions and saw that i was charged twice during a restaurant visit. i would like to get my money back.,63
there is a missing transfer on my account,5
i requested a virtual card but it is not showing up. why?,40
i was wondering if international transfers take longer than normal because i made a transfer from france a couple of days ago and nothing has happened yet?,5
would i be able to get an account for my child?,1
what do i need to do to activate my card?,0
are there top up charges for us cards?,57
i have withdrawn cash from the atm but it is showing in my account as a pending transation. why is this?,46
top up is not working even though i have my amex in apple pay.,2
what s taking my top up so long?,47
the app shows a fraudulent payment made on my account.,16
would i need to pay extra for exchanging currencies?,31
do you let me choose between visa and mastercard?,73
my transfer is still coming up as pending.,48
tell me about the card pin?,38
i need my card asap!,12
how long does it take for a cash withdrawal to show?,46
the top up has a definite problem! i regularly use your service and haven t had a problem before but now the top up just shows pending. please tell my why it continues to show pending.,47
i was just shopping online for some tickets and the payment was declined by you. why has this happened? i am certain i have the right amount of funds in my account.,25
does apple watch support the topping off of my account?,2
can i see where my money came from?,70
is it possible to get a real card?,43
how much longer until i get my new card?,11
if you to to account hit activate and follow the instructions you can activate it in just a few seconds.,0
can the card be mailed and used in europe?,24
why would a card payment be declined?,25
i have found my lost or stolen card. is there a way i can link the card with my account through my app again?,13
i may need to exchange my usd for gbp can your app do that?,33
i might have been charged on my debit statement by fraud.,28
please tell me how to get a refund for something i bought.,52
why can t i see a transfer to my account?,5
how do i set up my apple pay watch to connect to my account,2
is there any nearby atm s?,3
will this card work all over the world?,10
what is the fee for a foreign currency exchange?,31
please delete my account and personal information.,55
how do i transfer money using a credit card?,62
can you help me find top up by cash deposit?,58
what do you do with all the identity information you re collecting from me?,74
what do i do if my payment was reverted?,53
there is a 1 fee on my account i didn t authorize,34
i want to skip verification of my identity.,74
what should i do? i topped off but the app reversed it.,61
i am here to change my adress.,30
what methods can i use to add money to my account?,65
after purchasing an item i noticed the exchange rate was incorrect.,17
i m trying to figure out the current exchange rate.,32
why do i not have a virtual card,40
i see a reverted payment on my account. why has this happened?,53
what is needed for my daughter to open an account?,1
i have not seen any changes in my account balance s after making a transfer.,48
can i order a virtual card?,40
my refund has not hit my account yet,51
how many times can i auto top up?,4
i have a pending money transfer,48
i want to start using my card.,0
why is verifaction required for my identity?,74
i expected a higher exchange rate when i withdrew money. can you tell me current exchange rates?,76
can you please sort out your top up? i need this to go through asap because i really need the money. it s already been pending for an hour.,47
my friend has not got the money i sent last week.,66
my currency rate is inaccurate.,17
where is the closest atm i can use?,3
i was wondering about transferring money into my account and how it works. can you tell me about that?,65
my bank statement doesn t show the cash deposit i made recently.,6
i d prefer mastercard.,73
why do i get a fee every time i transfer?,64
can i link my card i previously received?,13
how do i go about ordering a new bank card?,9
if my salary is in gbp do i need to do something?,50
why has my transfer failed?,35
how can i modify my details?,30
the exchange rate for my transaction last saturday seems to have been wrong i got charged extra. please fix.,17
i am yet to receive my pin.,38
i need to order a new card as my other one was stolen.,41
can i have my account add money automatically in certain intervals?,4
i have been charged with a fee for paying with my card.,15
why do i see a fee when i do a transfer?,64
hi i lost my phone yesterday what can i do to stop someone using my account on it?,42
how long should it take for a transfer to go through? i have been waiting a while.,66
there are duplicate transactions on my account,63
i haven t received the pin yet.,38
can i have a card even if i am not living in the uk?,24
there is a duplicate charge on my account.,63
what is identity check?,74
when trying to get more than one card is there a extra amount that needs to be paid?,39
what can you do to unblock my pin?,49
i need a disposable virtual card how do i get one?,37
when will i receive the cash payment from the check i deposited?,6
are there any restrictions for the disposable cards that i need to be aware of?,29
what is your policy on withdrawing cash from an atm? there is a fee on my account that wasn t there before i paid for my groceries.,19
i ve got to have one of those virtual cards.,40
can you assist me in acquiring a virtual card?,40
how is it possible to add another card to account,39
are there any fiat currencies that you will not work with?,36
hello i have lost my phone and i m worried someone s going to steal money from me,42
i m having difficulty verifying my identity.,68
i tried to make a purchase in the store but my card was declined.,25
i would like to retract my purchase.,52
my top up is not working. why is that?,59
can i exchange and hold all fiat currencies?,36
i m having trouble verifying my id.,68
are contactless payments enabled on my new card?,23
how to verify top up card?,71
i d like to use my american express to place money into my account.,54
a card payment on my account is shown as pending.,45
i could not get the atm to work,26
can i setup top ups in advance?,4
when i got my cash the amount was not what it should have been based on the exchange rate.,76
please delete my account. i am not happy with the service from your company.,55
the atm i m standing in front of only gave me 10 pounds rather than the 30 pounds i wanted. the app shows i took out 30 pounds also. what do i need to do to fix this?,75
help! i need to cancel a transaction.,8
what is the process for transferring money into my account?,65
hey i double checked that i have the correct account details already they re right for sure. transfer is still pending since forever. it s not that difficult to transfer money to another country in 2018 is it?,48
hi today i have withdrawn cash from atm but i got wrong amount and in the app it is showing much more amount than that.,75
wtf??? i tried to withdraw some money at a metro bank on high st. kensington and without any notice it disappeared in the machine. the bank was already closed so i couldn t do anything. how do i get it back?,18
why am i being charged for transfers? are they not free?,64
there is a cash withdrawl i don t remember.,20
how do i link a new payment card?,13
how do you come up with your exchange rate,32
am i able to use apple pay?,2
i think the payment from my card was revereted,53
i tried to withdraw 50 pounds but it only gave me 30. where is the rest of my money?,75
what is the process to link the new card?,13
where can you deliver cards?,43
i have not used my card all day however there is an unusual payment showing in my app. i would like to have that amount reimbursed.,28
will i need to order a new card since mine expires next month?,9
the exchange rate was incorrect for an item i bought.,17
are there any country restrictions?,24
i inadvertently completed a transaction on a wrong account.,8
how long do transfers need to come through? i sent some money to a friend she needs it urgently but seems it s still not there yet after a couple hours.,66
the seller just told me he didn t get paid. after reviewing my account it did subtract the balance but now it has added it back to my account. i need you to please take care of this promptly.,53
so my transfer is showing as pending when will it actually go through?,48
when can i use money sent to my account?,67
why is there an uknown charge showing on my account?,16
my cash received does not match what has been requested,75
why are fees charged for cash withdrawals? i went to withdraw some money earlier today after shopping. there s a new fee that there.,19
is there a way to reset the passcode?,44
what is the length of a transaction completion?,66
can someone help me unblock my pin?,49
if i receive foreign currencies am i able to exchange them on the app?,33
how long does it take for a purchase to go from pending to authorised?,45
why wouldn t the contactless payment work when i tried to pay at the bus today?,23
will you please help me get my card back?,18
what do i do if i can t prove my identity?,68
can you please check why i am having this extra fee on my statement.,34
will this card work at any atm?,3
i want this amount reversed out of my account.,52
i need another card,39
i tried topping up but my funds seem to be pending. i want to buy something right now what do i do?,47
can it be delivered by a specific date?,12
i m looking in the app and can t find my pin where should i look?,38
how do i close my account since i m dissatisfied?,55
can i get a card in the us?,24
what is this extra fee while i was doing a transfer?,64
why wouldn t a transfer go through?,35
i need to expedite my card,12
how do i use a check to top up?,58
will i always be charged a fee for using my card?,15
i haven t seen the cash yet from the cheque i deposited.,6
why is my cash withdrawal from the atm still not yet showing as confirmed in my account?,46
i need to cancel my recent transfer quickly since i made a mistake. please help before it goes through.,8
what steps do i need to get another card?,39
there s a cash withdrawal i didn t make,20
can i use a check to top up?,58
what is the base of the exchange rates?,32
transfers may show up as pending for up to one day while they are processed by one of our payment processors. then they will depart for the beneficiary accounts. please also double check that you have entered the correct account details. sepa transfers can take up to two business days and swift transfers can take up to five business days.,48
i want to cancel the transaction i made earlier,8
why was my top up reverted?,61
how do i unblock my pin after entering it wrong too many times?,49
i hate this company! can you delete my account?,55
i did a transfer and was charged a fee that should not have been charged!,64
i have yet to get my pin,38
i need to update my address.,30
a transaction on my card shows as pending.,45
what does it mean when a payment is pending?,45
how many disposable cards is the limit?,29
why do you need me to verify who i am?,74
can i unblock my pin?,49
my phone has been stolen. how can i make sure no one uses my account from it?,42
there is a duplicate payment on my card. why?,63
my card has been declined by two separate atm and i m worried something is wrong with my account. would you please see if my account is okay?,26
i have a cash withdrawal that i don t recognize.,20
can you do exchanges of eur?,36
what businesses accept my card?,10
my card has been swallowed by an atm,18
always exchanging currencies do you offer a discount?,31
how can i get disposable virtual cards?,37
my pin needs unblocking unblock it please?,49
the recipient doesn t see the money transaction i made,66
it says that my payment is pending what does that mean?,45
it is listed in my app that i made a payment which i did not actually make,16
if i order a new card how much will it be and how long will it take me to get it?,9
why did the bank reject my transfer?,35
when i got cash the exchange rate applied was wrong.,76
hello i tried to top up with my card but it didn t work. i just got it a couple days before and it works fine. what s the deal? can you check into this?,59
i have never been charged a fee for cash withdrawal before. when did that change?,19
are you aware of any charges for receiving money?,56
there is a payment with my card which i definitely did not do.,16
i got a extra 1 fee in my statement,34
how can i top up my google pay?,2
how can i perform a dual money transferring from one account to another?,65
why is there an extra pound charge that is pending?,34
do i qualify for a visa card?,73
do you accept cheques for top up?,58
does google play offer the service to top up?,2
is there an issue with my account? i don t see a cheque deposit that i made yesterday. please assist.,6
my card didn t work at the atm in notting hill. is my card working?,26
i was trying to purchase some crypto and the app won t allow me to do it. what s the deal with this? i really wanted to complete the exchange.,7
why did the atm give me less money than what i requested?,75
why hasn t my account updated?,6
why is there a fee for getting cash?,19
what s going on with my balance? shouldn t it be a bit higher since i deposited a cheque a day ago?,6
please help me get a virtual card.,40
when will i have access to my pin number?,38
please tell me how i verify my identity.,69
account topping up bank transfers to my account assistance please?,65
suddenly my card won t work.,14
please list what fiat currencies are supported for both holding and exchanging.,36
my card hasn t arrived.,11
can i change to another currency?,33
where do i access the auto top up function?,4
where can i use my mastercard?,10
what i need to verify my account,74
i want to close my account,55
there is a payment showing that i know i didn t make. i didn t use my card that day and i m sure of it. can you please cancel that transaction and return my money? thankyou,28
i would like to know what exchange rates you use?,32
why am i seeing a transfer fee?,64
what are the fees for top ups?,56
is there a top up feature if there isn t a lot of money left?,4
i made a cash withdrawl and there is a charge. what is this?,19
which flat currencies do you support for holding and exchange?,36
please check the exchange rate for my payment last saturday. i believe i have been overcharged.,17
what happened to my top up? it was all done and now it s gone! are you having problems with your system?,61
help me order my card.,43
i double checked that i have the correct account details they re right for sure. transfer is still pending since forever. what should be done now?,48
how can i make my contactless work for the metro?,23
i make payments for my place abroad using this account and since i use it so frequently i was wondering why did the fees increase suddenly rather than decreasing? i would think customers like me should receive incentives for using your service,64
when i add money to my international card do you charge a fee to do so?,57
my credit card cancelled a payment for a purchase.,53
what s the reason my new card hasn t come?,11
can i get a visa instead of a mastercard?,73
the app is showing a cash withdrawal that i didn t make.,20
i m having a problem with a money transfer. i sent some money to a friend a couple of hours ago and they haven t received it yet. why hasn t it gotten to them? how long do transfers need to go through?,66
i got a cheque that i want to top up with?,58
i didn t get cash from an atm but according to the app a transaction was made when i didn t make it.,20
why is it important to verify a top up card?,71
i don t understand why it says i have to verify the top up.,71
i bought something and returned it and the money from the return isn t in my account.,51
there s a direct debit i wish to dispute,28
i don t understand why i m being charged for using my card.,15
hi i have withdrawn cash from the atm on holiday and i guess withdrawal amount has been overcharged. i did it as i was not aware of these charges.,76
why did my transfer not work?,35
what is the time frame that transfers normally take from a uk account? i just completed a transfer and nothing shows up. i need to know if everything is alright.,5
i made a cash withdrawal at an atm but it still says pending in my account.,46
every atm i visit is rejecting my card and i don t know why. there should be money on it. can you check it to see if something is wrong or if i m doing something wrong?,26
when will my deposit from this morning show up?,6
what atms take this card?,3
the transfer to an account wasn t allowed is there any other way for me to do it,7
why is there a fee associated with card use?,15
why wasn t my payment accepted by the app,53
could you please explain why i received a message that my transfer is not possible? i ve never had any problems making a transfer in the past.,7
why did my money disappear when i topped up??,61
i m not sure what to do about the pin because i don t have one yet.,38
can i use your services without access to the app?,42
i may no longer need gbp but instead i will need aud how can i go about making this change?,33
a transfer could not be completed.,35
what do i have to do to get my pin unblocked?,49
do transfers from europe take longer?,67
i need help cancelling a transaction.,8
please let me know how to place an order for a virtual card,40
does the exchange rate change?,32
why is the exchange rate wrong for my international withdrawal?,76
what id do i need to verify my identity?,69
i haven t been able to complete any transactions on my card today. do you know what s wrong?,14
transfer unable to be completed states declined,27
tell me how to go about activating my new card?,0
will you guys do visa or mastercard?,73
after transfering some money my balance hasn t changed.,5
hello there i tried using crypto top up today but it s not working for me might it be due to the kind of bank i m using or the country that i m from?money is also missing from my account,61
i m pretty sure my top up failed. how do i fix this?,59
the atm at metro bank on high st. kensington didn t return my card. what should i do now that the bank is closed?,18
my refund has not yet been credited on my statement,51
why did the atm swallow my card?,18
why is it saying my card payment is declined when i made it?,25
i d like to order another card,39
the transfer to my beneficiary has not gone through,7
what are your exchange rates calculated from?,32
is it possible to get a refund?,52
i need to bank account transfer from another account into this one what is the easiest way that can be done and what information do i need?,65
i don t understand why i was charged an additional fee for this service. can you clarify?,15
what all is needed to verify the top up card?,71
is there a reason for my top up to be cancelled?,61
how do i retrieve a trapped card from a atm?,18
i need to find the card i received in the app.,13
what currencies can i exchange between on your app?,33
why can t i complete the transfer?,35
my new card just arrived how can i activate it?,0
what things do i need to verify my identity?,69
could you refund my transaction i paid it into the wrong account. i need to be able to pay it into the right account by tomorrow.,8
why do you keep declining my transfers? it s always been working really well so far but when i tried to buy something just now the card got declined . i tried couple of times already but same thing is happening .,27
how did you arrive at the rate of exchange? i thought that i would get more cash.,76
who gets support?,24
what identification is required to activate my card?,0
does auto top up have a limit?,4
i think something went wrong i didn t get the right amount.,75
how long do money transfers take? my friend really needs the money i sent a couple of hours ago but it s not there yet.,66
my money transfer hasn t appeared yet.,48
i topped up last night but don t have any funds why not?,47
what payment methods are used to top up?,54
i can t find my phone and i m worried someone is going to use it,42
cannot access my top up.,62
i was charged an additional amount of money for making a purchase with my card,15
can i cancel an order if i haven t received the item yet? and how can i get my money back? please help. thanks.,52
i made a transfer a few hours ago from a uk banking account. i do not yet see the transfer. please check on this for me.,5
why has my money been returned back to my card.,53
i thought you guys offered free transfers. why was i charged?,64
can you give me a virtual card?,40
what are acceptable documents to prove my identity?,69
i got charged in double and want a refund,63
why was a payment cancelled on my account?,53
i didn t take out money from an atm but my app statement shows that i did. how can i fix this?,20
why hasn t my friend received the money i sent them yet?,66
problems with my top up,59
i am having problems with my contactless.,23
i see a 1 charge in a transaction.,34
i made a transfer and it doesnt show up in my account.,5
can you please tell me why my card payments are not going through when i try to buy something online? when i put in my card payment it takes it but it comes back a while later.,53
your foreign exchange rate is wrong.,17
i m locked out of my account as i can t remember my code what do i do now?,44
explain why i can t do a transfer to a beneficiary.,7
visa and mastercard can both be received from you?,73
the hotel called and said i left my phone in the room.,42
how many times can i use the disposable virtual card i have?,29
my card hasn t been working when i try to use it.,14
why is the purchase i made this morning still pending?,45
why wasn t my top up accepted and where did that money go? at first it said it was confirmed but now i can t find it.,61
i m not sure why my top up request was denied,59
how long does eu transfer take? i bought something online a couple days ago sent the money immediately online but the seller says it is still not there yet,48
i needed some cash while abroad and i m pretty sure the wrong exchange rate was applied.,76
i live in the us but want to get a card,24
hi i was just checking over my card transactions and notice i was charged twice for a restaurant visit this week. can you please remove one of these false charges from my account?,63
which currencies do you work with?,54
my top is still pending.,47
it has been forever ago that i made an order online. the product simply is not coming. just give me back my money because i m not paying these people.,52
i was doing a transfer and received a decline message.,27
what can i and can t do with the disposable cards?,29
are there fees for receiving a sepa transfer?,56
has my top up been reverted?,61
where exactly does money come from,70
what is the age requirement?,1
i found my card can i add it to the app?,13
can you tell me what currencies i can use to add money?,54
how do i find my pin?,38
duplicate transactions appear on my account,63
i need to close my account. your company is terrible!,55
i want to get a card but i live in the us,24
can i get my money back on an item?,52
are there any fees if i want to add money using an international card?,57
cash deposit to my account has shown a red flag.,6
i left my phone at the hotel i was staying at so i can t use the app!,42
i made a purchase recently but i have decided that i m not buying it and i need to receive my money back. can you please give me a refund asap. it s extremely urgent.,52
why didn t i receive the right amount of cash?,75
why was i charged extra for transferring money?,64
i would like to pay by cheque.,58
i can t enter my passcode.,44
do you have an age requirement when opening an account with your service?,1
why did the funds for one of my purchase come back to my account?,53
i bought something abroad and the exchange rate applied is wrong,17
will i be charged for receiving money?,56
please provide details on how to top up my account using transfer option,65
will you charge an extra fee for top ups?,57
i noticed a fee while banking abroad that seems different than any i have been charged before. what does this fee mean?,64
why wasn t my card payment accepted?,25
where do i find my pin?,38
does it cost much or take long to get a new card? mine is about to expire.,9
i removed cash from an atm earlier but it shows up as pending in the app. how can this still be pending i already received the cash?,46
how can i stop someone from using my card after i lost it yesterday.,42
there is a strange 1 charge that appears as pending on my statement. what s the cause for that? i haven t purchased anything for a pound.,34
i noticed an extra pound charge?,34
can i get a card if i live in the usa?,24
my money is gone. i had topped up recently and saw it was there and went through but now it s disappeared what is happening?,61
when my card expires soon how fast is the replacement card sent and what are the costs?,9
i asked for a certain amount of money from the atm but it gave me a different amount. less than what i asked for.,75
what should i do if i don t know my password?,44
i bought something with my card and i was charged a fee,15
do you know why my card payment has been declined?,25
when i topped up the app has seemed to reverted it.,61
how do i add an existing card to the app?,13
on my app i can see that a direct debit payment that i didn t do appears.,28
can i use check to top up,58
what is a disposable virtual card?,37
i was trying to make a transfer and got an error message telling me it was not possible to make the transfer. this has never happened before what happened?,7
i submitted a cheque couple of days ago nothing happened to my account yet.what could be the possible issue?,6
i am awaiting my refund,51
how long will my top up stay pending?,47
i might need aud instead of gbp how to change?,33
am i able to get a second card?,39
i tried to get money out of the notting hill atm earlier but wasn t able to. is my card working okay? it s the first time i tried using it.,26
what caused my cash withdrawal to be declined?,26
can i still use the app if i switched phones?,42
i think that there was an error in calculating the exchange rate. i recently withdrew cash and received much less than expected.,76
if someone in a different country sends me money do i have to pay a fee?,31
what are the currency types that i can keep money in.,36
my card is very close to expiring. when can i order a new one and how do i do so?,9
i lost my phone. can i use my card without the app?,42
are there any restrictions for the disposable cards?,29
i tried using a check to update my balance but it isn t work? is something wrong?,6
can i top up using cash?,58
can you tell me why my top up failed?,59
why does it show that my transfer is still pending?,48
how many days to deliver to a us customer?,12
what kind of money can i hold?,36
my account is new why can i not top up,47
the app doesn t think it s me.,68
can i use apple pay to top up?,2
can i use my account although my identity verification has yet to pass?,74
what is the verification process used for?,71
can i reset my password? i don t know what it is.,44
when should i expect my card?,12
i have a charge for something i didn t buy.,16
i d like to open an account for my kids can i do that?,1
how do i change my name?,30
how will i know what the exchange rate is?,32
unhappy with you how to delete account,55
i can t figure out why i haven t gotten my cash when i already put the check in the bank.,6
can i order a card?,43
why is there a charged fee for debit or credit card payment?,15
am i able to order a new card and have it sent to me in china?,9
how can i change my tholepin ?,21
i got cash and the exchange rate should have been different than it ended up being.,76
if i have a credit card with you how i get set up to link to it?,13
how much is it to receive money?,56
what cards and currencies do you support?,54
i broke my card,14
i have been trying to top up my account with a check but it won t work,58
i want to order a card. where do you deliver to?,43
how can i top up using google pay?,2
how long do transfers take? i sent money to a friend who needs it urgently. it s been hours and has not gone through.,66
why has my top up been reverted?,61
i need to terminate my account.,55
what should i do once my card expires?,9
i just got 20 when i tried to get 100,75
i lost my phone. what do i do to block someone else from using my account?,42
i didn t receive the correct exchange rate for an item that i bought.,17
why hasn t my cash been deposited yet?,6
google pay top up not working.,2
i m not able to withdraw money from the atm but i m not sure why.,26
why was my cash withdrawal declined by the atm?,26
my new card keeps getting declined. i was very excited to use it for the first time today. why is this doing this?,25
the app reverted my top up,61
on my statement there is a strange 1 charge that appears as pending. what s causing that? i haven t purchased anything that s just a pound.,34
my pin was entered wrong and now i am blocked. please unblock.,49
how are the exchange rates determined?,32
i made an atm withdrawal over the holiday and then later realized i was charged an exorbitant fee! i never would ve made this withdrawal if i d known i d be charged so much.,76
i transferred some money but the recipient is having trouble withdrawing.,66
i am having trouble to verify my identity,68
why on earth do you need so much personal id info from me?,74
what is my foreign exchange rate?,32
what do i need to do to activate my new card?,0
i have money in a foreign account that i want to send to this account.,65
i need a new pin.,21
nothing goes through on my card.,14
is it possible to get both a visa and a mastercard?,73
i think i was charged by mistake on my debit statement.,28
is the identity check part of bank policy?,74
i made a payment with my card and was charged a fee why would you do that,15
is it on purpose that my payment has been returned to my account?,53
is there anywhere in the eu this card can not be delivered in,24
can i use my card for online payments?,10
tell me how to replace my expired card.,9
hello i have a question concerning an unfamiliar fee that i notice on my account. i see that you guys charge for atm withdrawal. never notice this fee until now. can you please explain?,19
i transferred a payment a couple days ago and it shows done but it has not been received. could you please help me?,66
for god sake just delete my account i am sick of this,55
supported countries,24
there seems to be a couple of payments listed in the app i know weren t made by me. is there a possibility someone has access to my card? can you find out what s going on?,16
hi my card is getting declined continuously when i am trying to top up. request you to look into this issue or tell me any other alternatives.,59
someone else used my card to withdraw cash from an atm,20
i would like to exchange currency what types are there?,33
i ve been waiting since friday where is my money?,66
i only have one more us credit card is it accepted?,54
what can i do to verify my card?,71
what information do you need to verify my source of funds?,70
my payment for my card is not working,25
give me a refund,52
are there any atm machines near me?,3
my payment was rejected do you know why?,25
how do i contact customer support about a transfer?,27
is there something wrong with the transferring functions? i keep trying to transfer funds and only get an error message.,7
my payment was terminated,53
can i get a throw away card,37
i forgot my code to get into the app.,44
i a having trouble proving my identity,68
what do you charge for top ups?,57
there has been a red flag on my top up.,59
i answered so many questions about my identity. why do you need this info?,74
my withdrawal is pending why?,46
do i get charged for a top up from a european bank?,57
i recently transferred money to my account when will it show up?,5
what do i need to do to verify the source of my funds?,70
can i have multiple currencies in my account?,36
i am unhappy with an item i bought. how do i get a refund?,52
i managed to drunken block my card help!,49
do i need to convert my currency from gbp before transferring?,50
i would like to refill my account using swift.,56
is there a way to top up automatically?,4
there is a withdrawal that isn t mind in the app.,20
i need to transfer funds from china and quick expedition is crucial. approximately how long does it take for a transfer from china to go through?,67
i won t be pleased unless i get a mastercard.,73
is there a trick to get the disposable virtual card to work?,72
my top up was cancelled could my bank be the problem?,61
what is wrong with the exchange rate? this should have been a much higher amount of cash for that to apply.,76
i have a fee and i don t know why,15
can you tell me whats going on with my card it seems to be not working?,14
i would like a virtual card...how do i get one?,40
a few weeks ago a strange transaction was made on my account by a seller i don t know. i am quite sure i didn t do it and will like for you to check it for me.,28
i would like to know how i can verify my identity.,69
do i pay extra for exchange?,31
the exchange rate used on your app is really bad. i m considering closing my account because of it.,17
how can i reset the passcode if i need to do that?,44
what currencies can my account be in?,36
can i choose when my card is delivered?,12
somebody is taking money out of my account without my approval in another town separate from me. please place a freeze on my account until i can make it to the bank.,20
how to recover my passcode,44
are there only certain atm machines where i can use this card?,3
help! i forgot my password.,44
can i use my bank account to send me more money?,65
why hasn t my virtual card come yet?,40
is there a fee to exchange currency?,31
can i quickly send a transfer from china? how long will it take?,67
why can t i verify my id?,68
what fiat currencies are supported for holding and exchange?,36
what are the steps to change my pin to something else?,21
my transfer still says pending,48
why has my card payment been declined?,25
what reason did my top up fail for?,59
i didn t get all the cash i asked for,75
when i got cash i m pretty sure there was a glitch that overcharged me.,19
is it okay to hold money in multiple currencies?,36
my transfer didn t work! help!,35
is there an auto top up option?,4
i don t understand why you want so much of my personal info.,74
where do i find my pin for my new card?,38
is there an allowance on cards?,15
i would like to order a disposable virtual card. how can i do this?,37
i m not familiar with a card payment.,16
please help! the app won t let me cancel a money transfer. i accidently sent money to an account that wasn t mine. i need this cancelled immediately.,8
i think my top up did not work,59
how do i go about cancelling a transaction?,8
how is my money transferred to the account,65
the new card that was just sent to me was declined multiple times yesterday when i tried to use it at a restaurant to pay for my dinner. i am really disappointed and embarrassed that my card was denied when i tried to use it to pay for my friend s birthday dinner.,25
can i have a second card issued to another family member?,39
i have been double charged,63
i think someone is using my card without my permission!,22
do you have an auto top function and how do i use it if so?,4
i received a transfer in gbp how do i change it to a different currency?,50
i was charged too many times for one transaction.,63
what s the limit to how much i can top up?,60
how can i find out where my contactless works?,23
do you have a list of countries you operate in?,24
how do i check security settings using the app?,14
what is this 1 charge?,34
my statement does not reflect that a refund has been issued,51
i cannot make transactions with my virtual card.,72
it seems you keep declining my transfers. before it s always worked very well.just now when i tried to buy something the card was declined. i tried more than once and it was the same thing each time.,27
is there a way to obtain a virtual card?,40
which cards do you support for top up?,54
i need a new card since my old one is about to expire.,9
why doesn t a return show up im my account from a purchase i made?,51
i don t recognize this withdrawal on my statement,20
why does top up need verifying?,71
how much does it cost to get more cards?,39
i want to cancel a purchase,52
hey i tried to withdraw some cash earlier and it s saying it s pending? will i be charged for this?,46
i had the wrong exchange rate applied to some cash i got abroad.,76
i think my card is broke?,14
they used the wrong rate when i made a purchase with foreign currency.,17
i lost my phone and need help securing it.,42
how can i request cash back? the atm just gave me the wrong amount the app shows the amount that i ve been actually charged though...,75
can i top up from my apple watch?,2
are you ripping people off with the exchange rate? it can t be that atrocious between banks.,17
i transferred the rent payment for my new place a couple days ago but the landlord says it s not there yet despite showing up as done on my side. i checked the account number i sent it to and it s definitely correct. can you please verify if the transaction really went through or not?,66
i have made a card payment but it did not completed still showing as pending. please tell me when it will be completed.,45
how can i transfer money into my account?,65
how come the atm gave me less cash than what i asked for?,75
where can i find the verification code for the top up card?,71
i made a transfer recently but it has not changed on my dashboard.,48
two days ago i did a transfer to another account within the country. it doesn t appear the transfer went through. i have verified the account number several times. could you please check on this for me?,66
i lost my card n need a new one.,41
how can i exchange to eur?,36
what are the reasons why you would not be able to process a payment,7
how much is a physical card?,43
my card was stolen. what do i need to do?,41
what is this fee debit on my account?,34
how much do i have to pay for exchange of currency?,31
hey there i just went through my most recent credit card payments and i notice the same charge for a restaurant was processed twice. there was only one meal at this place so i would like one of the charges to be reversed and my money to be put back in the account.,63
how long does my top up pending last?,47
can i order extra cards?,39
my card doesn t work.,14
can i find the origination of my funds?,70
are your cards available in the eu?,24
i was trying to use my card and it was declined when i tried to find out what happened i found cash withdraw for 500 that i didn t do. can you please help figure this out?,20
please i need your help as to whether or not you have money for a large refunded purchase i made. i requested it some time ago from the seller but nothing is showing up.,51
why doesn t the card payment work,25
how can i reset my pin?,21
my virtual card isn t working. what do i do?,72
is it possible for me to give my daughter a second card for this account?,39
to cash withdrawals charge me?,19
can i get a card in the eu?,24
i did a transfer to my account but it hasn t shown up,5
i have a pending transaction in my app. how is it still pending if i pulled the cash out from the atm earlier?,46
hi i am facing issue with my card payment while shopping online as payment is getting reverted. i am struggling with this issue around two weeks. please advise.,53
what are the steps to finishing up with this account?,55
i have been travelling overseas and i need to change my pin. can you tell me how this is done?,21
what does it mean when a cash withdrawal is pending?,46
there is a charge i don t recognize.,16
i don t understand what a disposable virtual card is can you help?,37
how long do i have to wait for europe transfers?,67
which countries are you in?,24
can i allow other people to top up my account?,62
are there any places that won t take my card?,10
i purchased something and the seller hasn t received the money yet but it has been deducted from my account.,53
what methods are available for my friend to send me money?,50
i would like to receive instructions showing the verification process for top up cards..,71
why does my card continually get declined? i thought i had enough money in there but i ve tried several times now and it still isn t working.,27
i got 2 transfer fees and i thought transfers were free.,64
why is there extra cash in my account?,20
what do i need to verify my identity,69
i see a fee that i think was charged because i paid by card.,15
why was the exchange rate incorrect for an item i recently bought?,17
i made a cash withdrawal and was charged a fee incorrectly can you help with this?,19
what are the top up fees?,57
can i used my card even if my phone has been stolen?,42
is it possible to top up automatically?,4
how can i verify my source of funds?,70
when i withdrew my money why was there an extra charge?,19
why have i not received my pin,38
can you explain why the atm is giving me less money than what i asked for?,75
will i be able to top up by cheque?,58
i may need to dispute a direct debit payment.,28
in what atm can i change my pin?,21
can cards be delivered? where?,43
i think my transfer was declined but why?,27
please delete my account this company is not working for me!,55
can i top up using a cheque?,58
i made a transfer and they haven t received the money i sent them.,66
i think that someone may be using my card but i m not sure .,22
why can t i find my pin?,38
i live in the eu can i get one of your cards?,24
can i check my recent refund in my statement?,51
help me get the virtual card working.,72
is there any way i could open an account for my daughter?,1
i m expecting a large refund from a store i returned merchandise to recently. they say they have sent the money but i don t see it in my account can you help.,51
the exchange rate you gave me for my cash withdrawal is wrong,76
i used the atm machine to get money out for holiday shopping and saw the outrageous charges. why is that? i would not have used the atm if i had known!,76
how do i link the new card?,13
how long does it take for a transfer to be in my account?,67
why are my purchases from this morning still pending?,45
can i use cash to top up my account?,58
how can you assist on verifying my identity?,69
i m running out of money can i auto top up?,4
left my phone at hotel cant use app,42
there s an error in regards to the exchange rate for an item i bought.,17
there is an extra charge on my account i didn t authorise it s just 1 what is it?,34
why is the transfer still pending? can i do something?,48
how long until my friend receives my transaction?,66
please activate my card,0
i can t recall my passcode and need to reset it.,44
there is a odd withdrawal on my account.,20
i got topped up but the application reverted it.,61
why hasn t my transaction completed?,66
can i use this account to receive my salary?,50
i deposited a cheque with some money but the balance hasn t changed.,6
why has a cash withdrawal charged me?,19
why has my card payment been reverted?,53
i wanted to know what discounts were offered for current exchanges as it is something that occurs frequently.,31
i tried to transfer money but it said it wasn t possible? i ve done this before and it worked why isn t it working now?,7
how much will i be charged for making a transfer?,56
how to cancel a transaction,8
will you deal with swift transfers?,56
i am unable to access my app due to forgetting my passcode.,44
i want to return an item for a refund can i do that?,52
this stupid system is not letting me prove my identity.,68
something is wrong with my password.,44
since my card is about to expire what do i do to get a new one?,9
i used my card to top up but the money is gone!,62
what can i do about a direct debit transaction on my card that i didn t make?,28
is it acceptable to use either visa or mastercard?,73
why did my exchange rate change?,76
i tried to take out cash but the amount isn t right so what do i do?,75
there s a payment showing in the app today even though i have not used my card at all. i want a refund.,28
why am i not allowed to verify my id?,68
i saw a fee on my receipt from withdrawing money while shopping earlier. is there supposed to be a fee for this type of transaction?,19
i m expecting to see a cash withdrawal but i m still waiting.,46
i would like to cancel a transfer,8
i made a transfer from my uk account a couple of hours ago. could you please make sure everything went alright.,5
what will i need for identity verification?,69
why is the exchange rate different from what i expected?,17
cash deposit to my account but it has not appeared.,6
hello i have a uk account. can you please check if everything is alright with it? i made a transfer a couple hours ago but it doesn t show up yet.,5
how do i view the card i received in the app?,13
what are you going to use my identification details for?,74
since when were there charges for taking out cash from my account? it s always been free for me to do this before. how much are the charges going to be?,19
what is the delivery time for us?,12
i need urgent help. i realize i sent my payment to the wrong account number. i made a typo. please cancel the transfer now. there isn t an option from the app.,8
is my card actually working? it s the first time i tried using it,26
how many different cards can i have for my account?,39
what happens if my card payment is cancelled?,53
there is a strange card payment i don t recognise.,16
do you ship your cards anywhere?,43
i do not need gbp i need aud how do i convert it?,33
why top up is not working even if i got my american express in apple bay?,2
why isn t the transfer on my account showing up?,5
can i get money in my home currency at an atm? i m on vacation and don t have cash with me. this is cause for a bit of concern. is it possible to withdraw here without additional cost?,76
i just received a new card where do i go to link it to my account?,13
my top up was denied,59
how long will it take to transfer something from china?,67
i cannot find my card pin,38
i would like to transfer some money from my other bank account into this one.,65
i completed an in country transfer a few days ago and was sure to check the account information several times since the transaction was completed but the funds are still not available. what is the problem?,66
how can i get my google pay top up to work?,2
i m getting concerned here. i sent a friend some money and she isn t seeing it. what s going on?,66
why was my transaction charged an extra fee when paying with my card?,15
is my new bank card on the way and is there a way to track it?,11
my transfer isn t there,5
what is this extra charge for a withdrawal?,19
i keep checking my statements but nothing shows up.i requested a refund a long time ago but seems like it s not submitting my account for some reason. can you please help me get the money back from the seller for me,51
why did my account decline a incoming transfer,7
i ordered my card but it hasn t been delivered yet,11
how can i dispute a direct debit transaction?,28
hello i was contacted by a seller who let me know my money didn t come through on their side. it most certainly came out of my account so i need this looked at immediately because now it has been returned to me!,53
i couldn t pay with card in a shop,25
is a copy of the police report necessary for completing the report process?,41
the atm didn t give me all my cash,75
my transfer has been declined.,27
why is my virtual card is being declined?,72
is there a way to know when my card will arrive?,11
hi would you please activate my card?,0
i used an atm and wanted to know why i was charged an extra fee.,19
how long does it take for a top up to be approved?,47
are cards issued to people living in the us?,24
my payment was cancelled,53
i want to reactivate my card i thought i had lost it but found it again in my jacket this morning.,13
i am seeing in the app a payment that its not mine,16
my card is just not working at this time.,72
what types of cards and money do you accept?,54
why has my top up failed?,59
what is delivery speed to the united states?,12
how do i go forth on transferring money into my account?,65
in exchange for top ups will you take fees?,57
is there a limit for top up?,60
i have done a transfer within the country the day before yesterday but it s still not there yet. can you please check what s going on with that the account number definitely is the right one i ve checked that already.,66
when i m traveling is it possible to add money automatically at certain time points?,4
my disposable virtual card wouldn t process my payment?,72
there has been a charge pending on my account statement that i can t figue out it s for a dollar.,34
i couldn t make a transfer to a beneficiary!,7
i recently deposited some money into my account but it still isn t showing up. what s going on?,6
how old does my kids need to be to open an account?,1
is there a limit for top ups?,60
i did not receive my full withdrawal amount,75
why can t my id be verified?,68
what do i need to do to get my salary through this?,50
i was trying to top up my account and it isn t working,59
there is a pending transaction on my account for when i tried to get money from the atm earlier and it did not work. can you fix this?,46
i need to cancel a transaction please!,8
why didn t my transfer work?,35
i want to get a virtual card!,40
what forms of payment do you accept?,54
i transfered and yet it is still pending,48
i got double charged!,63
can i use my card anywhere i want?,10
the wrong exchange rate was applied to me while pulling out cash.,76
please explain why the transfers shows up as pending?,48
can i have a discount if i exchange currency often?,31
can you help me with my card i think it s broke.,14
i want to change my name.,30
how old do kids have to be to open an account?,1
what does it mean when my top up is saying still pending?,47
there s a possibility that my card was compromised.,22
how can i cancel a transaction to a wrong account?,8
why did i get less money than i asked for?,75
can i receive my card anywhere?,43
are there limits with top up?,60
i found my card. how can i put it into my app?,13
how do i get my refund back?,52
where can i see where funds came from?,70
i received my new card. where is it in the app?,13
what do i do for the identity check?,69
where can i find the auto top up option?,4
i added money but my top up wasn t processed by the app.,59
how can i get my card out of the atm?,18
can you tell me about these disposable virtual cards?,37
the app says i got cash from an atm but i didn t,20
my refund has not arrived and i am unsure why. who do i contact?,51
will i be charged for transfers?,64
i just had my card get declined at the atm! i need to get money out but i am unable to. why has this happened?,26
how would i go about getting a second card?,39
i don t have my passcode to access the app.,44
i entered my pin wrong too many times.,49
why do i need to verify my identity?,74
will i be charged for exchanging foreign currencies?,31
is the 1 pound charge going to be reimbursed on my card?,34
how can i change currency type?,33
can i use my virtual card for recurring monthly payments?,72
how can i exchange currencies in the app?,33
using google pay can i top up?,2
i can t activate my card?,0
i contacted the seller for a direct refund last week but he still hasn t give me my money. what should i do?,51
i was charged a fee for a transfer. where did it come from?,64
i have to verify my identity. what do i need to do?,69
why am i being charged fees on some transactions but not on others? what am i missing here? i cannot find where to see the fee structure on my account. help!,15
can you send me a new card and block my current one. i m in spain and my wallet was stolen.,41
what proof do you need for my identification?,68
how can i dispute a direct debit charge on my account?,28
can i set up an automatic top up for travel.,4
my top up never worked,59
please help me in this as i was unable to make any payment by my new card it was getting declined repeatedly. i am not very happy with this incident.,25
hello what is a virtual card and how do i get one?,40
can you tell me why my transfer declined?,27
what do i do after the atm takes my card.,18
changing my pin,21
i am having a problem proving who i am,68
i m not certain my top up went through yet.,47
is there extra fees for making a withdraw in a different country at a cash machine.,76
are there charges for receiving a sepa transfer?,56
which country s currency do you support?,36
i made a cash deposit almost a week ago but it s still not there!! please sort this out asap i need the money,6
why is my card payment still pending? it should have gone through already.,45
am i able to use my american express to add money to my account balance?,54
what are interbanks current exchange rates?,32
can you explain the disposable cards to me?,37
is it possible to get a visa and mastercard from you?,73
what is the procedure for getting another card?,39
was there a problem with topping up?,59
i don t know where my phone is.,42
why are my transfers not going through. i have tried over 4 times to get it to work. this is just a simple transfer. is something else causing this in the system? is it broken?,35
do you guys accept cash? because i deposited some this morning and i can t see it in my account.,6
i m unsure of a withdrawl in my statement.,20
why has my top up been denied?,59
i am attempting to make a purchase online but my card is not working. i know there are funds available is this an issue on the banks end?,53
why was the price higher when i paid with my card?,15
why is it failing to top up?,59
i need a transfer cancelled.,8
how can i check the source of my fund?,70
im not sure what this charge is for,15
where is the card pin?,38
there is an extra charge on my app that i was not told about or i was aware of!,34
what is the solution of this problem,11
what does it mean if my cash withdrawal does not show up properly?,46
will the card be a mastercard or a visa?,73
am i able to top up with apple pay?,2
so i was under the impression that you have an offer for crypto top up. this doesn t seem to be working. now the money has just disappeared from my account. what is the deal?,61
estimated time arrival for transfers?,67
i don t have any idea what s going on but all of my transfers keep getting declined. i have double checked over all of my recipient names and they are correct.,27
i don t know if this is an issue with the atm or my account but i just tried withdrawing 30 pounds from the atm i m at now and it only gave me 10. is this a glitch or what exactly is going on?,75
how can i get money in my home currency while i m traveling internationally? i wanted to take it out of a local atm but am worried that i will get charged extra fees.,76
please help me delete this account.,55
how do i unblock my pin?,49
i want to cancel a transfer i just made.,8
is there a fee for transferring money,64
your atm pin can be changed at any visa or mastercard atm with pin services. certain countries don t support atm pin changes.,21
there is unexpected money in my account.,20
the recipient can not locate funds.,66
i have made a withdraw from an atm this last holiday why is there such a high charge from this transaction?,76
where s the button to top up with a cheque?,58
this is urgent i typed the wrong payment information for a payment i needed to make and have clicked send i need to reverse the transaction immediately.,8
fees for currency exchange,31
why was there a fee on my cash withdrawal?,19
if i lost my phone how can i stop someone from accessing my account through the app?,42
what is the necessity of verifying the top up?,71
at which atms can i use this card?,3
how old do my kids need to be to use your service?,1
why do you guys need to verify my identity?,74
is there a fee for exchanging currency?,31
i need to transfer money into my account how?,65
can i use your app to exchange usd for gbp?,33
i think you reverted my top up.,61
my card expires next week. how do i get a new one?,9
i m not able to verify my identity.,68
how many active transactions can i make with a disposable card?,29
i m pretty sure my top up is still pending.,47
i am trying to transfer and it has been stopped why is that,7
i d like to know what the foreign exchange rate will be.,32
i tried to deposit a cheque into my account and it is not letting me.,58
do i need a pin,38
someone is using my card to purchase flights to new york it s not me because i m not going to new york please can you cancel the card and refund the money?,20
is there a mastercard atm nearby?,3
i want to do a cash deposit to top up. how do i do this?,58
am i charged if i make a top up?,56
i d like to know why my top up was canceled please.,61
can i have a non virtual card?,43
i just realized i made the wrong transaction yesterday. would you please make it correct?i need it by tomorrow.,8
hello. i m on holiday and didn t bring any cash with me. i need to withdrawal my home currency from one of your machines. do you have any that will do this and is there a charge?,76
the conversion value for my card payments is incorrect.,17
where do i go to change gbp?,33
balance hasn t been updated following a cheque or cash deposit,6
there s a payment with my card that i didn t perform. i don t know that name shown.,16
do i need to wait for my card before i get pin,38
my top up is not working,59
weird charges are appearing in my debit account.,28
how much is a cross currency exchange and can i check to see if i have any discounts available?,31
do you charge for physical cards,43
i transferred money and it didn t get there.,66
i requested a refund from a merchant a while ago and upon repeatedly checking my statement the merchant has yet to refund me my money. i don t know what s going on or why the money is getting into my account could you please help?,51
i got less cash than what i specified for through the atm.,75
i need to change my pin. can i do that at a cash machine?,21
how do i fix my card if it is broken?,14
there was an extra fee when i paid with the card.,15
there is a transaction showing in my app that i did not make as i have not used that card all day. please reimburse this amount to my account.,28
the payment for the card did not go through,25
my card has not arrived yet where is it?,11
somebody used my card to make a purchase,16
where is my pin located?,38
why was my payment declined,25
do exchanges cost more?,31
do currency exchanges cost extra?,31
what is the process to activate a card,0
i hope you can help me. my account has been compromised from a different town that i haven t been to. can you please place a hold on my account until i can make it to the bank?,20
why did my top up get reverted?,61
i am not able to do a transfer to an account,7
can friends i have top up my account?,62
i was overcharged an additional pound.,34
i need to verify my identity,69
while getting cash i was charged a fee.,19
i need my virtual card,40
i received a message from a seller stating they hadn t received my money even though it definitely came out of my account. the money has now been deposited back into my account. please get this resolved as soon as possible.,53
for what reason can i not transfer money to a beneficiary?,7
is there a fee for sending additional cards?,39
your service is bad. close my account.,55
how much would it cost me for a bank transfer to top up my account?,56
i cannot see the card pin anywhere?,38
i see random purchases to my account was it hacked?,22
i need someone to assist me with explaining how much i can top up.,60
why did a transaction i made charge me 1?,34
how do i get a new card,43
hi! i was wondering if you can help me. i used the city centre atm to get some cash but the machine declined my card. my account shows that transaction is still pending. i didn t receive the money so please cancel that transaction.,46
where is the virtual card located?,40
why is a payment i made reverted back to my account?,53
do you need to know my first and last name?,74
i saw there is a cash withdrawal from my account via the app which i did not complete.,20
atm ate my card,18
i did a payment but it was reverted by the app,53
what are disposable cards?,37
i show another charge on my card from when i used it why?,15
i submitted my transfer but it has been pending for quite a while and i was wondering what takes so long? why hasn t it completed,48
some idiot stole my card.,41
i was charged for a cash withdrawal.,19
my card payment failed.,25
how do i receive money from someone?,50
what currencies can i use to top up my account?,65
it doesn t look like the top up completed.,47
how do i top up on my card?,62
when will a transfer reach my account?,67
my card was topped this morning but i can t see the funds. why didn t it complete?,47
my statement shows charges for things i never purchased. were my account details stolen?,22
my automatic top up was unsuccessful,61
i tried to get 100 but i just got 20,75
how can i top ff my account using my apple watch?,2
why was i charged a fee? i thought shopping was free?,15
why has my card been declined? whats the deal?,25
please cancel the transaction,8
with one disposable card how many transactions can i do?,29
i am missing some funds from my account i tried to transfer them using my credit card number and it disappeared.,62
i completed a money transaction but the recipient hasn t received it,66
why isn t this accepting my identity?,68
is there a limit to the number of disposable cards i can have?,29
i m cancelling this charge. i still have not received what i bought from these people a while ago.,52
please help me! my physical card isn t working right.,14
there are a couple payments with my card shown in the app that i really didn t make myself. what s happenning with this does someone has access to my card?!,16
card activation is not working. what do i do?,0
1 extra has been charged on my statement why is that?,34
how do i use a cheque to top up?,58
is there a discount for multiple currency exchanges?,31
my phone is missing.,42
how do i validate my identity.,69
my top up was cancelled will i receive a refund?,61
where do i look for cash top up?,58
can i use this app to change money?,33
i d like to cancel a transfer,8
i want to know if there is a maximum i can top up.,60
there is payment showing that i didn t do.,16
my new pin needs to be set.,21
is there something wrong with my card payment? it s been pending a really really long time.,45
why is my last cheque deposit taking so long?,6
i can t log in with this passocde,44
bank transfer to account did not show up please help?,5
why is there a fee for a payment on my card?,15
i have received my statement but i do not see my refund why is that?,51
why is there a fee for doing a transfer?,64
my withdrawal was cancelled.,26
how can i exchange gbp for aud?,33
my top up appears to be pending.,47
why did i get a fee for getting cash?,19
how do i make my pin work again?,49
how do i see my source of funds?,70
i see cash withdrawal activity in the app that is not mine.,20
why was i charged twice for my item!,63
the wait for this transfer seems to be taking a very long time. it is very important that it goes through quickly. can you please tell me how long it may take?,48
do you support other currencies?,36
why is there a cash withdrawal i didn t make?,20
what should i do? my card has been stolen!,41
i don t know what s wrong my contactless stopped working. tried it in a few different places today and it didn t work in any of them.,23
is a physical charge extra,43
my top up hasn t happened yet.,47
my card couldn t complete a transfer why?,35
my transaction is still showing that is pending from my cash withdrawal.,46
how come i can t get money at the atm,26
do i need to verify my top up?,71
help lost my card,41
if my phone is missing can i block someone from using the app?,42
is it possible for me to top up with google pay?,2
what is the fee for a cash withdrawal?,19
what s the tracking on the card you sent?,11
i think someone is using my card to make transactions i don t remember.,22
i need to change my account details,30
are there any exchange fees,31
how can i add money from my amex card,54
what documentation do i need for the identity check?,69
i didn t cancel my card payment.,53
i want to make an online purchase but i don t want to use my credit card. can you tell me how a disposable virtual card works and where i can apply for one?,37
i am inquiring about why there was an extra fee charged when i used an atm.,19
got married and need to change name,30
i can t see if the transfer i did a couple days ago is in my account yet. i double checked my info before sending too. can you check this?,66
do you have any fees if i want to add money using an international card.,57
i was double charged for a transaction,63
my statement has not shown my refund.,51
what s the expected wait time to recieve my new card?,11
a 500 pound cash withdrawal was just made from my account but i didn t make it. i am pretty sure my card has been compromised can you help me?,20
where to i get my funds from?,70
can i add funds to the card directly from my bank account?,65
i need to know where i can withdraw money.,3
i ve use this account all the time including over this past month to pay for things from my new place abroad. i m a really good customer so why do i suddenly have new fees? i should be rewarded instead of charged more fees.,64
why isn t my balance updating after depositing cheques and cash.,6
im very upset as my top up was canceled and i have no idea why.,61
is there a charge for topping up by transfer?,56
i think someone may be using my card.,22
i m in china and really need a new card.,9
my card isn t working anymore.,14
am i allowed to change my pin anywhere?,21
why am i being a charged for using my card?,15
i have a top up that s still pending and wanted to know about it.,47
will i be charged for adding money using an international card?,57
how long for money transfer to show?,48
help me verify my identify?,68
and what about the card s pin?,38
what is the limit to a top up?,60
my account has a weird withdrawal.,20
i want a refund on this.,52
will there be a charge for topping up by account with a sepa transfer?,56
good afternoon. i made a transfer from my uk bank account. i haven t seen anything on the account in the pass few hours. please check the account to make sure everything is fine.,5
what information do i need to gather in order to activate my card?,0
the exchange rates are?,32
does it cost anything to buy something from another country? like is there going to be hidden transfer fees or currency conversion fees?,64
there are a few transaction that i don t recognize i think someone managed to get my card details and use it.,22
my card payment had the wrong exchange rate,17
i have a direct debit i didn t make,28
this debit is not my transcation. how do i get my money out back?,28
please help me! i need to cancel a transaction.,8
what if my top up didn t work?,59
my top up is taking a very long time to complete.,47
will there be a fee to receive a physical card?,43
the atm didn t give me the the withdraw amount requested.,75
why was my cash withdrawal given the wrong exchange rate?,76
i think someone has access to my card numbers that shouldn t.,22
can i use my salary for this?,50
my contactless payments don t work.,23
it seems my card payment was completed twice. i paid at the store previously and the first one did not seem to go through. after a second attempt it did go through. i now see within the app that i have been charged twice with one of them pending. can you please remove the pending amount because it is clearly something that was declined?,63
my card is expiring soon how do i order a new card?,9
at which locations can i order a card?,43
can you tell me the names of the fiat currencies that i can use at your institution?,36
where is my money that i transfered?!,5
looks like my top up failed.,59
is there a limit when using auto top up?,4
when getting my id checked what are the steps involved?,69
what is the extra fee that showed up on my card?,15
i was at the atm trying to made a withdraw and i was declined.,26
i recently reported my card as missing lost and i just found it. can i still use it?,13
can i deposit a check?,58
i made a payment that got charged twice instead of once.,63
i need to set up an account for my daughter how would i do that?,1
phone is gone what should i do,42
i was taking out funds and was unable to regain my card.,18
what are limits to top up,60
why did they take more money out then i withdrawed?,19
can you see my new balance yet?,5
need help with google pay top up,2
i had to pay in order to do a transfer,64
i cannot use my pin.,49
have you sent out my card yet?,11
is there a way my new card can be renewed?,0
what countries have access to this service.,24
how can i go about getting a disposable virtual card?,37
i ve been waiting for 3 days why is my withdrawal still pending?,46
i can t do the verification.,74
i have enough money in my account so why is my card being declined?,25
i made a transaction at an atm and was charged extra for it.,19
what atm locations are near me?,3
what does pending payment mean?,45
i made a top up yesterday but it s still pending.,47
where can i go to update my personal profile?,30
can i have a refund?,52
why is the exchange rate different than expected on my transaction?,76
there is the same transaction showing more than once.,63
i want to choose a new pin.,21
is there a top up limit?,60
where can i find the exchange rate for my transfer?,32
how to edit personal details?,30
where do i order my card?,43
why did the app deny my top up?,59
i m waiting for a transfer from the us how much longer?,67
what do i do to get a physical card?,43
when can i expect the transfer to be complete?,67
what do i do if the exchange rate was wrong for the item i bought overseas?,17
my things were stolen yesterday and i can t use any apps or anything so i am going to need some help.,42
do you charge for transfers?,56
what are the steps to verify my identity?,69
how many times can i use a disposable card?,29
can i use the app without my phone?,42
the top up verification code is not visible.,71
my credit card seems to have been declined for top up. why is it not going through? can you tell me what s going on?,59
there was a fee charged when i paid with my card.,15
why isn t my top up showing? was the money reversed?,61
hi i found a large amount payment in my old statements which i am sure was not made by me. i am aware that the time has passed but is there a way to raise a dispute for this payment now?,28
is there any age limit?,1
why is there a fee for using my card?,15
i asked for more cash than what was received,75
why did i need to verfiy my identity?,74
is there a way i can get my atm card back from the machine?,18
i did not receive the correct amount for the exchange rate.,17
even though i added money ey to the card i couldn t use it,47
a transaction is showing more than once.,63
how do i freeze my account?,22
i need my card frozen cause it was used without my consent to take money out. it was in an odd place.,20
my credit card for was not approved for a top up transaction. what happened?,59
how can we correct a mistake on an atm transaction? the app shows what i should have gotten.,75
i thought transfers were free. why was i charged to transfer?,64
can my card be used everywhere?,10
can my friend send me money if it is not in us dollars?,50
is it possible to cancel transactions?,8
how many days until my us transfer arrives?,67
my atm cash out is still pending,46
hello can you please help me get a refund from this merchant? i ordered a product and would like to return it. i have been unsuccessful in getting the merchant to return my request for the past several days. i understand it can take up to 45 days to process the dispute and issue a refund however if this can be expedited faster it would be very helpful to me.,52
how can i check how much free spending i have left? i have some big purchases coming up and want to know where i can look for any info.,15
will it cost more money if my currency needs to be exchanged?,31
what happens if a merchant doesn t accept a payment?,53
when will my new card be delivered?,11
what is the max i can top up?,60
there s a payment in the app i don t recognize.,16
should i order a new card before i freeze my original one?,22
is there a way to make my old card usable with the app?,13
would a visa or mastercard be more suited to me?,73
i used my card to make a payment a while ago and its still pending why is it taking so long?,45
what is the process for activating my card?,0
how do i report a cash withdrawal that wasn t me?,20
last week i put a cash deposit into my account and it is still isn t there.,6
i ve made a transfer from france two days ago but i was wondering if international transfers take longer to arrive because it hasn t made it yet.,5
i have a new card and i need to activate it.,0
how do i get a real card?,43
what can i do with a disposable virtual card?,37
can my teenager have an account?,1
help me find the transfer that i did.,5
top up is slow to process,47
what is the longest that a payment will show pending? there is one showing that has been sitting there a few days.,45
is there a top up limit that i have to stay under during a given period of time?,60
the atm didn t give me the amount i asked for,75
what is the fastest that i can make a transfer?,67
there was money taken out of my account and i m pretty sure i didn t do it.,20
how old do i need to be?,1
why am i being charged again?,63
can i go into my app to find my pin,38
i just got my card and want to use it how do i activate my card?,0
why would my card payment be cancelled?,53
how can the money machine keep my card what do i need to do?,18
how long will it take my card to get here?,12
why hasn t my card arrived yet?,11
how come you charge for cash withdrawals? i withdrew cash after buying groceries today and there seems to be a new fee,19
please explain why my card was declined?,25
will i be charged for a cash withdrawal?,19
where can i get the info for my funds,70
how do i make my top up complete?,47
i would like to delete my account. i m not happy with the service you re providing,55
tell me if there is a limit to top up.,60
what would be the reason there s an extra fee on my statement?,34
why is allowance not being given to my beneficiary?,7
when i tried to pay for my bus ride the contactless payment wouldn t work. how can i prevent this in the future?,23
i would like to transfer funds from one account to another.,65
the atm took my card.,18
i found a charge for a direct debit that was not made by me.,28
when did you start charging to make a withdrawal? how much is it now? i always thought it was free.,19
i want to use my card how would i activate it?,0
why would a transfer to an account not be allowed?,7
how much are you going to charge me if i top up my us card?,57
how long will it take for my cash withdrawal to stop pending,46
what happens when i money transaction doesn t show up on the receiving side?,66
google pay top up did not work,2
the app declined my top up. what did i do wrong?,61
let me know when you charge for payments. i just checked the app and saw a fee that i wasn t warned about.,15
is there a few for exchanging foreign currencies?,31
i can t recall my password.,44
since my card is about to expire i need a new one.,9
i need some help figuring out what this strange payment is on my account. it s stays pending and won t go away.,34
my cash deposit from a week ago is still not in my account. can you help me please?,6
why can t i see the top up i made?,62
is there a way to change name?,30
what currences are available for exchange?,33
when i made a cash transfer abroad the wrong exchange rate was applied,76
please check payments on my card. there is a duplicate and i only bought it once.,63
as advised by you i requested seller to refund my money. a week has passed but i haven t got any update from seller. please track the refund with the seller.,51
i messed up and made a transaction using the wrong account.,8
a fee came along with me paying with card,15
please tell me where i can update my details since i moved.,30
my details need to be changed how can i do so?,30
can i top up my card using a bank transfer.,65
can i use my account although the identity verification has not been accepted yet?,74
more fees this time for withdrawing my own cash. why are you robbing me?,19
there s a direct debit payment in my account that i didn t make,28
how come i was charged a transaction of 1?,34
i am trying to exchange aud for gbp how do i do that?,33
what can you tell me about getting a virtual disposable card?,37
is verifying my identify important?,74
the app doesn t know it s me.,68
how come my cash withdrawal came with an unnecessary fee?!,19
how would i top up with a cheque?,58
why haven t i gotten my new card?,11
can i change my pin at the atm?,21
what do i do if i completed a money transfer but the recipient hasn t received it?,66
is there a list of where i can use my card?,10
can you help me get a disposable virtual card?,37
i am having problems transferring to a beneficiary.,7
i ve tried using my card multiple times and it keeps getting declined.,25
my payment came back for something i m trying to buy online? it s been doing it for two weeks. do you know what the issue is?,53
why did they charge me an extra 1?,34
i need assistance completing a transfer. i m trying to purchase a flat and need the money for the initial mortgage payment. i keep getting an error and the transfer is not going through. what is going on here?,35
i want to top up using cash where can i do that?,58
how do i activate my new card i just got?,0
when will my funds transfer?,66
how are exchange rates determined?,32
can both a visa and mastercard be received from you?,73
i have not received the amount of cash i was supposed to.,75
i see an extra 1 charge on my app. why did it charge me extra?,34
how soon will i get my card?,12
i have tried a couple of times to make a purchase and my card keeps getting declined. why do you keep denying my transfers? i have already tried a couple of times and it s not working.,27
how to receive the actual card,43
does it cost extra to exchange currencies?,31
why is my money gone right when i attempted to top up,62
what s the normal time frame for a transfer from a uk account? after just making a transfer it doesn t appear at all. i need to know if things went okay.,5
i requested a refund directly from the seller but i still don t have it. i just want you to send me my money back. i did what you said to do and i still don t have it.,51
how do i reset a forgotten passcode please?,44
why did my transfer not go through?,35
i ve notice i was charged for withdrawing cash can you explain why?,19
i am not satisfied with your company. close my account.,55
i received a different amount of cash than what i entered.,75
will i get charged for topping up with an international card?,57
i made a payment and it appears it is showing twice,63
how do i change my last name?,30
how many disposable cards can i have?,29
how do i go about ordering another card?,39
my beneficiary didn t receive my transfer,7
i can t see a refund for a return i completed recently.,51
i pulled cash from the atm earlier. why is it still pending if i already have the cash?,46
i have never been charged for making an atm cash withdrawal before but i am now being charged a fee to withdraw cash. what happened?,19
my order needs to be canceled.,52
i can t find the card pin.,38
how long does it take for a top up?,47
i cannot prove my own identity.,68
i just activated auto top up but it is not letting me enable it. why not?,4
where in the app do i link a new card?,13
how much extra will i be charged for exchanging foreign currency?,31
what is the activation process on my new card?,0
i need immediate assistance in canceling a transfer which was a mistake. please help me quickly so this does not go through.,8
when will my deposit post to my account?,6
i m trying to activate the auto top up function. where is it?,4
i noticed an extra 1 charge on my statement can you tell me why that is?,34
i can t get my virtual card to work at all,72
i heard that you support more than one type of fiat currency would you tell me which ones please?,36
can you tell me why my transfer failed?,35
why did my transfer fail? what can i do?,35
looks like my card payment was made two time by mistake. i went to pay at the store earlier which rejected once second time it worked. app is on pending for one of the payments. can you please remove one of them as it s wrong and clearly was declined?,63
i tried to buy something over the internet yesterday and got a declined error. i tried again today and got the same message. what is the issue?,27
my american express works with my apple pay why is top up not working?,2
i was made to pay an additional pound!,34
i don t see my refund money yet in my account. i asked the merchant a while ago for a refund so i don t know what s taking so long. can you look into it and see if the money is there just not in my account yet?,51
i have trouble proving my identity.,68
help! the app has an atm withdrawl that i didn t make.,20
what can i do if my passcode won t work?,44
why do i see an extra 1 charge on my statement?,34
i think something is wrong with your top up. i ve been waiting a little over an hour for this to go through can you send it through for me?,47
what are the current exchange rates?,32
can i top up my account with a check?,58
why has my top up not worked?,59
i would like to get both mastercard and visa card from you if that s possible.,73
i need to reset the passcode.,44
why was money taken for a transfer?,64
how do i accept exchanges to eu?,36
my source of funds need verified.,70
my card doesn t accept any transaction at all. what s wrong??,14
hi i just came to know i made the wrong transaction yesterday. would you please make it correct?i need it by tomorrow.,8
can i request a refund,52
i cannot withdraw money from the atm,26
what are the steps i need to take to verify my identity?,69
the app denied my top up,59
help the atm didn t give me all the money i requested,75
my cash in the atm is still pending,46
why was i charged extra on my last uk pound to russian ruble exchange?,17
how much does it cost for additional cards?,39
hae there i have a transaction that is in progress despite the fact that the atm was not working what do i do to avoid being charged?,46
i transfered however its still pending,48
one of my card payments i don t recognise the name of the merchant.,16
i withdraw cash from the atm and was charged a fee,19
when will my deposit be processed?,6
can i have a auto top up when my account is short?,4
is there a location near me that i can change my pin?,21
my card is lost! please help me!,41
i keep checking my statements but nothing shows up! i requested a refund a long time ago but seems it s not reaching my account for some reason. can you please help me get the money back from the seller for me,51
what does it mean if my payment was reverted?,53
can my account have different types of currency in it.,36
if my card payment isn t working what do i do?,25
i like mastercard better.,73
why is my refund missing from my statement?,51
i m trying to move money from my account to elsewhere but it s giving me an error message.,27
where can i check to see where the money in my account came from?,70
can i use my account before my identity verification has passed?,74
i tried to buy something online yesterday and got a message saying declined. i tried again today and got the same message. what s the problem?,27
hey i tried to get some money out earlier but the machine didn t work. now just saw the transaction still seems in progress! can you please check what s going there seems something is broken i don t want to be charged for money that i haven t actually received!,46
how do i track my card?,11
how long to uk transfers usually take? i made a transfer but it didn t pop up in my history yet. i just want to make sure it went through.,5
i haven t received my card.,11
my phone was stolen so i no longer have access to the app.,42
who accepts the card?,10
what is the top up rate charge for using a card in the us?,57
my card was refused,25
what s going on with the top up? all it says is pending pending pending! i use your service several times a week and have never had a problem before! what s going on here?,47
i just got my new card how do i activate it?,0
does transferring money have a fee?,64
can my children open an account?,1
my pins seems to be blocked can you unblock it please,49
i need assistance finding out why i am unable to top up my card it keeps getting refused. it is extremely imperative i get this resolved quickly.,59
my card is stolen. help!,41
i m pretty sure something went wrong with my exchange. i changed russian ruble to uk pounds and was charged way too much!,17
why has my transfer not arrived yet?,66
does this app exchange currencies?,33
did my transfer fail?,35
is there a reason that my top up is still pending?,47
why am i seeing a fee for transferring money?,64
where is a atm that accepts mastercard?,3
i didn t make this payment!,16
i need assistance with understanding which fiat currencies that you support.,36
i believe my top up did not work.,59
i need to exchange my gbp to aud how would i do this?,33
how do i add the card to my account?,13
what do i do if i can t get my card out of the atm?,18
what are the fees of using an international card to add money?,57
can i have a visa card?,73
can you top up your account automatically,4
how do i turn on my new card?,0
i would like to change my pin.,21
where would i find top up by cash deposit?,58
i am seeing in the app a diret debit that its not mine,28
i m having trouble proving my identity,68
everything was stolen from me. i can t use the app. please advise.,42
how can i see my source of funds?,70
i don t see me top up in my wallet,62
my card is expiring shortly. how much will it cost for a replacement and how soon can i get it?,9
how long will a transfer from china take? i need to transfer something from there.,67
i need help finding the auto top up option.,4
what is my password?,44
someone has a copy of my card !! i definitely still have it here but someone just made a 500 cash withdrawal help!,20
how do i exchange currencies with this,33
what is the rate for exchange fees?,31
how many disposable cards can i have at one time?,29
why can t i see a recent refund in my statement?,51
my pin is not working and i need assistance.,49
can you please tell me why my transfer failed?,35
can you assist me with unblocking my pin? i put it in wrong too many times.,49
my atm transaction was cancelled.,26
why is there a fee for my transfer?,64
hello i am facing the issue with my new card as payments are declining again and again. please help me in this issue.,25
will my other us credit card be accepted?,54
if i lost my phone at the hotel can i still use the app?,42
why didn t the atm give me my money?,26
what is the tracking number for the card you sent?,11
a transfer to my account was denied.,7
can i change my pin at atms? if so what ones?,21
can you transfer money to your card by bank transfer?,65
i need to report a stolen card,41
something went wrong with my withdrawal. the amount of money isn t right.,75
can i open an account for my children?,1
why haven t i received my new card yet?,11
the app doesn t believe that i am myself,68
why did my top up not get approved this time?,61
when can i expect my refund?,51
my card got trapped inside an atm what should i do?,18
i saw money was taken out of my account by a seller a while back. i do not recognize the seller but i m pretty certain i didn t make that payment. can you track who the seller is?,28
if i order a card when does it arrive?,12
i made a mistake and need to cancel a transfer.,8
how can i top up my limit?,60
what is the time frame for a transfer from the us?,67
i used my card and there was a fee,15
i made a bank transfer and my account balance did not show it.,5
how long is the delivery to the us?,12
what do i need to do to get cash back? the atm gave me the wrong amount that i requested but the app is showing the amount to be correct.,75
i would like to exchange currencies,33
i m still waiting on my card to be delivered.,11
i want a virtual card!,40
does the exchange rate change each day for purchases? there is a different rate on my purchase.,17
which countries does your service work in?,24
i saw i was charged extra for money i withdrew?,19
what is the difference between standard and express delivery?,12
how do i find the verification code for my top up card?,71
i got mugged yesterday and lost access to the app. i need to regain it.,42
next time maybe let people know that buying things from another country costs extra. i used my card to purchase an item from another country and i was charged for the item and also an extra fee it looks like. i wasnt aware of this and i think i should get a refund.,64
i tried activation my card and it didn t employment,0
i thought that transfers are free. why was i charged an extra fee?,64
while transferring money its getting error out as my transfer is not possible. please help me in this as earlier i was able to do it successfully.,7
i transferred some money and it didint arrive,66
something is wrong with my top up and i can t see it. how do i find it?,62
do i have to wait for a physical card before i get my pin,38
what are the fees for using transfer to top off my account?,56
i am not satisfied with your company and wish to delete all accounts immediately.,55
i guess exchange rate for my payment was not correct as i charged extra on the last saturday.,17
is it possible to edit my personal details on the app?,30
how many transactions can i make on my disposable card?,29
why on earth is the exchange rate so bad? can i get a rate closer to the actual interbank rate?,17
i contacted a seller about a refund last week but he still hasn t returned my money. i am frustrated and need these funds. please help me get my money back.,51
where is the transfer that i did?,5
why are you charging for cash withdrawals? i went to withdraw some money earlier today after getting my groceries and it appears there is a fee that wasn t there before,19
my transaction to pay for an item was returned to my account.,53
what are the steps i follow to transfer money into my account?,65
the app is showing a direct debit transaction that i did not perform,28
where is my refund? i have been checking my account all day.,51
out of the blue my card stopped working.,14
i lost my phone. what do i need to do?,42
is it possible someone has access to my card? i noticed that there are a couple of payments in the app i m sure i did not make. can you find out what s going on here?,16
how do i cancel my account,55
looks like my card payment was cancelled.,53
how can i resolve a problem where my card won t go through at all?,14
is there a way to get a virtual card?,40
i am not satisfied with your service. close my account.,55
where can i withdraw money from?,3
which fiat currencies do you support?,36
what caused my top up to be returned?,61
how do i go forth verifying my top up card?,71
the virtual card won t work.,72
i need to find the top up verification code,71
my funds are low can i auto top up?,4
do i receive the physical card for free,43
what is the charge to make a transfer,56
what s the procedure for canceling a purchase?,52
is there any way for you to find my card?,41
i got my card a few days ago but am unable to top up. i m thinking about closing my account because of this. what is going on?,59
why did i only get 20.00,75
can you deliver the pin separately?,38
what do i do if i can t access my passcode?,44
may i get one of your cards? i live in the eu.,24
what is this fee for transfering,64
may i get my salary paid out in a different currency?,50
would you give me a mastercard and visa?,73
i was needing you to see if the exchange rate is correct from when i got cash,76
trouble transferring transaction contact for help,27
any chance of getting the card outside the uk?,24
what documents are required for proof of identity?,69
can i get some help to get me card activated?,0
can i have money of different country of origin.,36
when will you be taking orders for disposable virtual cards?,37
this past holiday i made a withdraw at the atm machine and it seems i ve been charged too much.,76
please help me there is a transaction in the incorrect account.,8
will a cheque suffice?,58
there is a fee from a transfer that is not supposed to be here!,64
there are transactions that i did not make on my account i think someone has my information.,22
i believe my exchange rate is incorrect,76
what currencies are accepted to add money?,54
why isn t my card working anymore?,14
price of physical card,43
the card got declined twice when i tried to use it to buy something online yesterday.,27
i didnt do this charge,16
totally unacceptable. i m stranded with no cash because the atm wouldn t give me any money!,26
is there an age limit for opening an account?,1
i checked my account today and it said i was out of money. how do i transfer money into my account?,65
i want to reset my passcode how can i do that?,44
how do i know what the exchange rate will be when i make an exchange.,32
i want to get a new card before my current one expires how much will it cost me and how long will it take to get here.,9
i have have multiple charges for one transaction.,63
i would like to verify my source of funds.,70
how can i change my rowlock ?,21
my card was refused why?,25
what is the meaning of a pending payment?,45
what currencies are used in your exchange?,36
i noticed my card payment was cancelled can you tell me why?,53
why was there an extra charge when i transferred money?,64
how can i get paid in a different currency?,50
hi i was trying to use my card but it was declining by atm. i have cross checked with two different atms but i was facing the same issue. could you please check my account.,26
how do i track the card you sent me?,11
what can i do to track the card you sent me?,11
my transfer is still pending why?,48
which cash machines will allow me to change my pin?,21
how do i access the virtual card?,40
help i need to top up my account. where do i send a check?,58
was my top up reversed?,61
the atm would not give me cash why?,26
my account was charged a debit payment i don t recognize.,28
i need to know what these extra charges are on my statement?,34
my cash deposit hasn t posted to my account.,6
how can i get funds into my account from my american express?,54
i am tired of getting charged fees and i have no idea why please let me know what when you charge fees for.,15
can i use visa or mastercard with your service,73
how can my friends top up my account?,62
the money is still in my account even though i already paid i don t understand what happened.,53
where do you find your exchange rates?,32
what is the top ups limit?,60
why is the app showing a still pending message on a withdraw that has already been done?,46
what if i need multiple disposable cards?,29
how do i update my details?,30
the atm cancelled a transaction on me when i was trying to get some cash out.,26
i had a duplicate card and got charged twice. how do i resolve this?,63
explain what the pending payment means?,45
my transfer to another account was not allowed. why is that?,7
help me check where the funds came from.,70
i tried to withdraw money but was told i didn t have funds,26
i put the wrong pin too many times and now it is blocked. can you help me unblock it?,49
i just made an order and noticed an extra fee. why have you charged me this without informing me?,15
why is there an extra 1 pound charge on my card?,34
is there a charge for using transfers for top ups?,56
what should i do if my physical card isn t working?,14
my transfer was wrong are you able to stop it before it goes through please?,8
show me please how to reset my passcode.,44
why do your exchange rates change,32
are there any express fees if i want my new card faster?,9
i was charged an extra pound.,34
what are the exchange rates for foreign currency atms,76
there s a debit on my account that i didn t do.,28
i am 16 and just started working at mcdonalds can i deposit my checks at your bank?,1
i got a message that i cannot name x as a beneficiary.,7
i need some help i thought you guys accepted crypto top ups?? it won t seem to let me do it. i put money in my account and now it s gone and i didn t spend it. where did it go??,61
i need you to stop the transfer i just started as soon as possible i just realized it s not correct!,8
i tried topping up using my card but the money is gone?,62
my cash withdrawal isnt showing on my account,46
when i got cash my exchange rate was off.,76
my card payment is just showing up as pending since forever what s going on with that it should be going through at some point?,45
my virtual card is just not going through.,72
is there a way to track the new card you sent me?,11
why was my top up rejected?,59
i tried taking money from the atm but no money came out but the transaction is still pending? how is this possible?,46
i am reluctant to use atms international because i don t get an accurate exchange rate,76
i already have a card and want to link it,13
where do you deliver cards by mail?,43
my work sends me all over the world can i get a discount for all the money i have to exchange?,31
how does a transfer work?,65
i have been waiting for my top up to complete and it still hasn t gone through.,47
what is needed for identity verification?,69
how do i find top up for cash deposit,58
how come the atm won t give me my money?,26
my identity verification didn t work,68
my card is needed soon,12
which establishments will accept my card?,10
do i get a card to keep in my wallet?,43
is there anywhere i can t use my card?,10
can i use my account now even though my identity verification has not gone through yet?,74
i noticed on my online statement that an atm withdrawal i made early is still pending. is this accurate?,46
where s my top up code?,71
i got my american express in apple pay why is top up not working on my device?,2
how much would i be charged for a transfer?,56
do you charge if i use a european bank card for top up?,57
i went to top up and it is no longer there. was it sent back?,61
i made a cash deposit but it hasn t shown up in my balance yet.,6
which outlets accept my card?,10
is there a way to do automatic top up,4
where do my funds originate from?,70
can you tell me where to go to get a disposable virtual card?,37
a cash withdrawal has been done that i didn t do.,20
are there restrictions for my disposable card since it does not seem to be working?,72
can i auto top if i m low on funds?,4
why are the payments being declined on my new card? i tried several times to use my new card to pay for my gas at the shell station in my neighborhood. i am very distressed about my new card not working.,25
i want to set a new pin,21
is my card frozen?,14
can you remove my account please?,55
i tried to make a transfer and it was declined. why?,27
with this app will i be able to exchange currency?,33
i got charged for with a fee for paying with my card.,15
if i found an error in my account for a transaction i didn t make how long to i have to dispute it?,28
why aren t my payment funds available to me?,45
i would like to re activate my card it was previously reported lost but i found it this morning.,13
if my pin number is rejected how do i solve it?,49
i bought something in another currency but the exchange rate was incorrect.,17
when can i expect to receive my new card?,12
the card that i have isn t working. this is the physical card.,14
i deactivated my card but would like to reactivate it.,13
is it normal to be charged an extra fee when paying with my card?,15
where is the cash from my cheque i recently deposited?,6
i haven t gotten my credit card in the mail.,11
how do i verify the source of my funds?,70
i just realised i made the wrong payment yesterday. can you please change it to the right account? it s my rent payment and really really needs to be in the right account by tomorrow,8
i think my statement has a fraudulent charge,16
how is the exchange rate doing?,32
where are the cards transported to?,43
i need a physical card.,43
may i receive a different card pin,21
how can i revert a transaction from this morning?,8
i see a direct debit transaction in my history that i did not set up.,28
for some reason my account s been charged an extra dollar.,34
where can i find your locations?,24
i need to top up but i have to use an international card. is there a cost for that?,57
i wanted to buy something online yesterday but i could not because the card got declined on the day of and the following day. what is wrong with the card?,27
i got a strange cash withdrawal in my statement,20
is there a maximum amount of top ups?,60
my transfer has still not appeared.,5
i need to create several disposable cards per day.,29
i ve checked multiple times to make sure the account number listed is the right one after attempting to make a transfer within the country the day before yesterday. the transfer is still not available so can you please find out what is going on?,66
can a credit card be used to transfer money?,62
can it be delivered on a certain date?,12
tell me why there is an extra charge when i used an atm?,19
why was my cash withdrawal declined?,26
what happened! i asked for 30 pounds at your atm and only go 10. the machine lied about it too. it said i received the full 30 pounds. someone better help me asap on this.,75
what do i do if my disposable virtual card doesn t work?,72
seems like my top up has failed,59
what is the identity check for?,74
i m having difficulties changing aud for gbp. how do i do this?,33
i just completed a bank transfer and the balance didn t update,5
the app won t let me top up my account,59
i seem to be having trouble with my google pay top. can you please help?,2
if i want a friend to top off my account can they?,62
my transfer was declined. why did this happen?,27
i couldn t transfer money to my bank why not?,7
what is my top up limit?,60
my latest transfer seems to be missing.,5
i need to reset my passcode this one isn t working,44
i need to get some more physical cards.,39
how would i use a disposable card?,37
how can i link my bank to my top up account?,65
even though it s late i wanted to see about disputing a charge. i was just looking through my transactions over the past couple of months and noticed a pretty large amount that was not completed by me. is this possibly something i can still do.,28
how long does it take in europe to do a transfer?,67
how does someone else top up my account,62
so i ve been using my account frequently to manage payments for my vacation house in a different country and now i m getting hit with ridiculously high fees! what s with that? ought not i be rewarded as a frequent user?,64
i have my card here with me and someone has just made a withdrawal for 500. please help!,20
what are the top up fees for using an european bank card?,57
i can t find my phone what can i do to prevent someone from accessing my account on it?,42
i have got out the wrong amount from an atm. please tell me the process to get the cash back as in app its showing the amount i have been actually received.,75
someone that i had to send money to told me that they didn t receive the full amount i sent them can you look into this?,64
why is there some cash that i did not deposit in my account?,20
is apple pay costly?,2
please can you block the transaction i just sent from my account? it was a payment but i accidently typed in the wrong details and think it might have gone to the wrong place.,8
my foreign currency exchange has been applied incorrectly.,17
why do i need to verify a top up?,71
can i top up as much as i want?,60
i put money into my account in the form of a cheque but my balance did not change.,6
my card expires soon,9
the rate of exchange isn t right for my cash withdrawal.,76
are you only able to get a card if you re in the uk?,24
i am having trouble finding the top up card verification code.,71
i keep getting an error message when i m trying to transfer funds! why aren t you accepting that?,7
why are there multiple transactions showing for one purchase?,63
where can i withdraw money from?,3
i can t input my pin again.,49
is there a local atm that will provide british pounds i have no money for my homeward journey and do not feel comfortable waiting until i arrive in britain. will a withdrawal involve extra charges?,76
i was charged twice when i didn t purchase anything twice.,63
how do people send me money?,50
what do i have to do to activate my card?,0
is apple pay a possible top up option?,2
hi today i have tried to make payment by my new card but payment got declined many times. i am very disappointed please look into this.,25
can i get a real card?,43
there s been a transaction to the wrong account.,8
how do i report my card as lost or stolen?,41
how can i get my money back on an order. i haven t gotten the item yet so i want to cancel the order. how?,52
why hasn t the money i transferred into my account shown up yet?,5
my attempted transfer failed.,35
i m out of money can i add money with my bank?,65
where is my transfer from country ?,5
transaction refund missing from my statement.,51
will my new card work outside of the eu?,24
please give me both a visa and a master card.,73
i need to make an immediate cancellation related to a transfer. this was a mistake. please assist quickly so this does not actually go through.,8
how long does it take for a transfer?,67
what are all of the different steps for identity checks?,69
how do i discontinue my account?,55
do i really need to verify my identity?,74
the atm keeps declining my card! i tried two different atms already can you please check if everything is alright with my account??,26
please close my account. i am unsatisfied with your service.,55
the app is saying i made a withdrawl but i didn t.,20
will i be charged if i use european bank card for top up?,57
there is a cash withdrawal from an atm listed but i don t remember making this withdrawal.,20
what s the cost for exchanges?,31
i have another card from the u.s. will you be able to accept that one?,54
how can i make my card ready to use?,0
why can t i take money from my account?,26
why isn t my google pay top up working for me? did i do something wrong?,2
how do i become aware of where my funds come from?,70
the card pin is not visible anywhere?,38
why would my transfer be declined? i ve checked that i ve put in all the right details but it is still declined.,27
i don t see the verification code for my card transfer.,71
how much does a transfer cost?,56
how can i lookup where funds came from?,70
how come i have pending transfers?,48
do cash machines let me change my pin?,21
asked for 100 but only got 20. why would this happen?,75
will my gpb update my salary,50
where do my funds come from?,70
can you check if my money has reached my account since it is not showing up yet?,5
how do i use my card if i lost my phone?,42
can i get a visa card?,73
is it possible to get a refund for the item?,52
is there a limit on the number of times i can use a disposable card?,29
i made a mistake and need to cancel a transaction,8
i reside in the us but i want a card.,24
can you please check if i was charged twice?,63
there is a pending 1 charge on my statement. i haven t purchased anything for 1 . why is it on my statement?,34
why caused my top up to not work?,59
i can not seem to make a successful transfer can you tell me what i m doing wrong?,35
is the top up feature available on the apple watch?,2
how to get new card?,23
the exchange rate given to me wasn t correct after i purchased an item,17
what are the rules for a top up?,60
can i order a new card? mine is about to expire.,9
can i hold money in multiple currencies?,36
how to i go about getting my virtual card,40
how is the pin delivered?,38
the atm didn t let me get any cash,26
is there a reason my new card hasn t arrived?,11
what is the time frame for european transfers?,67
am i able to stop a transfer?,8
i bought something and now i want a refund.,52
how much would it cost me if i transfer?,56
can i top up by card?,62
tell me where i can find the auto top up feature and a little bit about it please.,4
is there a specific source that the exchange rate for the transfer i m planning on making is pulled from?,32
how long do tranfers from a uk account usuallt take for you? i just made a transfer and nothing shows up so just wondering if things went ok,5
what are the steps that i need to take to activate a new card?,0
how do i request more physical cards?,39
there is a transaction showing up several times.,63
i need to cancel my recent transfer as soon as possible. i made an error there. please help before it goes through.,8
are there any charges for topping up my card?,57
why is your exchange rate different on different days?,32
will there be a fee if i receive a sepa transfer,56
i am missing my refund.,51
can i see where my money is being transferred from?,70
what all is needed for the identity verification?,69
i m looking for the cash deposit top up option but can t find it. can you help me?,58
my exchange rate looks wrong for my last payment,17
how fast can you fix an error in payment? i made a payment in the wrong account yesterday and it needs to be adjusted by tomorrow for my rent.,8
what is the reason for this fee i got after a simple cash withdrawal?,19
the exchange rate was different than expected,76
how can i hold and exchange fiat currencies?,36
are you available in my country?,24
why hasn t my top up gone through?,47
how long before a check i send clears?,58
why hasn t my refund been appiled to my account?,51
is there a fee for physical cards?,43
why do i have an extra fee on my statement?,34
there s an unauthorized cash withdraw,20
i purchased something about one to two weeks ago but for some reason the payment was returned to my account today even though i ve already received one of the items. can you tell me what s going on?,53
visa and mastercard can i get them both?,73
why was one of my transfers declined?,27
are both visa and mastercard accepted?,73
how long will my top up be pending?,47
how do i unblock my card using the app?,14
help! when will the card arrive at my home?,12
how do i make more than one disposable card in a day?,29
my source of funds need verification.,70
i am unable to transfer money. i believe it is not working because it states it was declined.,27
what do i do if i believe to be a victim of credit card fraud?,22
i think something went wrong with my card delivery as i haven t received it yet.,11
hi i am new to this. are there any additional fees or charges that i should be aware of? i was looking through the app and i thought i saw something in regards to fee free allowances.,15
just today there was a purchase on my card that wasn t done by me. can this be reversed and my card be frozen? i can t have this continue!,16
my refund is not showing.,51
there is an incoming payment into my account but it is deactivated. will they still be processed?,36
i was recently mugged and would like to know if i have to have access to the app to use your services and how i would go about setting up your services on a new device belonging to a current user?,42
are top ups unlimited?,60
how do i top up? can i use my apple watch?,2
my card isn t working at all. what happened?,14
what should i do if i can t prove my identity.,68
i want to transfer some money from my other bank account into this one.,65
can you make sure i get a mastercard and not a visa?,73
i was checking my statement and my top up has been reverted,61
i tried to top up with my card but it was declined. i was able to a couple days ago and it worked. is something wrong? can you check it for me please?,59
is it normal to have to wait over a week for my new card?,11
money that i have transferred hasn t arrived yet,5
what are the guidelines for the disposable cards?,29
i do not see the money i transferred into this account,5
can you explain why my payment was charged a fee?,15
how to get a new card in china,9
i tried using my card but it doesn t work.,14
hi i have done a topup but my money was reverted. please look into this issue.,61
i was unable to make a transfer to another account.,7
can i use app to freeze my card and dispute fraud?,22
what do i have to do to get a visa credit card?,73
hello. i looked at my account and see that a transaction i tried to do is pending but i did not complete that transaction. when i was at the atm the machine declined my card. can you make sure that transaction does not go through because i definitely did not receive the money.,46
why was the exchange rate wrong when i got cash,76
i didn t get the correct amount of money from the atm machine,75
my refund is not here yet,51
what countries are getting support?,24
why is their a charge pending on my card still?,45
after i used my card i saw i was charged a fee for using it,15
when will the transfer go through?,48
how do the disposable cards work?,37
what is the daily limit on my card?,60
my card wont work at an atm,26
how do i change to a different currency?,33
if i only have 1 other us card can you take it?,54
i would like to know more about what a disposable virtual card is?,37
what is the process for unlocking the pin?,49
i need australian dollars instead of uk currency.,33
i believe that my card has been stolen!,41
is there a charge or discount if i use a european bank in a top up?,57
there is a fraudulent payment!,16
i would like to have assistance with activating my card.,0
is there a reason my transfer would have been declined?,27
my payment has been returned.,53
i bought an item at the wrong exchange rate.,17
i would like to link my card to my account.,13
i was only given 20 after trying to withdraw 100,75
am i able to top up with this cheque i received?,58
how do i know if my top up was unsuccessful?,59
since when do you charge to make a withdrawal? i ve always done it for free. so how much is it now?,19
why did i get charged a fee for my transfer?,64
i can t get my card to work.,14
i ve tried completing a very standard transfer and have already attempted it 5 times. what s going on here? is there a problem with your system?,35
i can t find the virtual card,40
the atm sucked my card in.,18
in which countries does your app work,24
why did i only receive a partial amount of what i tried to withdraw?,75
my top up is still pending,47
why is there a service fee on my statement?,34
can it automatically top up money if there isn t much left?,4
please update me on whether you have received the funds for the refund of the large purchase i made recently. i have requested this from the merchant days ago but still haven t got anything.,51
one of my charges was declined but the second one went through. but i notice on my app that one of them has gone through and the other one is still pending. please ensure that only one charge is processed. thanks,63
the atm kept my card?,18
how do i use auto top up?,4
i am being charged a pound out of nowhere. what is this?,34
the app won t let me log in as myself.,68
can i use both visa and mastercard,73
am i able to add money into my account using my american express?,54
will i get a visa card or mastercard?,73
can i add a new currency to my account?,33
i would like to reactivate my card that i previously reported lost. i located the card this morning.,13
i recently transferred some cash but the balance has not changed.,5
i was wondering if you will take any fees in exchange for top ups?,57
how many top ups can i use?,60
how can i find the nearest atm?,3
why would the app show a withdrawal that i did not make?,20
i sent a payment to the wrong account number can that transaction be reversed? i am worried about accidentally giving my money away.,8
can i track history on funds?,70
when will my transfer arrive from europe?,67
i only got 20 of the 100 that i attempted to withdraw.,75
why is my payment declined? it looked like everything worked ok and my account was fine.,25
i paid for something in foreign currency but noticed the exchange rate is incorrect.,17
if i use a european bank card for top up do i get charged?,57
can you please explain the topping up transfer process?,65
i need a visa card,73
i withdraw money abroad but i didn t get the right amount.,76
how much more do i have to pay to exchange currencies?,31
something is wrong with my exchange rate charge,17
an extra fee of 1 was in my statement,34
someone stole my wallet a couple of hours ago now and they have taken money from my account. is there any way that you can help so i won t lose any more of my money.,20
why am i not allowed to add a certain beneficiary?,7
when can i expect to receive my card?,12
i could not transfer to a beneficiary,7
i lost my password,44
i tried my pin too many times and now my card won t work!,49
does this app have the same exchange rate as third parties?,32
the balance has not been updated.,5
my top up is not showing up in my wallet!,62
my phone was left behind. can i still use my card?,42
i still don t have my pin.,38
where in the european union can i get a card?,24
what is this charge i didnt do it what can i do,28
what documents do i need to get together to verify my identity?,69
i am having trouble transferring money to a beneficiery.,7
could you please check one of my transfer which i made few hours ago from my uk bank account as its not showing yet.,5
can i add money to my card automatically during a trip?,4
i should have received a refund however it is not showing on my statement,51
can i get a single use virtual card,37
could you please tell me how to activate my new card?,0
what is the maximum top up?,60
i would like to edit my personal information .,30
can i go ahead and use my account even though my identify hasn t been verified yet?,74
if i want to get an account for my daughter can i do that?,1
how can someone send me money?,50
why can t i get cash from the atm?,26
can i top up my account with google pay?,2
when will the money reach my account?,67
cash from this morning has not deposited,6
how long does it take to get my card i am in a rush,12
for a week now i have tried to use my card and it is still not working.,14
i want to terminate my account,55
why would a cash withdrawal still be pending?,46
how long does a card delivery take?,11
i want to go back on what i did this morning,8
how can i change my name because i just got married?,30
why was i charged a fee for transferring money,64
the transfer i just made needs to be cancelled right now. it was my mistake. please help me cancel it before it goes through!,8
do you know what the restriction of the disposable cards are?,29
i used my card the other day to get cash from an atm and was charged an extra fee. i don t understand why i am being charged a fee all of a sudden. i thought it was free to withdraw from an atm?,19
i deposited a cheque but the balance hasn t changed yet.,6
i did not receive all of my cash back,75
tell me why my card payment would be reverted.,53
i would like to get an account for my child.,1
my package is taking too long to arrive and i don t want it anymore. can i get a refund?,52
how long will delivery to the us take?,12
what do i need to have with me to activate card,0
can i activate my card?,0
do you do visa or mastercard?,73
my card payment didn t go through.,25
my top up was reverted. can you help?,61
i tried to buy something online yesterday but it wouldn t stop saying declined. tried again today but same thing happened. what s broken?,27
i sent some money and the account hasn t recived the transfer i made.,66
why am i getting charged more for using my card?,15
i would like to give another card to my daughter how can i proceed?,39
where can i receive my card?,43
show me where to order my card.,43
what are some reasons that would cause atm machines to decline my card? it has happened to me multiple times!,26
when will my transfer be in my account?,67
i can see an extra 1 charge on my app. why did you charge me extra?,34
i made a payment that seems to be stuck. it s been a couple of days already. can you tell me how long it will take?,45
i don t think the exchange rate was right.,76
i topped up but the app reverted it,61
i am still waiting for a transfer to show up,48
i do not recongize a payment in my account.,16
help me! when i was abroad the exchange rate was wrong.,76
there s a cash withdrawal that didn t make that is showing up.,20
how much more do you charge for currency exchange?,31
how can i change my pin? help.,21
my balance doesn t include my latest transfer,5
what do i do if my card has been lost or stolen?,41
i need to activate my card how is that done?,0
will the transfer show up in my account soon?,67
what do i do if i forgot my passcode?,44
the exchange rate for my withdrawal is wrong,76
can i top up my card with other cards?,54
i no longer have my phone with the app what should i do?,42
why is my withdrawal wrong? i took out 100 but only received 20.,75
i was charged twice for an in store purchase that i thought was declined. my app says that it s still pending for one of the payments. please make sure one of the charges is removed.,63
what s the pending length for credit transactions? i ve had one in my pending category now for days and it won t move to processed.,45
is it possible to get both visa and mastercard from you?,73
why is my disposable virtual card being denied?,72
where do i go to add a new card?,13
i don t want to verify my identity,74
am i able to modify my account details?,30
my account is blocked because i entered the wrong pin too many times. help me unblock.,49
what currencies and methods can i use to top up my account?,54
why was my card declined?,25
my money s disappeared from my account! i topped up the other day and it was there but now it s not. help?,61
i tried to add a topup to my account but the money isn t there anymore. did i do something wrong?,61
how can i make my card show up in the app?,13
what steps do i take to unblock my pin?,49
i just got this card i don t know how to activate it.,0
i do not like this i made a simple transfer but i have an additional charge for doing so.,64
my account isn t showing the refund,51
can i top up my account with a cheque?,58
my transfer failed why did that happen?,35
what is the present state of the exchange rate?,32
the app is having trouble verifying my identity.,68
are there specific atm s i can use with this card?,3
why do my transfers keep failing?,35
one of my transactions needs to be canceled.,8
my pin was blocked how do i make it so i can use it?,49
i am not able to prove my identity,68
what is this direct debit in my statement?,28
hurry and refund me i am waiting,51
why can t i see my pin?,38
what is the youngest age for an account?,1
why hasn t my transaction arrived?,66
i think my top up has been reverted,61
what currencies can be exchanged in the app?,33
why do you need so much information about my identity?,74
i still want to use my account but haven t verified is that ok?,74
is there a transfer fee?,64
will my card be accepted all over the world?,10
can i get the mastercard?,73
i do not know where the transaction is.,66
i m confused as to why my top up did not go through.,59
someone made a mistake on my money transfer because i was charged extra fees.,64
is the pin delivered separately?,38
how do i make my transfer go through,27
when do i get my card pin?,38
can i transfer money to my account with the app?,65
why can i not transfer money into my account?,65
i ordered a card and i still haven t received it. it s been two weeks. what can i do?,11
where is my new card?,11
why isn t top up working? my top up money disappeared after i saw that it was successfully transferred. is it gone? where did it go?,61
i havn t received my pin yet.,38
i have an unknown charge.,28
my transfer hasn t arrived,66
i requested a refund for a large order the other day and don t think i received the funds. can you tell me if you see them or not?,51
please help the atm swallowed my card what do i do?,18
what fiduciary currencies are supported for tenure and exchange?,36
i want to get a visa and mastercard is it possible to get both from you?,73
why and i being charged this fee?,15
i transferred money and it hasn t come yet,66
why would a merchant refuse a payment,53
i want to request a physical card,43
do i need to order a new card if mine is expiring?,9
why does my transfer keep generating an error message?,7
i received a returned payment that i made.,53
i want a card. what is the procedure?,43
need to report a change of address.,30
what is the strange cash withdrawal on my statement?,20
how do i receive a refund for my item?,52
where are your cards delivered to?,43
please explain why my top up didn t go through.,59
i haven t received my card and am worried it is lost.,11
i want to order another crad,39
i noticed the exchange rate for cash withdrawal isn t right.,76
is it simple to transfer money using my credit card?,62
what do you require to verify someone s identity?,69
can i exchange to eur?,36
someone stole my card. i need to report it stolen. i made a police report already but how do i report it with you?,41
why was my new card declined?,25
what are the steps to activate my card?,0
hello i have recently made a purchase and have decided to cancel my purchase. is there any way that you can cancel that transaction for me so i can get the money back? it s very important.,52
help! my card is stolen.,41
your exchange rates come from where?,32
if i m not in the uk can i still get a card?,24
do you accept all cards and currencies?,54
is it acceptable to use my card anywhere?,10
i am having trouble verifying my id.,68
how do you do currency exchanges?,32
i need to cancel my recent transfer immediately i made a mistake there please help quickly before it goes through,8
could you tell me why my top up isn t showing in my wallet?,62
can i choose a date for delivery?,12
my credit card payment has been in pending status for a super long time. i don t get it. why is it like this? when will it go through?,45
what us the fee to transfer money from my bank?,56
tell me how to reset the passcode.,44
i need to add money to my account. can i do so via bank transfer?,65
my purchases from this morning are showing up as payment pending. can you tell me why?,45
if i don t live in the uk can i still get a card?,24
i m not okay with this fee on my statement.,34
my transfer did not seem to work.,35
my identity verification isn t working,68
i am calling because the atm didn t give me the right amount of cash but my app shows the actual amount i wanted to withdraw. what should i do to get my money back?,75
i sent a cheque to you a few days ago and the deposit has yet to appear in my account. i need this money what is the problem?,6
i exchange my currency quite a bit. do i get an exchange price break?,31
how do i link a new card?,13
i want to top my account by using a bank transfer. how would that work?,65
what atms accept my card?,3
what atm accepts mastercard?,3
how much time do transfers take? i sent money to a friend who needs it fast. it s been hours and the money has not gone through.,66
how do i get my card pin?,38
the application reverted my top up.,61
we need both a visa and a mastercard.,73
still waiting on that card,11
i think the exchange rate was incorrect.,76
am i limited to what atm i can use my card?,3
i went to do a transfer and it was declined.,27
what am i going to need in order to activate my card?,0
when will i get a new card when i order it and how much will it cost.,9
i made a transfer and the receiver said an amount was received but less than the right amount. i now have to transfer more to get the remainder to the receiver. can you tell me about this. what s been going on?,64
how come my card payment is still pending?,45
what can i expect if i use bank transfer to top up my account?,65
do you support the eu?,24
why hasn t my transfer gone through,35
card payment has be declined.,53
how do i activate my card so that i can start using it?,0
what would lead to my top up still pending?,47
my account was charged for a withdraw i tried to make that was decline.,46
where can i activate my card?,0
can i hold money in other currencies?,36
what s go on where is my new card?,11
in what countries do you do business?,24
extra fees on a cash withdrawal not cool.,19
my card has gone missing.,41
i want to give a second card for this account to my daughter would this be possible?,39
my credit card got declined for top up! what s going on? can you check on why it didn t go through?,59
there was a limited amount of money available at the time of my transaction.,75
i would like to order a virtual card.,40
i just recently got a new beach condo in bora bora and to furnish it i used this account a lot from overseas. it s upsetting being a long time customer of yours that i saw extra fees on my account from my currency transfer. is this what i should expect from you in the future?,64
why didn t my payment process,45
i signed up but don t have a pin. where can i find it?,38
reverted top up,61
how much can i top up?,60
no transactions are being accepted what s wrong with my card?,14
i sent my friend some money a few hours ago but she has not received it yet. she really needs it. how long does this take?,66
why can t i take 100 out,75
there was an unexpected fee for my cash withdrawal!,19
i sent money about 5 days ago and the recipient has not received the money yet.,66
what are the steps for depositing cash into my account?,58
i purchased an item and the exchange rate was wrong,17
why is a payment showing up on my card as pending?,45
how much can i top up on my card?,60
would like to use my card and need to activate it first. can you help me do this?,0
lost my card in atm,18
need help with a stolen card.,41
how do i activate a new card?,0
hello i made a payment with my card and it s not working. it s been a while and still says its pending. can you tell when this will go through?,45
tell me why there is a charge on my cash withdrawl.,19
why is my transfer still pending after all this time?,48
i have cash deposit to my account but it is experiencing a problem,6
help me! i don t know what my password is.,44
can i directly transfer my salary onto here?,50
the atm didn t give me what i asked for but my balance says it did,75
how can i replace an expired card?,9
do you deal with eur?,36
i would like to use the bank transfer feature but i can t find it. can you please give me the details?,65
do you have to order a new card before your current card expires?,9
why was i overcharged a pound!?,34
i think someone is using my card to withdraw money. someone stole my wallet. what can i do? it is urgent.,20
is there a way to revert my transaction from this morning?,8
why did i not get all the cash i asked for?,75
i was charged an extra dollar on my account and would like to know the reason.,34
send me my card now! asap,12
where is my card?,11
i put my check in the bank but i haven t gotten my cash yet?,6
how long will it take for me to get my card?,11
when i travel can it automatically add money in certain intervals?,4
can i make a withdraw in my home currency at an atm? i m on vacation and am a bit worried because i don t have cash with me. is it possible to withdraw here without any additional costs or fees?,76
i sent a payment but the person i sent it to says they don t have it,66
the app is showing mt withdrawals that aren t mine.,20
i believe that the rate of exchange for my cash withdrawl is incorrect.,76
i am unaware of what my password is.,44
how do i deposit cash?,58
what is the timeframe for a transfer in europe?,67
please explain to me the circumstances in which my card payment would be reverted?,53
my phone was stolen what should i do first?,42
the atm won t give me my card back. i need it back now!,18
what is this 1 fee in my statement?,34
how do i get my money back for a duplicated charge?,63
i am trying to revert a transcation i did this morning,8
machines make mistakes too! the atm gave me the wrong amount of money. too much!,75
why would my card payment be reverted?,53
are transfers not free? i didn t know i would be charged for transfers.,64
my topup got reverted. please let me know if there is any issue in system.,61
i thought i left my card at a restaurant but they claim not to have it and now i don t have any idea where it is. i m so worried that someone might be using it fraudulently. is there any way to look into this?,41
why is there an identify check?,74
since i just got married i need to change my name.,30
why hasn t my transaction been completed?,66
why didn t my transfer to a beneficiary go through?,7
i think my pin has been compromised what do i do?,21
i do not see a top up processed.,47
my wallet got stolen a couple hours ago and now i ve seen there already is a withdrawal. help this is absolutely urgent i don t want to loose more money,20
my top up failed why?,59
i tried to buy something online yesterday and was told declined. i got the same error today after trying again. what is the problem?,27
my card hasn t arrived yet. what do i do?,11
what are the top up charges for all us cards?,57
i am overseas in china can i get a replacement card?,9
this transaction needs both a visa and a mastercard.,73
i m interested in learning more about product refunds.,52
the top up is pending.,47
the atm machine would not give my card back,18
the app passcode has completely slipped my mind.,44
i have a transfer that is still pending.,48
how do i get my card back after the atm has pulled it in?,18
my credit card was declined for top up. can you see if there is enough funds in my account?,59
a receiver made me aware that they did not receive the full transfer that i made. the amount was showing to be a bit less. i now have to make a second transfer just to make up the difference. can you reach out and let me know what s going on?,64
i don t understand why i was charged extra for withdrawing money?,19
how do i get money from an atm using my card? i can t seem to get it to work? i used the pin i had but maybe it s wrong? what do i need to do to fix this?,26
can i have a second card?,39
i used to know my password but not anymore.,44
i need my card to be activated right now.,0
how to get virtual card,40
i have exceeded the number of pin attempts,49
how long does it typically take for a pending atm withdrawal to clear?,46
what is the procedure to transfer money to my account?,65
hi i have made a transaction to my new landlord but unfortunately it shows on my end but not on the landlord s end. the numbers are correct. can you confirm when that will go through?,66
everytime i try to prove my identity it won t let me.,68
why do you charge for payments? why aren t your charges clearly laid out in the agreement?,15
what are the steps to activate the card as it does not seem to work?,0
how would my friend be able to send me money?,50
i submitted a transaction to the incorrect account.,8
what do i do if i ve been charged twice for the same transaction?,63
why do i have a failed transfer,35
i want to know why my top up was reverted,61
i m attempting to top up my account but it has been pending for an hour.,47
how do i receive a disposable virtual card?,37
my cash transaction isn t showing on my account,66
hearing about your verification results from us may take anywhere from 10 minutes to approximately one hour. if this verification has in fact failed double check to make sure that your images are clear. also make sure that your document photos have no blur or glare. they need to be readable. you must also be 18 years of age or older and be a resident of switzerland or the european economic area to open an account.,68
i can t get my google pay top to work. are there any issues on your end?,2
there is an important thing from china that i need to transfer. approximately how long will this take?,67
delete all of my account information and my account right now.,55
how can i change my name in my profile?,30
i need my card soon.,12
the atm i used for foreign currency provided the wrong exchange rate.,76
i need my card quickly,12
my bill shows the same charge more than once,63
how do i access the auto top up option?,4
i do not see the card pin anywhere?,38
what should i do if my passcode won t work?,44
i attempted to top up my car today it failed! i just got it a couple of days before and it worked then. what is going on with it?,59
i m going to travel can i have it add money automatically in certain intervals?,4
why was a charged a fee for using the card?,15
how can i set up google pay on my device?,2
how many virtual cards do i get?,29
wheres my pin,38
how long does a us transfer take,67
i am unhappy with my purchase how do i cancel the order?,52
i can t get money out of the atm,26
i am not recognized by the app.,68
google pay isn t working. what is wrong?,2
how do i reset my pin?,49
i noticed my card was used in a small town that i have never been to. can you stop the card from being used more?,22
more than one time this week i have been charged more than once for the same transaction. please correct the issue and refund the duplicate charges.,63
isn t my top up supposed to mean its complete?,47
what currency can i use to add money?,54
the app doesn t think that i am myself,68
i couldn t do a transfer to an account,7
i have a disposable virtual card here so would you tell me what to do with it?,37
my card hasn t came in the mail yet?,11
i just initiated a transfer but i d like to cancel it.,8
a strange card payment i do not recognize it.,16
my card was stolen,41
can i auto top up multiple times?,4
why do you require so many identity details?,74
may i get a disposable virtual card as well?,37
i thought transfers were free why was i charged?,64
how many top ups am i allowed to do?,60
how much transactions do i get with a disposable card?,29
i feel like too much money was taken during my currency exchange.,76
can i be charged for topping up by card,57
i will need to get a new card soon how do i order?,9
can i get a mastercard?,73
there is a pending payment on my account what does this mean?,45
what is this fee for card payment?,15
what fees are there for adding money using an international card,57
i hate this atm it charged me an extra fee why did it charge?,19
my wallet was taken and i see that someone is using my card! please help me!,20
what does it mean if my cash withdrawal is pending?,46
how can i change my old pin to a new one?,21
how long does it take to verify a person s identity?,68
would i need to pay extra for currency exchanges?,31
questionable transactions on my account.,22
i want a physical card,43
i have an unauthorized charge.,28
some cash shows up on my app.,20
why does it say pending cash withdrawal on my statement?,46
i requested money from the atm and it didn t give me as much as i requested.,75
can you explain disposable cards?,37
is it possible to get a second card for my daughter?,39
why is there a charge when i took out money?,19
i m currently not in possession of my phone is it still possible to go about things normally without access to the app?,42
i moved so i need to change my address. how do i do that?,30
they is a payment i don t recognize on my statement.,16
my top up isn t in my wallet.,62
hello! i recently made a purchase and i m needing to cancel my order and process a refund as soon as possible.,52
how do i make sure my transfer isn t goin to an unsupported merchant?,27
why am i unable to withdrawal cash?,26
for what reason was my transfer declined?,27
when adding money what are the currencies you take?,54
what do i have to do to cancel a transfer?,8
my app shows some cash i didn t get.,20
is there a fee to exchange foreign money?,31
if i request that my funds be held what currencies do you use?,36
i tried to take out some money from an atm earlier today and it was declined. looking on my screen now i still see that it s pending for that amount. i didn t actually get that money so i don t want it processed on my account.,46
can i exchange between gbp and usd on the app?,33
the wrong exchange rate was used when i bought something with a foriegn currency.,17
can i top up with cash,58
i d like to get a visa card please.,73
i transferred the wrong amount and would like to cancel the transaction.,8
there s a duplicate charge on my account?,63
i d like more information about choosing a visa or mastercard.,73
will a transfer incur a fee?,56
about this card pin?,38
what is the best way to exchange currency?,33
how can i find out the source of my available cash?,70
is there an age limit to get an account?,1
could you please tell me why my card payment didn t work?,25
how can i order a card?,43
why is it taking so long to update my balance transfer?,5
i think that the exchange rate was wrong for the payment made last saturday i was charged extra.,17
how long does it actually take for a card payment to go through? there s one stuck since a couple of days already that doesn t seem to move,45
i was unaware of the additional charge that was added onto my previous payment. a notification of extra charges would be appreciated in the future.,15
what is this charge on my account,28
i need help with understanding why my card is not working.,14
what is this fee for transferring money?,64
my card still hasn t arrived after 2 weeks. is it lost?,11
i haven t received my virtual card yet!!,40
i have an odd payment in my statement,16
why would my payment still show as pending?,45
can i order a card please?,43
why do i see extra charges for withdrawing my money?,19
i can t seem to be able to use my card,14
where do i find our how to get a physical card?,43
i was double charged and the second charge is showing as pending . how long will it be before i get my money back once the second charge has been refunded?,45
can i use check to deposit?,58
i do not have what is required to prove my identity,68
i see what looks like duplicate charges on account.,63
the app reverted after i topped up,61
how does identity check work?,74
i have made a payment by my card and its still pending since a long time. could you please tell me when it will process.,45
what are these fees i am paying?,15
your exchange rate was off. i was charged extra on my payment that i made last saturday.,17
did i not get my refund? i don t see it.,51
hello i am a new customer and just tried topping up for the first time. according to your information the transaction should be instant why does it still show as pending?,47
i was charged a fee for the transfer but can you tell me why?,64
i was so embarrassed. why didn t my payment clear?,25
disposable virtual card can be ordered where?,37
where are you cards supported?,24
why is my deposit still pending?,6
the amount of cash i received was different than what i requested.,75
is there a limit for age?,1
how do i request a disposable virtual card?,37
i found my card again. can i put it back into the app?,13
how do i know where the funds come from?,70
my top up was reverted by the app.,61
how do i link an old card?,13
which foreign currencies can i get transferred into my account?,50
what works for identity verification?,69
does it cost money for currency exchange services?,31
my statement is showing i was charged a dollar and i am not sure why.,34
i need you to cancel a transfer that i made. it is the wrong account number and the app won t let me stop the transaction. please stop it!,8
i see my top up was canceled but why?,61
do you know where my card will be accepted?,10
is american express supported for adding money into my account?,54
are there any limit on the auto top up?,4
can you please explain why i was charged an extra fee for my transfer?,64
why is there a direct debit payment on my app that is not from me?,28
my top up didn t go through,59
how do i link a card i already have?,13
why did the transfer fail when i attempted to do it earlier?,35
how old do my kids need to be to open an account?,1
i believe my card has been stolen what can i do about this situation? it s urgent.,41
i need a visa and a mastercard from you.,73
i d like to provide my daughter with a card could i get an additional card from my account to give her?,39
what is the limit to disposable cards you can have?,29
i m interested in learning more about disposable virtual cards.,37
i attempted to get money in cash but it was refused!,26
my money transfer has not yet occurred,48
i want information about the source of funds.,70
the app does not know it is me.,68
i need help finding the verification code on the top up card.,71
what do you do to transfer money to my account?,65
what does the bank charge for lost or stolen card replacements?,43
why hasn t my account updated to reflect my current balance?,5
how long does a transfer take to be confirmed?,48
i recently got a new place while i m staying abroad and have been using this account to manage payments but suddenly i am seeing fees increase. where are these additional fees coming from?,64
what currencies can i hold?,36
something is wrong with the top up! i m a regular customer and use your service all the time usually this works but now it just shows up as pending,47
the transfer finally worked but how long does it stay pending?,48
why was i double charged?,63
how come a fee was charged when i tranferred money,64
could you please help me figure out why the seller has not received their money after i sent it.,48
i received an extra charge for using the card. why?,15
the transfer i made isn t reflected in my balance,5
i tried to make a transfer and it failed.,35
what happens if i forget my pin?,49
i withdrew cash and i think the exchange rate is wrong.,76
can you please check the exchange rate when i was getting cash?,76
can i use my apple watch to pay for gas?,2
how do i know if i need a disposable card?,37
can my daughter make an account?,1
i would like to delete my account please.,55
how do i replace a stolen card?,41
can i get a card? i live in the us.,24
what proof of identification is needed?,69
how do i change to aud from gbp?,33
i have an unknown direct debit payment on my account,28
can exchanged be made to eur?,36
how come my money hasn t shown up yet?,66
my marital status has change i got to correct my name to reflect that.,30
in terms of holding and exchange what fiat currencies do you use.,36
i made a check deposit but the cash hasn t arrived in my account yet.,6
i can t remember my password.,44
is there a place to check for fee for payments? i feel like i m getting charged too much at times.,15
i tried to do a transfer and it hasn t worked!,35
i need to check status as my friend hasn t got money i sent.,66
why am i missing my refund,51
is it normal to get charged extra when i use my card?,15
i need to change my home address.,30
there is an unauthorized fee.,15
how can i get my card back out?,18
hi last week i have contacted the seller for a refund as directed by you but i have not received the money yet. please look into this issue with seller and help me in getting the refund.,51
has my top up has been cancelled,61
i want a mastercard instead.,73
how do vr cards work,37
how do you get exchange rates,32
i had made a transfer but its still pending.,48
i tried to take money from my card but it didn t work. later i saw that the transaction is still in progress. what s goign on?,46
i can t find my card! what should i do?,41
do you offer services that hold money in different types of currency?,36
help me access the card i already got so i can information from it.,13
i need to find out what is the limit for top ups.,60
how much is it to send out additional cards?,39
i withdrew cash and dont see it reflected on the balance,46
where can i change my address?,30
why is my identity verification process not working?,68
are there any specific atms that this card can be used at?,3
i tried to transfer money and it did not work.,35
is it possible to change from aud to gbp?,33
how can i verify my top up card?,71
why was the exchange wrong for the item i purchased?,17
i prefer mastercard.,73
i need more money in my account. can i add more by transferring?,65
how do i go about changing my address?,30
whats the process of tranfering money into an account?,65
if i am overseas how do i change my pin?,21
can you tell me the limits for top ups?,60
i am still waiting for the cash to be returned from a cheque i deposited!,6
the transfer i did hasn t arrived,66
hi is there any problem with app? as i am facing some issues with the exchange of crypto currency. i am extremely interested in buying.,7
the app says i made a cash withdrawal even though i didn t.,20
i need to order a new virtual card how do i do that?,40
why have i been charged twice for the same transaction?,63
it appears as though my card payment was duplicated. i paid at the store earlier today. the first time it was declined and the second time it worked. the app is still showing one of the payments to be pending. please take one of these off because clearly the first was declined and is not correct.,63
the exchange rate for my card payment doesn t seem right.,17
i am being charged the wrong amount on my card.,17
where can i change my personal information after i move?,30
how do i freeze my card? i think someone is using it to make a bunch of online transactions.,22
i received a decline message on a transfer,27
i transferred money why was charged for an extra fee?,64
top up by my card is that possible?,62
what was the extra charge for using my card?,15
seems like my transfer was declined how come?,27
i want to revert a transaction i did,8
why can t i top up?,59
my card declined,25
where can i find my pin?,38
can you unblock my pin because i put the wrong one too many times.,49
i have tried transferring money numerous times. all i keep getting is an error message. can you tell me what is going on and how this van be fixed?,7
who can send me money?,50
would i be able to get another card for my account so i could give one to my daughter?,39
is my card accepted anywhere?,10
i was charged a fee when i transferred my funds why?,64
is there any documentation needed for the identity check?,69
hi i have an apple watch. how do i use it to top up my card?,2
when will the cash that i put in the atm be cleared from pending status?,46
i dont have a pin,38
what is the estimated wait time on a us transfer into my account?,67
how long does it take for pending to go through,48
my phone was stolen what should i do?,42
what are the exchange rates for getting cash,76
my card seems to not be working at all.,14
i deposited cash this morning and i am still waiting,6
is there a way to tell where the money came from?,70
how can i fix a problem where contactless isn t working?,23
can someone assist me with the details explaining which fiat currencies that you support?,36
why is my card not working?,14
my card is about to expire. how do i get a new one?,9
how do i make sure i don t run out of money on my card while traveling?,4
my american express is experiencing a problem with apple play with top up can you fix it?,2
i know that i am able to make transfers for free. that was something that i valued. after i bought something online from abroad i noticed that i got charged a fee? what is this and can it be removed?,64
do you have an option for auto top up?,4
can i transfer from swift?,56
why is it taking so long for my money to appear in my account? i have been waiting a week!,6
if i am not in the country and i need to change my pin how can this be done?,21
why cant i send money to a beneficiary?,7
i have a cash withdrawal that i do not recognise.,20
do i need my phone to use the app?,42
why won t my card work anymore?,14
i moved. i need to update my details.,30
how long to take the time to solve,14
can i top up any amount?,60
i have an outgoing transfer,48
i need to withdraw money. where can i do that?,3
my top up has been reverted and i would like to know why.,61
my pin is locked how do i unlock it?,49
my card is about to expire. where do i get a new one.,9
how can i top up?,62
my top up has not posted.,47
are cheques accepted for a top up?,58
how can i close my account?,55
i think my passcode was changed,44
how much do i need to pay for a transfer?,56
i noticed the currency exchange rate was incorrect after paying for something in a foreign country.,17
hi i draw out some money from the atm today. the atm has given me wrong amount and the application is displaying more amount than i withdraw.,75
am suspicious of my card s security,22
i just went through a old statement and noticed that a very large payment went through and i did not make it. it was from a few months ago can i still dispute the payment?,28
i did a cash deposit to my account but my balance is still the same. what happened?,6
when i topped up the app reverted it.,61
my card payment was reverted. why?,53
what s your refund policy if i bought an item from you?,52
what do you require for identity verification?,69
i would like a visa card.,73
how do i change the details in my account?,30
why would i be declined if i had money iin my account,26
why could i not choose cash at the atm?,26
my card is stuck in the atm?,18
i have a reverted top up i made and wanted to know why it didn t go through.,61
what kind of currencies can i use to add money?,54
my refund isn t going fast enough.,51
my card s expiration is approaching how do i replace it.,9
how can my friend send me money?,50
what is the process for setting up and account for my child?,1
what apps can i use to top up my account?,58
i just moved to the us how do i get a card?,24
what are the fees associated with top up via transfer?,56
what do i do if my virtual card won t work.,72
do you take checks?,58
yesterday i made an incorrect payment to the wrong account for my rent payment. i need this addressed as soon as possible and the funds transferred to the correct account by no later than tomorrow.,8
hi i tried to withdraw some money from an atm and the machine was broken. it says that the transaction is still in progress. can you double check to see what s happening? i don t want to be charged since i was not able to withdraw the money.,46
i already got my item but just got my money back,53
i would like to receive my salary in a different currency. how does that work?,50
can you tell me what are disposable cards for?,37
my phone was stolen what do i do?,42
how long does an international transfer take? i made the transfer from france 2 days ago but it is not showing up in my bank yet.,5
where can i see who sent me funds,70
it is still pending i am still waiting. your system just shows my top up as pending. what is happening?,47
why is there an unknown card payment?,16
what is the exchange looking like?,32
i was using foreign currency at an atm but the rate was typed in wrong.,76
what steps do i do to get a real card,43
are there any fees to get additional cards?,39
i see a direct debit transaction that i didn t make.,28
the wrong amount of cash came out of the atm today when i went to withdraw. when i looked at the app it was showing it was much more.,75
i think the bank made a mistake on the exchange rates,76
i bought an item and the exchange rate was wrong.,17
do you support all countries?,24
i have a disposable card how many transactions can i make?,29
i need a transaction reversed from my account.,63
what is the first step that i should take after my card has been stolen?,41
where can i find top up by cash deposit?,58
i tried to get cash out of the atm but it is taking too long,46
please help me find my top up verification code,71
the exchange rate for case abroad is applied wrong.,76
is it possible to get a new card in china?,9
when i tried to pay in a store my card din t work,25
transfers can take up to one day to process before departing for the beneficiary accounts. please confirm that you ve entered your account details correctly. sepa transfers can take up to two working days while swift transfers can take up to five working days.,48
my phone is gone,42
help me. the passcode doesn t work.,44
can i get a new pin number at any atm using my card?,21
how do i get the contactless feature to work for my card?,23
why did i get charged for a withdrawal?,19
how do i add money from my amex card to top up,54
do i need a photo id to activate a my new card?,0
need to know where money comes from,70
how do i locate my card?,11
tell me about verifying top up,71
i entered the pin incorrectly too many times and now it is blocked. can you help?,49
how to exchange my currency,33
is there a fee for exchanging cash?,76
i have a payment that i didn t make.,16
can i see where my funds come from?,70
why has my payment been reversed?,53
what is the next step if my card is about to expire.,9
why do i need to verify my account?,74
to deliver to the us how long will it take?,12
how can i top up my account and which currency can i use?,54
what does a disposable virtual card do?,37
i want to change my address.,30
i am not sure how this will work but i have not received a product i ordered. i want a refund but should i just cancel the payment?,52
what are the reasons i have to proof my identity to you?,74
how do i claim a refund?,52
please explain the charge of 1l in error. i have purchased nothing in this amount.,34
is my daughter eligible to open an account?,1
what are the restrictions on auto top up?,4
where do i find the verification code for the card i m topping up?,71
delete this account!,55
if i have already completed a cash withdrawal at an atm is it normal for it to show as a pending transaction on the app?,46
who can put money in my account?,70
is this card available to united states residents?,24
i tried using my card at multiple vendors and now it s not working.,14
i didn t do a payment and i have it now.,16
what is the code i need to get into the app?,44
are there any atm s near me that accept this card?,3
if i get a transfer from europe how long until it is in my account?,67
can i cash deposit to top up my account,58
i ve deposited a check but the cash isn t showing that it s there yet.,6
i need help finding the verification code for my top up card.,71
what is going on? my balance still hasn t updated and it has been two weeks since i deposited my money!,6
my disposable virtual card was rejected.,72
how can a payment be declined,25
how come i can t find my payment?,53
my card payment has been cancelled,53
what is this fee showing up in my account for?,15
the app says my transfer failed,35
is there a foreign currencies charge?,31
i think i see a withdraw i did not make.,20
why is there a charge on my account for taking out cash?,19
what is minimum age for an account?,1
where on the website do i go to link my card?,13
i desperately need to change my pin but i m overseas on vacation right now. how can i do this?,21
do you have a children account available?,1
i transferred money from one account to another account and i charged a fee for it. why is that?,64
i need urgent help. i realize i sent my payment to the wrong account number. i made a typo. please cancel the transfer immediately. i cannot do anything from the app.,8
hey i ordered a thing but changed my mind and want a refund on it. since i haven t received the thing would you just go ahead and cancel the payment for me?,52
limits on top ups,60
hello there was an error while attempting top up with my card this morning. i was able to use the card two days ago with no issues. could you please assist?,59
why wasn t my payment to beneficiary x approved?,7
how is the top up card verified?,71
after making a transfer from a uk account it s not showing up. how long do these transfers normally take for you? i want to be certain everything is all right.,5
hi. i noticed i have a duplicate charge which i have not made twice. who should i talk to take care of this?,63
one of my card payments looks like it s stuck but i have made the payment days ago. how long until the payment will be applied to my account?,45
when is my balance going to update i just transferred some money,5
is it possible to change my pin if i am out of the country?,21
i sent money and the recipient has not received their money after two weeks.,66
are there any charges for topping up a us issued card?,57
what options do i have in regards to payment?,54
the app says i made a cash withdrawal that i didn t make,20
how much will it be in order to pay with a bank transfer using sepa?,56
what countries are supported?,24
how can i unlock my pin from too many tries?,49
what is the way to go about getting a virtual card?,40
can you help me reset my password?,44
what do i do when my card expires?,9
if i need delivery on a certain day is that something that could be accommodated?,12
i requested a refund and never received it. what can i do?,51
i attempted to get cash in the atm but it was not authorized,26
the atm gave me the wrong amount of cash today when i went to withdraw. the app says it was more.,75
i can t verify my id. why?,68
how long can an eu transfer take?,48
any place that takes mastercard would be fine.,10
tell me why my card payment was declined.,25
how long do i wait for a transfer to take?,48
hello i was just went through my recent transaction on my bank account and i just noticed that i was charged twice at a place that ate at this past week. can i get that second transaction removed from my account?,63
would you be so kind as to activate my card? thanks,0
why isn t my contactless not working?,23
i think my card has been compromised in some way.,22
the transfer keeps rejected i tried to transfer some money to friends but it keeps getting rejected for some reason would you please check the issue?,35
i was not able to use the atm to get cash,26
fix your system. i can t make transfers i ve tried like 5 times already.,35
my transaction needs to be canceled.,8
will you accept my salary if it s in another currency?,50
how can i order virtual cards?,40
help me obtain a virtual card,40
what s the card you sent me s tracking number?,11
i don t recognize this debit transaction in my billing statement?,28
where do i obtain my virtual card?,40
how do i go about linking a new card?,13
can i top up using my car?,62
when i went to get cash it was declined!,26
how do you figure out the exchange rate? can you explain why i got less money than expected?,76
is there a charge for a foreign currency exchange?,31
do you receive swift transfers?,56
i checked on google and the exchange rate you are using is really bad. can you update it?,17
does the app allowing exchanges between usd and gbp,33
what cards and currencies can i use?,54
what on earth is up with the exchange rate! this should have been a much higher amount of cash,76
i want a refund,52
i m not in the uk but can i still get a card?,24
would i be charged any fees if i added money to my account using an international card?,57
why are you charging me fees for using my card?,15
i would like to close my account.,55
is there a way to change my pin without having to go to the bank?,21
i tired to move my money but my transfer was declined.,27
what s the time frame on eu transfers? i purchased something a couple of days ago but the seller hasn t received my payment.,48
i wanna revert a transaction i did this morning.,8
how much does it cost to add money,57
i bought the wrong size and would like a refund,52
do you accept cash?,58
which atms accept this circuit board ?,3
what is source of my money,70
where do i request another card?,39
what are the available cards?,73
when i received my cash the exchange rate was wrong.,76
how do i reset my pin i can t seem to use my card?,49
how can i dispute a debit transaction?,28
i see a direct debit charge that i did not approve,28
someone needs to make me aware when there are extra charges for payments. i happened to be looking at the app earlier and noticed a charge associated to a payment that was extra that no one made me aware of before at all.,15
what is the 1 fee for?,34
i would like to get help from someone with activating my card.,0
help! what should i do? my phone was stolen yesterday.,42
can i unblock my pin in the app?,49
how long should a cheque deposit take to show? my account hasn t updated and i want to make sure everything is okay.,6
i had a dollar charged to my account that s still pending and wanted to know what the charge is for?,34
i made a mistake when i did a transfer so now what can i do to fix that?,8
if i need more than cards will i have to pay a fee to receive them?,39
why wouldn t my contactless work for the metro?,23
can i get a new card?,43
my friends want to top up my account,62
if i want to topup by card how do i do it?,54
why isn t my disposable virtual card working?,72
why is my cash deposit not in my account?,6
where can i find an atm to use this card?,3
what should i do if i see a payment i didn t make?,16
how old do my children need to be to open an account?,1
is there a specific date it can be delivered by?,12
my apple pay top up with my american express card is not working? please tell me why,2
there s an unauthorized direct debit in my app.,28
there has been a payment in the app that has not be done by me.,16
i need to transfer something asap from china how long will it take to post to my account?,67
i will be traveling. can i add money automatically?,4
i would like to get help from someone in your customer service department with assisting me with activating my card.,0
can my account me accessed by a thief? i was mugged.,42
when will my transfer go through?,48
how long does it take for cards to be delivered after ordering them?,12
i ve been waiting for a top up to come through for over an hour and i need the funds now.,47
is it possible to link a new card?,13
can you assist on apple watch top ups?,2
hi. i m a new customer to your system and i think something isn t working right or maybe it is. maybe you can confirm. i tried to top up today my first time ever and it s been stuck at pending for over an hour now. is it supposed to do this or is there something wrong in the system?,47
how can i check the exchange rate applied to my transaction?,17
what should i do to get transactions off of my account if i didn t make them? my card must have been compromised and i need to freeze it asap!,16
my account is locked because i used the wrong pin too many times. please help.p,49
where is the closest mastercard atm?,3
how can i get a refund for an item i purchased but has not yet arrived?,52
how do i link an existing card?,13
is there any way i get a disposable virtual card as well?,37
can you point me in the right direction of where to go to roder a disposable virtual card i can t seem to find it.,37
a friend was telling me about her disposable cards. what would i have to do to be able to get that feature?,29
why do i have to verify my identity?,74
is it possible to exchange currencies using the app?,33
why is there a payment showing twice?,63
why is there a 1 euro fee on my statement?,34
how do i reset my passcode?,44
what is wrong with my top up?,47
i ordered my card 2 weeks ago and it still isn t here? what do i do?,11
could you please tell me why my purchases from this morning say payment is pending?,45
i keep checking my statements but no progress.i requested a refund but seems it s not reaching my account for some reason. can you please help me get the money back from the seller for me,51
why do you need verification for my identity?,74
i need it delivered by saturday.,12
where can i order my virtual card?,40
transfers may show up as pending for up to one business day while they are processed and then they ll depart for the beneficiary accounts. please confirm that you have correctly entered your account details. sepa transfers typically take up to two working days while swift transfers can take up to five working days.,48
my card has been pending for a while what should i do?,45
i m unable to verify my identity,68
how can i change my address?,30
can i convert money into different currencies?,33
i topped up my card but the app rejected it.,59
i no longer have my phone.,42
i have an unfamiliar direct debit in my statement.,28
i ve lost track of my phone or someone stole it.,42
will you charge me more if i top up with an international card?,57
i made a purchase but the exchange rate is wrong?,17
how long does transfer from the us take?,67
does my account have the option to hold multiple currencies?,36
if i were to use a european bank card for a top up will i incur a charge?,57
are there limits on auto top up?,4
if i need to do a quick transfer from china how long should i expect the transfer to take?,67
how long will the 1 charge show as pending?,34
i sent a transfer and it has been pending for awhile. how long will it stay pending?,48
there was an extra charge when i made a transfer.,64
are there certain cards and currencies you support?,54
where can i find mastercard atms?,3
something s wrong my card won t work.,14
why was i charged extra using my card?,15
i did all that was asked of me and i am rather frustrated. i don t understand why you just won t credit me my money back. i have contacted the seller and nothing has been done. it s been a week!,51
how old do you have to be to get an account?,1
i tried to buy something online yesterday but it kept saying declined. tried again today but same thing happened. what s broken?,27
i forgot what my pin number is and now am blocked can you help me get in?,49
can i start an account for my kids?,1
how much for topping up by card?,57
am i going to be charged for receiving money?,56
what is the process for using my credit card to transfer money?,62
how long do i have to wait for a transfer to reach my account?,67
do i need to verify the top up?,71
show me how to top up,62
how do i stop fraud to my card?,22
i found my card! can i link it back into the app?,13
can i use my new card?,0
i don t find your services useful anymore how do i delete my account?,55
i tried verifying my id but it won t let me.,68
why did my my transfer get declined?,27
what is the most i can top up?,60
are my friends able to add funds to my account?,62
why have i been charged for pulling cash out of my own account?,19
why has my account balance not changed after depositing a cheque?,6
i would like more physical cards,39
why does my statement contain an extra fee?,34
can i have my money refunded for an item,52
i am waiting for my card to arrive.,12
can my 8 year old grandson open an account at the bank?,1
i did not make this payment that i see in the app.,16
how do i contact customer support about my declined transfer?,27
i didn t want to make a transaction i want to revert it,8
what factors determine your exchange rate?,32
what is needed to activate my card?,0
in regards to my card payment the exchange rate is incorrect.,17
my password isn t being accepted and i need to reset it.,44
i have a second credit card from the us. will you take it?,54
is it possible for friends to top up my account?,62
i believe that a card payment i made was cancelled.,53
please tell me what this direct debit in my statement is,28
hello. i tried doing a topup and i thought it worked but now the money is no longer in my account. can you explain?,61
what is the limit for top ups?,60
how can i get it to add money automatically while travelling,4
why isn t my cash deposit showing up in my account?,6
i think my card payment has been stopped,53
where can i get a disposable virtual card?,37
can i edit my details?,30
i didn t buy this twice,63
as i double checked that i have the correct account details that i submitted they re right for sure. transfer is still pending so far.,48
i would like to transfer money from my checking account to my savings account.,65
i need a few more physical cards.,39
could you inform me as to why i have been charged a higher fee for doing banking abroad.,64
what is the most that i can top up to a card?,60
what documents do i need to verify who i am,69
i am unable to use my card.,14
i made a bank transfer but it doesn t seem to have gone through?,5
what am i missing to verify my id?,68
who can i speak with regarding a lost card?,41
when do i see my recent refund in my statement,51
what locations are cards delivered to?,43
top up cancellation,61
i didn t get cash from an atm but the app says i did,20
i think the exchange rate for the cash i withdrew wasn t correct.,76
why can t my beneficiary get access?,7
is there a fee for sending out more than one card?,39
i noticed a different charge while i was taking my money out.,19
i do not know why i was charged for the 1 transaction.,34
i forgot my password,44
can you help me transfer funds from another bank account to this account?,65
i did not get the right exchange rate while getting my cash out.,76
are your cards supported in the eu?,24
what are the currency exchange fees?,31
are my contactless settings correct? i tried to use it today but it wasn t working.,23
i did not set up a direct debit i have,28
i see in the app some cash was withdrawn but it s not mine.,20
why isn t my refund showing in my statement?,51
someone else may be using my card. there are transactions i don t recognize.,22
i entered my pin in wrong and got it frozen. how many tries do i have,26
i would like to see the source of my money.,70
why isn t my deposit in my account?,6
i see a charge of 1l i do not recognize on my statement,34
i couldn t get money from the atm,26
i m having trouble with proving my identity.,68
i live in the eu can i get a card?,24
are eur exchanges acceptable?,36
why does my transfer still say it is pending?,48
why do i have a strange payment on my statement?,16
at what atm can i change my pin?,21
can i get my salary through this?,50
what are the top up fees for my card?,57
weird direct debit payment,28
the cash deposit i made this morning has not been credited to my account,6
it s been two weeks and i haven t gotten my card what do i do?,11
my transfers are being declined. it has always worked for me but now it s declining my card. i ve tried several times.,27
why did i get charged for withdrawing cash?,19
in the app i see a payment that is not mine.,16
i m interested in using fiat currencies which do you support?,36
i would like a virtual card where can i purchase one?,40
i must verify the source of my funds,70
how can i use thereto top option?,4
which atm s accept my card?,3
what physical locations can i use cash to top up?,58
how do i get unblocked?,49
i deposited a check yesterday and im not seeing it in my account. i need the money is there something wrong with my account? check it out please,6
would i have to pay anything if i need an additional card?,39
there s a payment in the app that i didn t authorize.,16
i need to validate the source of my funds.,70
a direct debit payment that i didn t authorise shows up in my app.,28
my top up is taking a while to process!,47
i need a hand here i need to top up cash.,58
i just sent money but the person i sent it to doesn t see it. what happened?,66
if i don t have much money in the account can i auto top up?,4
why is there a fee added to my statement?,34
i need a second card can i have more than one?,39
why can t my beneficiary make transactions?,7
i need to update my info.,30
my card is showing the same transaction over and over again.,63
why hasn t my top up gone through yet,47
why do i see an extra 1 charge on my statement?,34
for my account how do i transfer money in?,65
why is my card payment cancelled?,53
want to get a new card in china,9
is it possible to get a disposable virtual card as well?,37
why do you need so much information to verify my identity?,74
can i open up an account for my child?,1
i think someone has hacked my card!,22
will you be able to send the new card to china?,9
i bought something online and it says there was a fee to transfer money. isn t that free?,64
i see non received cash in my app.,20
i can t find how to top up my account with a check. where is that?,58
how long does it take for money to reach my account?,5
why has my top up failed?,59
which currencies do you handle?,54
how can i check if my card is working?,14
what is the maximum i can top up?,60
i purchased something while traveling and the exchange rate applied was wrong.,17
it looks like someone else withdrew cash from my account can you help?,20
when i got cash my exchange rate was wrong.,76
do i need to verify my identity?,74
is there a limit to top ups?,60
show me how to top up with my card,62
i have no idea why my card payment did not work.,25
exchange fee help?,31
i made an atm withdraw it didn t give me the amount i asked for but is showing a withdraw for that amount.,75
when will my pending payment finish?,45
my funds must be verified,70
how do i start an exchange between gbp and aud?,33
i didn t set up a direct debit payment on my account.,28
i want to revert a transaction i did this morning,8
physical cards are what i need more of,39
the card is non functional.,14
i noticed that there was an extra charge fee on my account. could you explain to me why?,64
i ordered something online a while ago and i haven t gotten it. i would like a refund.,52
how much does it cost in fees to use your card?,43
what can i pay with? does cash work?,58
why is the payment i made still pending?,45
what credit cards do you carry,73
what currencies are approved to add money?,54
i thought it was free to make a withdrawal. so how much does it cost now?,19
my cheque deposit didn t seem to work.,6
where can i find the auto top option?,4
if im not using my account should i close it or just let it sit,55
why didnt a transfer to my account process,7
i don t know what to do. should i transfer funds. my account is out of money.,65
when exchanging currencies is there an extra fee?,31
how can i get multiple disposble cards.,29
what steps are taken to transfer money into my account?,65
which atms accept mastercard?,3
i visited the atm but got less money than what i requested. why?,75
my identity verification is not working.,68
why am i having trouble verifying my id?,68
why is the payment on my card still pending?,45
i d like my account to be deleted. i m not satisfied with the service you provide.,55
i already paid to top up but the funds aren t available yet where are they?,47
1 was in my statement as an extra fee.,34
can i auto top up? how do i do it?,4
what process should i use to transfer money into my account?,65
i need to know the cost and when i will receive a new card to replace an old one.,9
where can i get a physical card?,43
why are you not accepting my transfer!! i ve tried a couple times already now and it just keeps showing an error message,7
when can i expect delivery?,12
i attempted to top up but the app denied it.,59
i cannot locate the card pin.,38
is it possible for me to top up with cash?,58
for some reason my contactless has stopped working. i don t know what the problem is. what can i do?,23
my card payment is just showing up as pending and it has been a while what s going on with that it should be going through at some point?,45
how can i get my pin unblocked?,49
my card was rejected at the store for some reason can you look into this for me?,25
i have to quickly transfer something to china. how long will it take to arrive there?,67
the bank transfer was declined,27
could not complete transfer states declined,27
i ve tried my card a bunch of times and it never worked.,14
what do the disposable cards do?,37
i didn t receive the correct amount of cash,75
what places will accept my card for payment?,10
unhappy with service need to delete account,55
what would the price be for an expired card replacement and how long will it take me to get it?,9
my card is being declined for a purchase. i bought items before and the card worked. do you know what the problem is?,53
i want to transfer money into my account what do i do?,65
can i make transactions before identity verification?,74
what number of times can i top up?,60
why was i charged a fee for my card payment?,15
i just pulled money out of the atm and was charged a fee why?,19
why was a fee charged to me for transferring money?,64
how can i check if i have received a refund if it is not yet on my statement?,51
how do you top up on the apple watch?,2
my funds are not transferring to my bank. why is this not working?,7
my card was taken by the atm.,18
my card payment did not work.,25
i need a refund from you because the merchant is refusing can you do that?,51
can you tell me where to find my top up verification code?,71
i was mugged and everything taken. what do i do to protect my account?,42
how long is the wait for a us transfer?,67
can i link another card to my account?,13
i was retrieving money and my card wouldn t remove.,18
i can t transfer any money from my account to my friend s account it keeps rejecting it. can you tell me why? i have enough funds in my account to transfer.,35
can you tell me where i can order a virtual card?,40
where is my top up generated from?,70
i m not in the uk is it possible for me to still get a card?,24
how long is the wait for my card?,12
why isn t my card working? i was pumped to use my new card but it keeps getting declined. help please.,25
i d like to make some changes to my personal information.,30
phone is gone dont want others to access account information,42
may i reactivate my card? i previously reported it lost but have now found it safe and sound.,13
is there a way to link the card i just got?,13
i need help. i updated my balance with a check yesterday and im not seeing it. can you look at my account to see what went wrong?,6
my top up says it is still pending,47
the amount of exchange was not correct for the item i bought.,17
can you explain your exchange rate policy? i don t think i received the correct amount of cash in my atm transaction.,76
why am i not allowed to transfer money to my cryptocurrency exchange?,7
my card is stuck inside the atm what am i supposed to do?,18
can you look to make sure the exchange rate is correct,76
how do i dispute a direct debit on my account?,28
i don t know why the deposit i made a week ago still hasn t showed up i really need the money now.,6
my virtual card won t work.,72
how long do money transfers take?,66
why can t i see my refund in my statement?,51
how much is the fee for a sepa transfer?,56
i couldn t get the money i needed.,75
how long do bank transfers usually take?,5
please send a new card the atm ate mine.,18
where can i order a virtual card?,40
is it possible to use my credit card to transfer money?,62
i was charged an extra pound for no reason. why is that?,34
is american express supported for adding funds?,54
how do i know how much money i will have when i travel abroad?,32
what is the disposable card for?,37
why do i get charged additional fees on some payments but not others?,15
can i use my american express card with apple pay?,2
can i use the apple watch to make a top up?,2
my card stopped working,14
if i was travelling abroad would i be able to hold currencies in euros?,36
can i space out how often money is transferred along my travels?,4
explain the extra fee on my card when paying.,15
please sort your top up! my top up has been pending for an hour already. can you please make it go through as soon as possible. i really need the money.,47
can i choose between visa and mastercard?,73
which atms allow me to change my pin?,21
where is the virtual card?,40
i want to have multiple currencies in my account if possible.,36
my friend says he hasn t received my transaction,66
how much is the limit for top ups?,60
how long does a check take to show up in the account balance?,6
why are there fees for card usage?,15
what number of transactions can i do with one disposable card?,29
can i make an account for my kids?,1
when can i expect money to be transferred to my account?,67
are there any hindrances to using a disposable virtual card?,29
i left my phone at the hotel.,42
i notice there s a pending payment on my card.,45
i have used my card online before and wasn t charged why am i charged now,15
why is the exchange rate for a foreign atm different,76
how much do you charge for exchange rates?,31
why did i not get all the money that i asked for? i asked for all the cash in my my account but i only got about half. why is that??,75
do you offer refunds? i would like to return purchase.,52
what is a pending cash withdrawal?,46
i don t remember my login code,44
i have a duplicate charge,63
how long does it take for money to transfer? i sent some to a friend and it hasn t gone through yet.,66
i can t verify my id.,68
i made a purchase this morning and it is showing as pending.,45
top up my card please which y all support?,54
are there any hidden limit on the auto top up?,4
where are the transfers originating,70
how long does it typically take a transfer to go through? i sent some money to a friend earlier today and she really needs it. it still is a pending transfer even though i sent it a few hours ago.,66
an item i bought had the wrong exchange rate applied.,17
the app denied my topped up.,59
i think the top up failed,59
how can you assist me on topping up on bank transfers to my account?,65
i got a strange fee when i used the atm.,19
hello. i ran into a problem with a transfer this morning. i was trying to send money to some friends but when i tried to send it the transfer failed. i don t know what is causing the transfer to be rejected. please let me know what is causing the problem. thanks.,35
i have a fee for cash withdrawal,19
where are my funds? i topped off my car but it didn t seem to complete.,47
how long will it take the money to appear in my account?,67
i made a big purchase that i regretted and cancelled the merchant said that my refund was submitted. can you confirm to me that all of my money was truly returned to me?,51
hi i sent a payment to the wrong account number can you cancel it as soon as possible?,8
why isn t my top up going through?,47
why was my transfer charged a fee?,64
can i get a few more physical cards?,39
the atm at metro bank on high st. kensington didn t return my card and the bank is now closed. how do i get back a card swallowed by an atm?,18
do i need to pay extra for exchanging currencies?,31
how much to exchange currencies?,31
is exchanging currencies one of your app services?,33
i transferred some money but it hasn t arrived.,66
what do i do if an atm ate my card?,18
disaster i ve totally forgotten my passcode can you help me?,44
i transferred some money recently and saw a fee on my account what s that for?,64
for some reason i am having a problem with verifying my identity.,68
what are the charges for receiving money?,56
there is a payment that is not mine.,16
can i use my apple watch to to top up?,2
my top up is pending still,47
what happens when my card expires?,9
how can i receive a virtual card?,40
help my activate my card.,0
i want to know how to transfer money with my credit card,62
how can i find an atm that accepts this card?,3
which credit card top ups do you accept?,54
tell me how i can exchange between different currency.,33
i believe my card has been compromised as there s a cash withdrawal i don t recognize.,20
is there a way to use this app with a disposable virtual card?,37
where is the top up verification code sent?,71
i used my card for a purchase and was charged a fee,15
i just moved overseas and i noticed that you are charging me more fees. i am a loyal customer is this how you expect to keep customers?,64
what fees do you charge for the standard card?,43
how to modify my details.,30
my payment has been cancelled,53
there was a charge applied when i used my card.,15
can you tell me how to get my card on the app?,13
my top up was supposed to be done but now the money is gone! is there a glitch in your system?,61
i tried to do a transfer but it didn t go through.,35
i deposited cash into my account a week ago and it is still not available please tell me why? i need the cash back now.,6
when considering currency holdings and exchanges what fiat currencies are supported?,36
your company is awful i would like to delete my account please,55
how do i use the app to exchange currencies?,33
is there such thing as top up by cheque?,58
where is the top up verification code?,71
the exchange rate applied was incorrect when i was traveling outside the country.,76
why is top up not working if i use my american express with my apple pay?,2
why did i get declined during a transfer?,27
what currencies do you support?,36
i got charged fees for withdrawing cash!,19
a cash withdrawal is showing up that i didn t do.,20
i want to end my account,55
my statement has a dollar i have been charged showing up on it.,34
why are all my identity details required,74
i can t access my money. is it because somethings wrong with the top up? i set it up correctly.,59
how long does it take to activate my card?,0
is there a disposable virtual card i can order?,37
the correct exchange rate wasn t given to me for an item i purchased.,17
when will the transfer be completed?,48
can you tell me the limit for top ups?,60
can i get my card expedited?,12
am i able to look back at a transaction to see who with drawled some money from my account? i don t remember authorizing this a few weeks ago but wanted to double check who took the money.,28
can i already use my account although the identity verification has not passed yet?,74
i want to get my hands on one of those virtual cards!,40
help! in the app there is a direct debit that i don t remember.,28
why did i get a 1 extra fee on the statement?,34
can i cancel this purchase?,52
my entire gym bag including my wallet was stolen out of my locker today. everything in my wallet is gone how do i block the card to make it can t be used?,41
please explain why my payment was declined? i thought everything was good.,25
why doesn t the app believe i am who i say i am?,68
hi i just topped up my phone and the money was deducted but it seems to have deducted the same amount again! please help!,61
when i tried to top up using my card all of the money disappeared.,62
i was at an atm and it swallowed my card.,18
i was told that withdrawing cash from the atm is free but i m charged a fee. why is this?,19
can i use a check to get gas?,58
i paid with a card and there is an extra charge. why?,15
what about a auto top up?,4
how can i deposit money to my account?,65
if i wanted to change my pin how would i do that?,21
still waiting on my refund...,51
can i change my pin number at a cash machine?,21
there was a direct debit transaction i have don t think should be there.,28
i need to change my data.,30
does it cost me to add cash?,56
can you delete my account please?,55
how do i delete my account?,55
why does the top up need verification?,71
cash i didn t get shows in my app.,20
is it possible to get a card if i m not in the uk?,24
are there any extra fees for adding money into the international card?,57
is there a location where i can change my pin?,21
can you tell me the atms i can use with my card?,3
i did a transfer but it is still pending.,48
i think my card is broke it s not working anymore,14
my payment has an incorrect exchange rate.,17
is there a way to recover my password?,44
where can user find pin?,38
do you have any idea on when i will receive my refund? i got my statement and it was not there.,51
how much is ok for me to top up with?,60
i ve transferred money into my account but the balance is the same,5
i am seeing an extra fee on my statement what is that for?,34
why is my top up not showing up in my wallet?,62
i just got my new card but am not sure how to check its pin.,38
i think my card has been used by somebody else since i was never in the little town where some transactions on this bill have come from. please stop this right away.,22
my salary is in gbp how can i note this in the app?,50
this exchange rate on my purchase is wrong.,17
what is the fee for accepting money from a foreign country?,31
how can correct top up with the app to work correctly?,59
i made a deposit in the atm and it has not cleared,46
i purchased something abroad and the incorrect exchange rate was applied.,17
hey i am standing in front of an atm here it only gave me 10 pounds even though i wanted to withdraw 30! seems like the app has 30 pounds what do i do??,75
how do i go about transferring money into my bank account?,65
i cannot view the refunded amount in my account.,51
i tried activating my plug in and it didn t piece of work,0
if i have more than one disposable card can i make five payments on each of them?,29
are both visa and mastercard offered?,73
hello my transfers are getting failed continuously in spite of the fact that all the recipient details are correct. please advise.,27
is it possible to use apple pay to put money in my account?,2
what steps can i take if someone else is using my card?,22
i got my new card where do i go to activate it?,0
please tell me if i m going to be charged for sending out more cards?,39
where in the app do i go to make my new card show up?,13
i can t log in,44
i tried to withdraw cash but got declined!,26
when the time is right will this automatically replenish my balance?,4
why is there a fee for an extra pound in my statement?,34
what is the procedure for depositing a virtual card,37
can i top up any amount i wish on any given day?,60
how did my top up fail?,59
can i have a second physical card for this account?,39
it seems there is an incorrect listing of a direct debit payment on my app that i did not make,28
can you explain why i am now getting charged a fee for using my card?,15
my bank card has expired how can i get a new physical card?,9
they said i would get a refund but i don t see it on my statement.,51
phone is at a hotel can i still use app,42
how come i didn t get a virtual card yet?,40
when will my card be delivered?,12
how do i report possible fraudulent activity on my account?,22
i did not charge my account for that transaction. that s an error.,16
how do i know where i can get money withdrawn?,3
what do i do to verify a top up?,71
how long does it take for money to transfer?,5
how can i tell where the money came from?,70
i goofed up and used the wrong account. please help.,8
can i make a contactless payments?,23
how long will it take for my payment to go through?,45
it appears my top ups have been canceled.,61
hi i am calling about a recent transaction that has happened on my account. i recently went to the atm and tried to make a withdrawal on my account. i just happened to check my transaction slip and noticed a fee for my withdrawal. how can i resolve this i didn t know fees were charged for this type of action.,19
please tell me why i am having problems transferring to a beneficiary.,7
if i were to transfer what would the cost be?,56
i may have a fraud charge on my debit statement.,28
changed details is essential what steps do i take to do so?,30
can you tell me how many currencies i can hold?,36
why is top up not working for my apple pay app,2
why have i been charged a small fee to use my card?,15
i did not get the right amount of cash from the atm.,75
how do i update my pin to a new number?,21
what is the process when my card is due to expire?,9
why was i unable to finish this transfer?,35
how long will my transaction take?,66
my top up failed to go through.,59
who do i talk to to cancel a transfer?,8
has my top up gone through?,61
do i need to wait to get my card before getting a pin,38
i made a transfer and according to the receiver they haven t received the right amount its lesser than it should be.now i have to transfer more money to make up for the missing amount . can you please help me about this what should be done,64
how do i get into my account and edit my details,30
how long does it take for money to transfer as my balance hasn t been updated,5
how come i don t see my deposit in my account yet?,6
i need a refund on an item i have not received. am i able to simply cancel the payment? i don t know how to do this.,52
how long is a delivery to the us?,12
why was there an extra charge because i used my card to pay?,15
can i reset my pin?,21
i tried to buy something online yesterday but it kept saying declined. tried again today but same thing happened. what s wrong?,27
can i make online purchases with my card?,10
i recently purchased something and the exchange rate was wrong.,17
do you have a fee for receiving a sepa transfer?,56
i am still waiting on my bank transfer,5
what are the restrictions on the virtual cards?,29
there has been an unusual withdrawal from my account can you help?,20
how do i use the top up app with my apple watch?,2
what are the various currencies and cards that you offer support for?,54
last saturday i was charged extra for the exchange rate on my payment. is something wrong?,17
why is it taking so long for a transfer to complete!,66
why did my cash deposit not show up?,6
atm is broken. it did not give me the full amount 30 pounds. i m standing here with only 10 pounds and it s telling me it gave me 30 pounds. i need assistance now!,75
why do i have to give you all of my identification details?,74
send my card as soon as you are able to.,12
what s the wait time for european transfers?,67
are the delivery days flexible? my schedule only allows me to be a available on specific dates.,12
i wish to cancel a transfer,8
what is the top up limit for my card?,60
i think there has been a purchase made that wasn t by me.,16
i must make several disposable cards every day.,29
i requested a refund from next because the dress i purchased had three arm holes. they said they sent the refund last wednesday which is nearly a week ago and i still don t have it. why not?,51
i can t seem to get my virtual card to work.,72
is there a way to top up when it reaches a certain balance?,4
my identity hasn t been verified and i can t edit my details what s next,30
what is the max amount of disposable cards i m allowed.,29
i can t figure out how to change gbp to aud what do i do?,33
the service of this company sucks i need to terminate my account.,55
is there a limit on auto top up?,4
how do i unblock my card?,49
i transferred some money but it is yet to arrive.,5
how do i verify the top up card?,71
virtual card is not working for me,72
why do i need to verify the top up?,71
hello i trying to top up with my card today but it didn t work. when i tried last time it worked but today it isn t. could you take a look at it for me?,59
my identity can t be verified for some reason,68
i believe that someone is using my card without my knowledge!,22
what is the exchange rate for eur?,32
i made a transaction to the wrong account!,8
how many cards can i have?,39
after a transfer i see an extra fee. why?,64
is it possible to purchase more physical cards with my account?,39
please help me with the amount that i have withdrawn from the atm today the atm has given me wrong sum of amount and i could see that the app is displaying the greater amount than taken out.,75
how do i edit my personal details?,30
when exchanging how much are the rates?,32
the app shows direct debit payments that i didn t make,28
if i started the bank transfer from europe how long will the process take to complete?,67
how do i return something for a full refund?,52
my account was charged twice for one purchase,63
how long does it take to post atm with drawl,46
i want to hold and exchange fiat currencies what can i use to do so?,36
my top up funds aren t available yet.,47
the refund has not appeared in my account,51
i think i was double charged,63
why was i charged a fee when making this transfer when i shouldn t have been?,64
what is the maximum transactions for one disposable card?,29
i need to cancel a transfer i made.,8
i just got a new card and i want to know how to activate.,0
i need to verify a payment to my new landlord. i transferred the first rent payment a few days ago. while it shows on my side the landlord is saying he hasn t received it yet. can you verify that it has processed?,66
the app isn t letting me log in but my info is correct.,68
i m still waiting on my new card to be delivered!,11
how long does it take for deliver to the us?,12
the money i transferred does not show in the balance.,5
where do i find my code to verify my top up card?,71
why is there a pending hold on one pound on my statement?,34
i tried to pay through my account but the payment is not going through. what s going on?,45
i cant transfer money into my account,7
why won t the machine accept my card anymore?,14
i need a new card because the atm took mine.,18
what do i do to get ahold of my own card?,43
why won t my top up work,59
i checked my statement and saw a charge of one pound where is this charge coming from?,34
there is a direct debit set up that i didn t create.,28
i wish to top up using a cheque.,58
i need help with a lost card,41
why am i being charged the wrong currency exchange when i purchased something abroad?,17
why won t my top up go through?,61
how are foreign exchange rates determined?,32
why am i being charged twice?,63
tell me what atms use this card.,3
how do i get a new card sent to china?,9
what do you need to verify my identity?,69
why was i charged more than i should have been?,34
where can i find out where my funds came from?,70
how do i know where my funds come from?,70
what is the maximum number of transactions that i can put on a disposable card?,29
the exchange rate is incorrect for something i bought,17
do you support changing the currency i use?,33
i have gone through my statements and noticed there is a large payment that i did not make. can i still dispute the payment? its been a while,28
the app will not let me into my account.,68
i saw a payment i did not do,16
how do i change my pin while traveling?,21
i have a fee showing from last time i used my card.,15
do i have to use a bank approved atm to withdraw money?,3
can you show me how to top up with google play?,2
why can i not do a transfer to a beneficiary?,7
why is verification for my identity needed?,74
there is a top up that has been pending for an hour and i don t know why. i was expecting it immediately and need it now!,47
what should i do if i think there are unauthorized transactions?,22
what fiat currencies are used for holding transactions?,36
how can i go about getting a refund?,52
i need my card topped up,62
the exchange rate was wrong?,76
why would a merchant revert a card payment?,53
how do i begin the process of a refund?,52
how long does it take for a card to arrive?,12
the money has not yet been placed in recipients account.,66
how long are my top ups pending,47
i understand that this is extremely late. after going over my transactions for the last couple of months i noticed a large charge that i m sure i did not make. is there anyway i can still dispute this?,28
it says the transfer wasn t accepted.,27
i really was trying to complete this exhange. i was trying to purchase some crypto but the app won t allow me to do it. can you tell me what s going on here?,7
can i have a spare card for this account please?,39
what am i being charged an extra pound when i haven t bought something worth that much?,34
i can t find my card! can you help?,41
i was trying to use contactless earlier but it didn t work.,23
my address has changed. how do i report it?,30
what is your refund policy for products i have purchased?,52
could you explain your rules for atm fees?,19
how much are the rates of exchange?,32
i received my american express in apple pay why is top up not working?,2
what if my top up is reverted?,61
can you tell me why my top up was canceled?,61
okay i found my card can i put it back in the app?,13
i need assistance with transferring funds to another account.,65
what currency is acceptable for a top up?,54
why do you need my name and id,74
i keep checking my bank statements but i don t see a refund that i ve requested from a seller. can you ensure that i receive the refund from the seller?,51
where is the tracking number for the card you sent me?,11
what countries do your accounts support?,24
do you guys have any age restrictions?,1
hi i just looked at my card transactions and saw that i ve been charged twice for a restaurant i went to this week. can you remove the double charge please?,63
my card is about to expire. do i have to go to a branch to order a new card?,9
can i open an account for a child?,1
what is the price for an additional card?,39
can i top up?,60
can you freeze my card it was stolen,41
there s a payment that isn t mine on my app,16
what does it mean if it says my card payment has been cancelled?,53
cancel a transaction,8
i did a money transfer to my account and it is not showing there.,5
i need assistance with activating my new card.,0
i can t find my card and think it may have been stolen.,41
how come when i tried to pay contactless at the bus it didnt work?,23
i got mugged yesterday and can t use the app.,42
i would like to be assisted with the activation of my card.,0
i think my card payment has been reverted,53
what is the wait time for a transfer from the us?,67
i need to top up using a cheque,58
what is the purpose for verifying my identity?,74
which countries do you support?,24
i made a transaction but i made it to an account i didn t mean to make it to.,8
how much is the exchange fee?,31
i have an unauthorized direct debit on my account,28
where did the money transfer go?,66
currency exchanges have any extra fees?,31
why would my payment have been returned to my account?,53
i need information explaining why my top up failed to go through,59
someone has been using my card. there are unfamiliar transactions on there. can you freeze the card to keep this from happening?,22
what do i do after my card expires?,9
what can i pay with out fees,15
are you visa or mastercard?,73
do you do swift transfers?,56
how can i fix this? the atm gave me more cash than i d asked for.,75
what is the verification code for my top up card?,71
please provide currency exchange rates,31
i sent some money to somebody a couple of hours ago and they still have yet to receive it. they really need the money how much longer are they going to have to wait?,66
i ve now been trying to do a really standard transfer 5 times already. what s going on is your system broken or something?!,35
can i verify my identity online?,69
my transfer is quite urgent and finally worked out but i ve been waiting for it for quite some time. can you tell me how long to expect to wait for it?,48
are there ways to transfer money into my account?,65
i used an atm and there was an extra charge.,19
i have a new card and need to activate it,0
how do i use the app if i don t have my phone with me?,42
can a friend top up my account,62
i am not seeing a refund in my statement.,51
explain top up cancellation,61
will be apple watch be able to let me top up?,2
i have been charged twice this week for a couple of things on my card. can you please check this out for me and return the double charged items back?,63
my transfer was declined. what might the reason be?,27
why was my virtual card declined when attempting to setup automatic billing?,72
i would like to transfer money from my other bank account into this one.,65
i can t get a contactless payment to work.,23
stop the transaction,8
i was refunded the money for something i bought already.,53
how do i tell if my top up was reverted?,61
i withdrew some cash when is it going to show?,46
i believed crypto top up with something you offered. this does not seem to be working. the money has been removed from my account though so what s going on?,61
how can i move money from my account at a different bank to the account i have at this bank.,65
how much is it to use my us debit or credit card to top up?,57
why was i charged an extra fee when using an atm?,19
if i feel someone has my card information can i get a new card?,22
is there tracking info available?,11
how do i order my card?,43
how do i top up using my card?,62
do you have a problem with eur exchanges?,36
do i have to go somewhere to activate my card?,0
what s the right way to activate my card?,0
why did i have to pay more when i do it with my card?,15
my top up hasn t gone through yet why?,47
what are the steps i need to take to cancel a transaction?,8
why don t i have my transfer?,5
my pin has been blocked.,49
what is the reason i couldn t do a transfer to a beneficiary?,7
unsupported transfer declined,27
my top up hasn t gone through,47
i think my card payment had been return,53
i tried and tried but i could not complete my transfer. tell me what is wrong.,35
what are the rules for using disposable virtual cards?,29
what was the 1 charge for on my statement?,34
when will my card payment be done pending?,45
what are the steps for getting money from a friend?,50
i want to open an account for my children,1
are there any top up limits?,60
i received my card. how do i link it to the app?,13
i made a card payment and a fee is showing up?,15
why wouldn t the atm give me cash?,26
i withdrew cash abroad and the exchange rate applied is wrong.,76
can i cancel a transaction?,8
do i have to top up in euros if i use a card or can i use a different currency?,54
i was declined when i tried to get cash.,26
i have been charged way to much so something is apparently wrong with my exchange. i changed russian ruble into uk pounds.,17
is it possible to use an atm when i am not in the country and make a withdraw with out extra fees?,76
what to do if my card has been used without my permission?,22
how come i was charged an extra fee when paying with the card?,15
i needed to send my friends some money urgently. i tried multiple times to transfer the money this morning but the transfer keeps failing. can you tell me why the transfer is getting rejected?,35
how do i add the card i just received to show up in the app?,13
the exchange rate you are using is really bad. this can t possibly be the official interbank exchange rate.,17
how do i go about getting a virtual card?,40
are transfers to a beneficiary possible,7
i found my card am i able to put it back into the app?,13
i need my payment in another currency,50
my card was eaten by the cash machine what do i do?,18
do i have a choice for a mastercard?,73
which forms of currency are accepted?,54
i am still waiting to find out the status of my refund. i have made previous attempts to find out what the status is to no avail. will you please look into this for me?,51
will declined funds i tried to withdraw be returned to me?,75
i made a deposit but it is not showing up in my balance.,6
my balance has not changed despite depositing a cheque,6
i tried to withdraw 40 pounds but only 20 came out. did you steal my money?,75
my card has not arrived yet.,11
what sort of restrictions are there for the disposable cards?,29
i added funds to my account but the app didn t process it.,59
this transfer incurred a fee that i don t think is right.,64
can i change my pin at any cash machines?,21
what cards do you support,54
why was there a fee for my cash withdrawal?,19
are there topping up fees if i have to transfer?,56
are there still fees for european top ups?,57
can someone help with my passcode?,44
reason for my card to decline,25
how do i close my account?,55
i was double charged at a restaurant can you take the second charge off?,63
is there a way to top up using my apple watch?,2
how do you find the exchange rate?,32
please cancel the transfer i just made. i put in the wrong account number and can t seem to stop it on the app.,8
my top up has failed.,59
how can i see the progress of delivery of the card that was sent?,11
i want a refund because my package has been taking too long to arrive. how do i go about doing that?,52
if i need a pin for my card where is it located?,38
when will my transfer come through?,5
will you accept my credit card it my only one.,54
hey i thought transfers were free. why are you charging me?,64
are there charges for using a bank card to top up,57
can i get a physical card through this app?,43
i have an emergency and lost my phone. i need help accessing my account.,42
are your cards available in europe?,24
when will my refund come through,51
i see a payment on my statement for a place i didn t make a purchase at.,16
what are the currencies and cards that are supported with my account?,54
i would like to know if you use visa or mastercard.,73
the transfer keeps failing i tried to transfer some money to friends this morning but it keeps getting rejected for some reason would you please check the issue?,35
what is the dollar that i have pending on my statement there?,34
can i automatically top up when traveling?,4
how often am i able to top up?,60
where can i link a new card?,13
are currency exchanges free?,31
how do i top up using my apple watch?,2
what is the fee for a transfer into my account,56
i need a refund on a direct debit that shows in the app because i did not make it.,28
i want to link my new card. can you help?,13
the receipient doesn t see my money transfer.,66
i have a new card. how do i activate it?,0
i d like to have another card,39
my app shows a payment i didn t make,16
can usa residents get a card?,24
why was a transfer declined,27
the service here is horrible i want to delete my account.,55
i was checking the app for my account and i noticed there is an authorized charge on it. i haven t used my card today so i know i didn t do it. i would like the transaction reversed and the money replaced.,28
how can i prove i am me?,69
how come the verification with the top up,71
the cash i wanted wasn t there.,75
what are the steps to reset my passcode?,44
how many days until the money will be in my account?,67
why was i charged for payments? you didn t warn me about additional fees.,15
i received my american express in apple pay is there a reason why top up is not functioning properly?,2
my card is showing a fee from when i used it but i thought this card was supposed to be fee free?,15
my payment has been declined!! what s going on i thought everything was alright and working well?,25
is there a fee for paying by card?,15
why do i get declined when i try to withdraw cash?,26
my payment was reverted by the app,53
a withdrawal is showing that i don t recognize,20
i need my refund as soon as possible. what else do i have to do?,51
i m hoping you can answer my question about a pending transfer that i ve had for a while now. i know that all of the account details are correct so why is it taking so long to go through?,48
my purchase from this morning still is pending.,45
i need a refund?,52
how long and how much does it cost for new card,9
i do not recognise the card payment.,16
what age can sign up for services?,1
what is the time for a transfer?,66
do you offer multiple cards for the same account?,39
i cannot get to my app what should i do?,42
am i charged a fee to transfer funds?,64
my card payment was reverted,53
i am waiting for a payment to be processed,45
today i used my card at a restaurant and it was declined. why?,14
i was wrongfully charged one pound.,34
how old can one use your service?,1
is there a way to track my card?,11
how do i find the top up verification code?,71
i m suddenly getting an error while attempting a transfer that it isn t possible. why? i ve done it before.,7
is apple pay eligible for top up,2
hello my money went through for my purchase but now i got contacted from the seller noting that they didn t receive it. then the money was returned to my account and i m not sure why this occurred. so if you can resolve this issue please.,53
what is the maximum for auto top up?,4
can i make multiple online transactions with my virtual card?,72
what is the current exchange rate?,32
how long will it take for the transfer to reach my account?,67
is the system down? i ve been trying to do a transfer and have failed?,35
the rate applied to my foreign currency at an atm was incorrect.,76
what is the first step i need to make for being able to access my account?,74
help me please my apple pay american express top up does not work.,2
is my pin recorded anywhere?,38
a fee was charged for my recent withdrawal.,19
why did my transfer to a beneficiary fail?,7
i would like to activate my card to use now can you help me?,0
do you know how to change my card pin?,21
what do i need to do to receive my payroll in the account?,50
when i went to 100 all the machine would give me was 20.,75
the activation process did not work please help?,0
please delete my account right now!,55
what can i do to make my physical card work?,14
if i don t have all my documents can they still verify my identity?,69
why hasn t my balance been updated from the check deposit i made?,6
my new card hasn t came in.,11
why is there a pending time on my transfer?,48
i need to know what s going on. i was under the impression you offered cryto top up which doesn t seem to be working and money has just vanished from my account.,61
why would there be an extra charge on my app?,34
what went wrong when i tried to do my transfer?,35
i couldn t pay with my card,25
where should my card work?,10
i did a payment but the app cancelled it.,53
i want to use a payment card to top up my account. how can i do this?,54
hey my card was declined at an atm in the city centre theatre. my account says the transaction is pending though. i didn t get the money though so what does that mean?,46
why did the disposable virtual card which i used to pay a gym subscription get denied?,72
why is it required to verify my identity?,74
when will my payment go through?,45
am i allowed to use any card to make a payment?,73
i don t think my transfer wen through. why?,35
what are the places that you deliver cards to?,43
the exchange rate is wrong from something i got in another country,17
yesterday i topped up my card. why didn t it complete as it still pending?,47
hello i changed my mind and really need a refund on one of things i bought recently. can you please cancel the transaction and get my money back. please it s urgent.,52
what is the reason my transfer was declined?,27
how should i add money to my card,57
looks like my top up has been cancelled,59
why didn t i receive the right amount of cash at the atm?,75
i m still waiting for my card that was issued a week ago. what should i do?,11
how do i top up my card with a cheque?,58
where do you have locations at,24
why are all my transfers failing? i have the details right and they won t complete. i ve been trying all day and they still won t go through this is urgent please help.,27
i need several cards per day. and i need to be able to throw away all of the cards i make.,29
can i choose a specific delivery date?,12
i bought some things in the morning but the payment shows as pending,45
exchange rate on a purchase was incorrect,17
i ve been waiting longer than expected for my card.,11
what extra charges are there?,64
why is my cash withdrawal still pending?,46
what is stopping my money from transferring?,35
why is my top up still outstanding?,47
i thought i lost my card but i found it today so i would like to reactivate it.,13
can you help me transfer money into my friend s bank account? i tried to do it but it keeps rejecting me. i need to get the money in there asap. i have enough and all the account info is correct.,35
why doesn t my card work for any transactions?,14
i know there s an auto top option but i can not locate it when i look?,4
can you tell me where my readily available cash has come from?,70
how to a go about ordering a disposable virtual card?,37
how old does one need to be?,1
what should i do if my card payment was cancelled?,53
where are the virtual cards located?,40
why is my physical card not working?,14
where do i go to receive a virtual card,40
how do i revert a transaction?,8
is there a limit to how high i can top up?,60
a card has been sent to me how do i track it?,11
i am missing a refund.,51
can i get my friends to add money to my account?,62
why hasn t my return cleared my account?,51
use my credit to add money,54
where is the verification code display?,71
why was i charged a fee for withdrawing money off my card?,19
what is the max top up?,60
do you have any age limit?,1
what countries do you operate in?,24
if i don t live in the uk can i get a card?,24
i need to change my pin but i am on the road.,21
where can i use my card to pay?,10
can i get an auto top up?,4
are you sure when the withdrawal will show?,46
i can t see my cash deposit in my account.,6
can i use my card anywere?,10
are there limits on the virtual cards?,29
is there an additional charge for topping up using a european card?,57
where should i withdraw money from?,3
where can i find a list of descriptions the disposable cards have?,29
from where are coming your exchange rates?,32
let me know when you charge extra for payments please. i just checked the app earlier when i saw that there was an additional fee on one of the payments that i wasn t warned about before.,15
my phone got stolen how can i use the app?,42
can this app be used to exchange currencies?,33
what should i do if my phone is lost or stolen?,42
in reviewing my statement i show i have two charges for the same purchase at the same time which i have not made in duplicate? how do i get this solved?,63
now that i have my card how do i connect it to the app?,13
hi. i just withdrew cash from an atm and received the wrong amount. however my app shows the correct amount i withdrew. how do i get the rest of the cash?,75
can i receive money in a different countries money?,50
explain why my top up would be reverted.,61
i sent money to someone but they haven t gotten it what s going on?,66
it kept my cash,75
what do i do if my card expires soon?,9
what is the exchange rate when i get cash,76
i want to get a disposable virtual card.,37
i am noticing that a refund of a large purchase still has not been credited to my account. i contacted the merchant a few days ago and he assured me that he would submit it right away. is there a status update?,51
how can i fix my card if the contactless function didn t work this morning?,23
what is this card payment i do not recognize it.,16
i got this stupid fee after taking cash out why?,19
what is the estimated date for delivery to us?,12
what is the minimum age to open an account?,1
what are the rules for transferring to a beneficiary?,7
how do i fix a broken card?,14
is there a top up limit for my account?,60
my passcode is not being accepted,44
how do i top up with apple pay?,2
how are exchange rates calculated?,32
why can t i transfer my money into someone else s account? i should be able to do so right? why does it keep rejecting my transfer? there s no reason all my info is correct and the money is there.,35
i ve lost my card. what can i do about that?,41
i tried to do a transfer but i got a message that it was declined.,27
there was an error in exchange rate for my cash withdrawal,76
please let me know what currency i can use to top up my account?,54
i need a number of disposable cards everyday.,29
someone has taken my money and i don t know who,28
how do i retrieve my passcode?,44
i need to top up my card today urgently but my card keeps getting declined!! can you please resolve this problem or let me know if you have any alternatives,59
can i reactivate a card i thought i lost?,13
my statement contained a one pound extra fee,34
why did you charge me for a cash withdrawal?,19
i need my pin where is it?,38
can i put my old card back into the system? i just found it,13
does apple pay give the option to top up?,2
how do i make my card appear on the app?,13
i want to close my account. the service you provide is unsatisfactory to me.,55
why didn t i get the amount i requested at the atm?,75
can my account be topped up by friends of mine.,62
hello just now i got to know withdrawal of money from of my account. as someone used my card to withdraw amount in any odd remote area. since i have not been in that area please freeze my card immediately.,20
my app says i withdraw money from my account from an atm.,20
is there a charge to use a top up card in the us?,57
why hasn t my transaction arrived to my friend yet?,66
is there any way to get my salary in a different currency?,50
what can i do if my card details where stolen from my car? i think they used my card to buy gas.,22
why did the atm cancel my transaction,26
why did you charge me extra when i withdrew cash?,19
there is more than one charge on my account for a transaction.,63
where is my money from this morning,6
it looks like my top up didn t work. why?,59
i m not sure how disposable virtual cards work. please help.,37
i have been charged for one thing two times.,63
my daughter needs an acount.,1
if i get another card what kind of fees am i looking at?,39
i don t think my top up is working correctly,59
can i set my own top up limit?,60
can i add to my account using a cheque?,58
how do i use my new card?,0
can you tell me why my top up didn t work?,59
why do you require identification documents,74
i can not find my refund.,51
can you share card tracking number?,11
i need to deposit my virtual card how do i do that.,37
i tried using my credit card with top up but it didn t work! i thought it was supposed to?,59
why do you need all this information about my source of funds?,70
why do i need top up to be verified?,71
could you help me reactivate my card? it was previously lost but i found it this morning in my jacket.,13
my top up hasn t worked it s been stuck in pending for the last couple hours,47
is the top up amount unlimited?,60
can you please explain disposable virtual cards for me?,37
how long does a transfer take from china?,67
can you explain your exchange rates basis?,32
why isn t my payment showing?,53
what is the current exchange fee?,31
why can i not do a transfer,7
where will i get my card?,43
what do i do if i accidentally broke my card?,14
why didn t the atm give me all my money,75
i d rather get a mastercard,73
is there a way to make my money usable in another country?,33
can someone please explain to me where my source of funds came from?,70
how do i unlock my account after typing in the wrong pin too many times?,49
i dont know what happened but my payment was cancelled,53
what do i do? my card is broken.,14
let me know the steps for the identity checks,69
the cast deposit from a week ago still is not in my account. why?,6
are there charges for topping up us cards?,57
my card never arrived.,11
the card i ve got seems to be broken.,14
how do i top up automatically?,4
how do i protect my phone from someone using it after i lost it.,42
i accidentally made a payment from the wrong account yesterday. it s my rent payment and it s very large so the account i paid from won t be able to cover the amount. it s really important that the payment be made from the right account?,8
where in the app can i find my pin?,38
i d like to get another card,39
why was my payment declined? i keep trying my card but it s not working.,25
why did my top up not work?,59
hello in my most recent atm transaction i didn t receive nearly as much cash as i thought i would what is your exchange rate policy?,76
i ve been trying to do a transfer multiple times and have failed? is the system down?,35
how many transactions can be made with a disposable card?,29
can you freeze my account? i just saw there are transactions on my account that i don t recognize. how can i fix this?,16
what do i need to do for a pin?,38
can you tell me the total cost of a transfer?,56
the atm didn t give me the full requested amount,75
does it cost anything to transfer money for a top up?,56
how do i reset the passcode?,44
why is my top up showing as cancelled?,61
i see a cash withdrawal in the app that i did not do.,20
i ve got a problem i purchased an item maybe a week or two ago but to the payment came back to my account! i ve already got what i ordered so why are the payment funds showing up in my account?,53
are you sending me my card?,12
i would like an extra card.,39
i would like to request a card.,43
someone has stolen my phone what should i do?,42
hello. i bought an item a while ago and have since requested a refund. however upon checking my online statements it seems that i haven t been issued a refund yet. how can this be remedied?,51
can you tell me why a refund i m owed is not showing on my statement?,51
where did my money come from?,70
my payment did not go through because the app reverted it,53
i might be paranoid but someone may be using my card.,22
i have a cash withdrawal that says it s pending why?,46
the exchange rate for me was wrong when i was abroad.,76
salary in gbp has been received does it need to be configured elsewhere?,50
i was told i would be getting a refund but i have yet to see it,51
where is the top up verification code located?,71
what should i do if i have used all of my pin tries?,49
can i stop a transaction?,8
i cannot get my disposable virtual card to work,72
my transfer will not go through.,35
unusual direct deposit,28
how long is the wait for a money transfer to post?,48
how can i track my card s delivery?,11
am i getting charged for making a payment?,15
will i get charged on a foreign currencies exchange?,31
what cards and currencies are accepted?,54
hello can you please inform me about international transfers? i am expecting a transfer i made from france two days ago and would like to know when it will arrive.,5
does it cost anything and how long would it take to get a card if i need a new one? my card is about to expire.,9
i used my card to make a payment and wondered why the payment was reverted?,53
can other people use the app to add money to my account,62
what if my top up doesn t go through?,47
i am using the app and i see cash withdrawals that i did not authorize.,20
my card is being used online to make a bunch of purchases! someone else is using it fraudulently. can you help me freeze it?,22
is there a problem with my account? when i tried to withdraw cash at an atm i was denied.,26
new customer and filling gas today it s not working the thing shows pending half an hour!,47
i can t recognise this direct debit payment.,28
my transfer went through but it seems to be caught up in a pending status. this was very important that it got done quickly can you give me a status update on how long it will take?,48
i have duplicate charges for the same transaction,63
i haven t used my card all day but there is a payment showing in the app. please cancel it!,28
is there a way to modify my details?,30
what do i do about my expired card?,9
why was my exchange rate a different amount than usual?,17
i did a transfer to my account but it doesn t show up,5
what do i need to do to change my pin?,21
when are you going to transfer the money?,66
how much is it to exchange currency,31
my account balance has not updated to reflect my recent transfer.,5
i did a money transaction and dont have a receipt,66
why isn t my pending transfer finished?,48
why was there a fee when i pulled cash?,19
how can i change my account details?,30
what does it mean to have a pending cash withdrawal?,46
is it possible to change my pin?,21
i m still waiting for my top up to go through,47
how do i activate my card so i can start using it?,0
why was i declined when i tried to get my money?,26
it will be fine to use at any establishment that accepts mastercard.,10
please delete my account now.,55
i didn t know there was a charge for tranferring. what is the charge?,64
i was getting some cash out of the atm but it cancelled on me without warning.,26
why was i not allowed to do a transfer to a beneficiary?,7
where should i look for my pin number at?,38
i want a refund for my item,52
what currencies or cards do you support for topping up?,54
how do i cancel a previous purchase,52
i am seeing inside the app a some cash withdrawal that is not mine,20
i can t find my refund. please help.,51
what currencies can i have?,36
why didn t this transfer work?,35
i need to exchange a currency can i do that here?,33
if i exchange currencies frequently is there a discount?,31
transaction failed?,66
i have no more money in my account. is there a way to do a bank transfer to put money into my account?,65
why was there a fee with my cash withdrawal?,19
why can t a beneficiary receive a money transfer from me?,7
a wrong amount of cash we sent to me.,75
what is this withdrawal as i do not remember making it.,20
how long will a transaction to a friend take?,66
please tell me do you use visa or mastercard?,73
i didnt put that money in my account,20
i need to update my current address,30
what do i need to do to verify my funds?,70
this company is bad please delete my account.,55
i got cash from an atm earlier but it shows up as pending in the app. how can this still be pending i already received the cash?,46
my ecchange rate was wrong for a cash transaction.,76
my app says i made a withdrawal but i didn t.,20
my money is nowhere to be found? i talked up earlier and seen it. now it has vanished. what is going on?,61
can you tell me why i was charged extra when i withdrew money?,19
can i request a card?,43
what is the exchange fee that is charged?,31
there is a record of payment i never submitted on the app.,16
how many disposable cards am i allowed to have?,29
i have been double charged for a couple of things this week and would appreciate a refund for the duplicate charges.,63
how do i top up my google pay?,2
when can i expect my new card to get here?,12
how come i did not get a virtual card yet?,40
i see a duplicate payment.,63
do i need any kind of documentation for the identity check?,69
my money disappeared! please help??,61
my card was declined,25
why was my virtual card rejected?,72
i need your help to get a refund for an item i just bought can you cancel the payment since what i bought hasn t arrived yet.,52
is there a limit to a disposable virtual card?,29
would i be able to open an account for my daughter?,1
can my friends send me money?,50
is the eur accepted for exchanges?,36
can you refund my purchase?,52
i got some cash in the atm but its still pending,46
can i use my card at any atms?,3
how much does each transfer cost?,56
when i got cash the exchange rate was wrong,76
i would like my money back for an item i purchased,52
from what countries can i use this product?,24
the exchange rate was not correct for the item i bought.,17
how long until the transfer is reflected on my account balance?,67
i need a fast transfer from china? how fast will it be?,67
where can i use a disposable card?,29
i just transferred some money into my account and do not see it updated yet can you assist?,5
can i choose whether i receive a visa or a mastercard card?,73
how do i deposit my paycheck to this account?,50
i didn t make a payment at this business.,16
why is my payment pending?,45
help! i fear that my card was stolen,41
how do you do exchanges?,32
my top up hasn t gone through what happened?,59
i want to get some cash from the atm using my card but i dont want to be charged any fees. ive taken some money out before with no fees but recently ive been getting charged. why?,19
why isn t my refund on my statement?,51
apple pay is not accepting my american express card can you assist me with this problem?,2
hi i sent my landlord my rent money a few days ago and while everything seems good on my end he says that he never got the money. i double checked the account number and it s correct. can you help me figure this out?,66
can i use my card no matter where i go?,10
please give me a mastercard instead.,73
where is my money transfer?,67
there are a couple of payments with my card shown in the app that i really didn t make myself. why is it happened?,16
why have i been charged an extra pound?,34
why was i charged a fee for a transfer?,64
can i top up with google pay?,2
the person i sent money to hasn t gotten it yet!,66
i have my card when whill my pin be available?,38
how long does it take for cash withdrawals to hit my account?,46
how long do i need to wait to see an update after i make a bank transfer?,5
i have multiple of the same transaction,63
my salary is in gbp do i need to exchange it before putting it into my account?,50
when will i receive a us transfer,67
why did my card payment not work?,25
my card has been charged two separate times for a single transaction.,63
i want to set up an auto top up,4
do i need to use a limit on top ups?,60
can i get a second card for free?,39
i m having problems making a transfer to another account. i keep getting a declined message. i know that the information i m putting in is accurate because i have checked it more than once.,27
how can i transfer money to my account?,65
is there a list of atms that take this card?,3
why do you charge for transfers?,56
whats the transfer process,65
how do i re order a damaged card?,14
i would like to know where the funds are at.,70
my transfer didn t work how come?,35
can you tell me what this fee is on my statement?,34
where do i get a disposable card,37
hi. a couple hours ago i make a transfer from my uk bank account but it hasn t shown up. please would you see what the delay is?,5
is there any way to cancel a recent transfer? i did not mean to make it and need to make sure it does not go through.,8
i don t think the transaction has gone through so can i cancel a transfer?,8
there was an extra fee on my account when i got cash.,19
i have paid by my card but payment is still its coming as pending. i think there is some issue please check and let me know when the status will complete.,45
why would my top up be reverted?,61
i deposited a check but haven t received the funds for it.,6
i am trying to delete my account.,55
my top up seems to be pending for a long time?,47
my card payment has the wrong exchange rate,17
how do i activate a card i received?,0
on my transfer there was a decline message,27
please help me set up a new pin.,21
i have a payment in my statement that is off,16
how long until a cash withdrawal will show on my account,46
i really need to know how to change my pin.,21
while abroad i got cash and a wrong exchange rate was applied.,76
when will my top up process?,47
can i tell if my top off didn t work? it doesn t seem to have.,59
at what cash machines can i change my pin?,21
my card is about to expire. what do i need to do?,9
i made a withdrawal from my account but it has not posted?,46
what may be the reason that my transfer did not go through?,35
why hasn t my card been delivered?,11
are there any discounts in exchanging currencies frequently?,31
i did not get my card yet is it lost?,11
how many days does it take for a transfer to go through?,67
pending still shows on this transfer why?,48
i would like to change my pin but i am not currently in the country.,21
can i use the system google pay for top ups?,2
is there any limit to the amount i can add to a card at a time?,60
how long will i have to wait for my money to be in my account?,67
i m trying to make a bank transfer but it s not going through. could there not be enough funds to transfer or something? have i done it too many times?,35
my card won t work right now.,14
atm withdrawal not working.,26
can i use my card before identity verification?,74
i am missing a refund amount on my account.,51
i think a card payment i made was cancelled.,53
do you support any currency?,36
the app does not recognize who i am.,68
i transfered my balance a while back. why doesn t my account reflect this?,5
why do you need so much id info from me?,74
do the disposable cards have a transaction limit?,29
what types of top up methods do you accept?,58
where do we mail the card?,43
can i add money in intervals to my account? i will be traveling.,4
how many purchases can i make with one disposable card?,29
why is there are there two of the same transaction?,63
if my card was lost or stolen can i re link it?,13
i am looking to get a visa credit card what must i do to achieve this?,73
details need to be modified,30
i purchased something abroad and the exchange rate that was applied was wrong.,17
i was charged twice.,63
when would my card be charged an extra fee for a transaction?,15
i don t want the transaction to go through now,8
can you tell me how to get a disposable virtual card?,37
i paid with my card and i was charged a fee,15
i need to know what flat currencies you support for holding and exchange.,36
please specify any limitations that come along with disposable cards.,29
do you take both visa and mastercard?,73
explain the payment that was declined!,25
if i exchange currencies on a regular basis is there a discount?,31
my transfer didn t arrive to the recipient,66
are both visa and mastercard available to me?,73
what s the process for exchanges?,32
it appears my top up is still pending.,47
can you give me info about what to do when my card expires?,9
what are the currencies that are accepted to add money?,54
what type of id do you accept?,69
will i be charged to top off my account?,56
what happens if my card is stuck in the atm?,18
can my job deposit my wages directly into the account.,50
i was unable to transfer money to a beneficiary.,7
where do i go to see the source of my available money?,70
i want to buy cryptocurrency but your app doesn t let me. why?,7
i can t get cash from the atm!,26
i topped up my account but i don t think it went through.,47
i need to make a transfer from europe how many days does this take?,67
is identity verification required for me to use my account?,74
my balance was not updated with my checque or cash deposit.,6
my new card isn t in my app how do i get it in there?,13
hi i m buying my son bertie a starter home in london. i m just trying to send the 5 deposit over to the agent. it s only 200 000 but seems to be throwing an error. what is going on? if i wait any longer the house prices might rise can you look in to it please?,35
why was my top up declined?,61
i do not remember purchasing anything for 1 and it is on my statement. can you please tell me what that is about?,34
is there something wrong with my top up i did an hour ago? it s still pending. i need that money i cant afford to wait or have it come back to me.,47
can i add money to top up my account via a bank transfer?,65
i tried to withdraw cash at an atm in the city center but my card was declined. the transaction is still showing up as pending please cancel it!,46
how long does it take to make an urgent transfer from china?,67
i am having problems with a top up.,59
i want a new card,39
when my card expires will i get a new one mailed to me?,9
am i permitted to have a spare card?,39
my top up was just cancelled.,61
what foreign exchange rate will i get?,32
i tried to top up my account and it didn t work,59
can other people top up my account?,62
can you help me retrieve my card?,41
someone else might be using my card without my permission.,22
i need you to delete my account right now.,55
i notice a transaction a couple of weeks ago in my account from a seller that i don t recognize. is there a way we can trace back the information to make sure it was truly something i did?,28
what currencies do you offer?,36
i have transactions that i don t recognize i think someone is using my card.,22
please tell me the limit to topping up.,60
if us cards have a top up charge what is it?,57
i have a direct debit charge that i do not recognize,28
how can i transfer money using my credit card?,62
how do i deactivate my account?,55
do you also have this extra fee on your statement?,34
my bank transfer is still not showing up in my account.,5
why am i being asked to verify my identity?,74
will i be charged a fee for topping up using a european card?,57
how do i find the code needed in order to verify my top up card?,71
why do i have to verify my top up card?,71
where did the money i deposit go??,6
am i able to use my account if the identity verification is not complete?,74
where can i get your exchange rates from?,32
can i change my pin at my local bank?,21
how can i top up with cash?,58
what s going on with my card? i ve tried multiple times and it never goes through.,14
the day before yesterday i transferred funds to another account within the country. the funds have not yet arrived. i double and triple checked the account number and it was correct. why hasn t the transfer been completed yet?,66
i need to verify my source of funds,70
what needs to be provided for identity verification?,69
am i free to top up as much as i want?,60
i made a cash deposit to my account but i don t see it,6
i forgot my code,44
how can i configure what currency my salary is in if it s in gbp?,50
this is not right i was told i could take out cash at the atm for free?,19
is it possible to have a discount for exchanging currency frequently?,31
the card payment exchange rate is wrong,17
why is a money transfer not showing?,48
why is it showing that my account has been charged a dollar that is showing as pending?,34
please delete my account.,55
i made a mistake and did a transaction to a wrong account can i cancel?,8
i see a transfer fee but to my understand that should have been free what happened?,64
can you tell me why my card keeps getting declined every time i try to use it?,25
when i deposit cheques and cash my balance does not update.,6
how long will it take to activate my new card?,0
what s my limit for topping up?,60
i need my pin,38
if i need gbp instead of aud what do i do?,33
i got declined when attempting a transfer,27
i bought something overseas and the wrong exchange rate is on my statement.,17
i attempted to top up my account but it s been frozen in a pending state for well over an hour now! is this normal? i m a new customer and this is my first time doing this. i assumed it would be done quicker than this.,47
can i use my account if the identity verification is not complete?,74
tell me how i can order my card.,43
i can t see my google pay top up. is it not working correctly?,2
i requested 100 but only got 20,75
why was i charged for transferring money?,64
there is a payment that is not mine in the app.,16
hi i made a transfer yesterday that i need to reverse. i need to put the money in a different account.,8
how do i top up with a cheque?,58
what steps do i have to take to activate my card?,0
do you know the reason for the identity check?,74
why haven t i gotten a virtual card yet?,40
how do i link a card that i already have?,13
what is the number of transactions i get with a disposable card?,29
would reinstalling the app solve the problem?,23
who should i talk to or go to resolve a duplicate charge on my statement?,63
is it possible for me to track the card is was mailed to me?,11
can i use my card everywhere?,10
i made a transfer and the receiver said an amount was received but not exactly the same as the right amount. i now have to transfer more to get the remainder to the receiver. can you alert me about this. what s been happening?,64
i need help fixing my contactless. it s not working anywhere i go today.,23
i don t recognize this payment at all! help!,16
in my app a direct debit payment that i didn t do shows up.,28
is gbp a supported currency?,50
why didnt my account allow a transfer,7
it looks like i was charged a withdrawal fee for going to my atm. why is that because i haven t been charged previously for doing so?,19
can i change my address?,30
how do i set my physical card pin?,38
my receipt shows an extra charge on my transfer why is this?,64
i did a payment but the app reverted it,53
i purchases several items today. why are they still showing pending?,45
in regards to top ups can i do them via google pay?,2
i see a direct debit payment on my statement that wasn t me,28
i want to change my pin.,21
a withdraw i tried to make at the atm was declined i don t know why.,26
i receive my salary in gbp. do i need to configure this somehwere?,50
i have 1 other us card. can you take that?,54
how do i initiated a bank transfer to top up?,65
is usd free to top up with a us card?,57
is topping up free?,57
what are age requirements for opening an account?,1
how long does it take to verify a cash withdraw?,46
i was trying to use my virtual card at a merchant and it was rejected. how can i fix this?,72
when i put the wrong pin too much i got blocked so can you help me unblock my pin,49
i was charged a transfer fee why is that?,64
what do i do if there is an electronic debit that is not correct?,28
why do you need to know so much about me,74
my credit card was just denied for top up! can you tell me why this happened and what s going on?,59
how do i get a disposable virtual card?,37
how is an exchange rate calculated?,32
my cash withdrawal charged me the wrong exchange rate,76
how do disposable cards work?,37
what would i be charged in receiving a sepa transfer?,56
why can t i top up by cheque?,58
i believe my credit card was stolen.,41
how long do eu transfers actually take? i bought something online a couple days ago sent the money immediately online but the seller says it s still not there yet.,48
do you accept other currencies besides us dollars?,54
i desperately need to top up my card so why is it being declined? can you solve this for me? i need to use my card immediately!,59
i want to get a visa card,73
how long will it take to get to me?,12
for the first time i got a fee on my account. how do i know when you charge these fees?,15
can i use my american express stored in apple pay to top up?,2
i am having a problem with verifying my identity.,68
what is the limit on auto top?,4
hi i m trying to by some crypto and the app isn t allowing it. i really want to exchange this what am i doing wrong?,7
is there a fee for transfer top up?,56
i sent a payment but it isn t showing up in the app,66
today i noticed a charge for an atm withdrawal on my account. can you please fix this? it s supposed to be no charge.,19
please help! i was mugged and everything stolen. what do i do to stop them from accessing my account?,42
i don t know where the top up verification code is.,71
i require verification for my source of funds.,70
my card payment was reverted why?,53
i made a bank transfer and the balance hasn t updated yet.,5
i need to close my account as soon as possible.,55
can i get an actual card,43
it is impossible to verify my identity,68
i want to be sure that everything is okay here. i just made a transfer from a uk account and it is still not showing up. how long does this typically take?,5
i was overcharged a pound.,34
i would like to know how to work out where my funds came from?,70
do you have to be 18 to make an account?,1
what do i do if i think someone has used my card?,22
how can many disposable cards can i have per day?,29
i don t know if i made this payment on my card.,16
why am i unable to withdraw money even though in the past i ve done it just fine?,26
i ve use my accounts all the time to manage my payments for my place abroad that i just got. i now see that i suddenly have new fees.i m a frequent customer so why are you charging me new fees instead of rewarding me?,64
no visa please. i want to continue with mastercard.,73
i don t recognise a cash withdrawal,20
i still have not received my new card i ordered over a week ago.,11
how long does a transfer transaction take?,67
i want one of those virtual cards!,40
what is the longest a us transfer should take to appear in my account?,67
my card was declined at a restaurant today and i don t know what the problem is.,14
i do not recognise this card payment.,16
help my prove my identity.,68
i just got refunded for my purchase over two weeks ago,53
how long would does it take for a seller to receive an eu transfer if i bought something from them and sent them the money immediately?,48
can i receive a refund for an item i purchased?,52
is there an exchange rate?,32
what are the auto top up policies?,4
i m expecting a refund but it s no where to be seen,51
why could my transfer have been declined?,27
is there any type of fee for currency exchange?,31
is it possible to change to another currency?,33
hello i wanted to get some more information about atm withdraw fee. i have been withdrawing money for years and notice this charge on my account. i always thought it was no fee since its you guys atm company that i am withdrawing. can you please explain?,19
i have a payment that is still pending,45
i don t know what s going on but all of my transfers keep getting declined. i have checked over the recipient details twice. these details are all correct.,27
my friend still hasn t gotten a transaction i made.,66
my statement shows and extra 1 that was charged to it and i would like to know why.,34
how can i pay for top ups?,54
i did not get the cash that is showing up in my app.,20
is there an automatic top up feature?,4
where can i find my top up verification code?,71
where has my transferred money gone?,66
how can i tell where my funds came from?,70
i tried topping up my account but it failed can you help me?,59
my phone has been stolen.,42
i tried again to top up my card after doing it a couple days ago when it had worked. now it doesn t seem to be working. can you tell me what the deal is here please?,59
what is the word?,28
a transfer i sent was received in less than the full amount i originally sent and now i have to send additional funds to cover the full amount. what happened?,64
i need help changing my last name on my account.,30
what are exchange rates based on,32
i want to change my pin do i need to be in a bank?,21
can you tell me if i can track the card you sent me?,11
what is the procedure for me to get more cards on my account?,39
i tried to do a transfer to an account but it didn t work,7
how do i know what exchange rate i will get?,32
what should i do if i lost my card?,41
i m waiting for the id verification to go through still so is it too soon to use my account?,74
european bank card for top up will come with any extra fees?,57
i noticed after looking over my transactions that i have been charged twice from an earlier restaurant visit this week. is it possible that one of these can be removed so i get the money back for the one that is not accurate?,63
i just looked at my app and it seems i was charged extra why is that?,34
it s been a week since i ordered my card and it s not here. please help?,11
the exchange rate is bad. are you sure this is the exchange rate?,17
in the app i see a direct debit that i don t recognize.,28
what is the exchange rate like on this app?,32
report stolen card,41
someone might have had access to my card.,22
is there a way to undo a transaction?,8
i tryed to make a top up with cryptocurrency but the payment was referted.,61
i am seeing pending from the card payment i made.,45
can you please explain why the exchange rate for the item i bought is wrong?,17
how can i go about ordering a virtual card?,40
do you have a list of exchange rates?,32
why does my account show as pending a cash withdrawal from the atm that i have already made?,46
i am trying to find out how to exchange currency x with currency y.,33
tell my why my top up is pending.,47
hello i have a pending transaction in my account due to an atm machine that wasn t working. in any case if the transaction goes through after how long can i get my money back?,46
a few hours ago i made a bank transfer from my uk account but i don t see that it has arrived. can you check and see if all is ok please?,5
i topped up but it isn t in my account,47
what is source of my funds need to verify,70
why couldn t i get cash in the atm?,26
where are cards available to order?,43
how do i do a successful transfer to an account?,7
i want to get visa and mastercard,73
how do i change my details?,30
i was charged more when i transferred!,64
so i just went to the atm to get some cash. i input that i needed 100 pounds but i only got 80. i have the receipt and i am in need of the extra money. how do i go about obtaining the missing amount?,75
its been 3 days how long will my transfer take to get to my wallet?,67
unknowingly to me the payment sent to seller has been redeposied back in my account. i do not know why it would take out the payment and then put it back in my account. can you resolve this as soon as possible?,53
i have been charged twice,63
i made a mistake with a transaction!,8
i see a direct debit transaction in the app that is not mine,28
why was my withdrawal declined,26
unknown direct deposit,28
i want to create a new pin.,21
why do you need to know so much about me for my account?,74
i need to know where this charge is coming from?,16
is there any way to auto top up?,4
a payment in my account was made by someone i don t know,16
is the bank the only place i can change my pin,21
i need to get a card how do i do that?,43
what should i do if my card is missing?,41
help! i think my phone may be stolen or lost!,42
why does it still charge me even though i was unable to withdraw money from the atm?,46
why did i only get 20 now the full amount i wanted?,75
i don t see a refund in my account.,51
i have an account that is empty of funds. can i transfer some from another bank?,65
will there be extra charges regarding to adding money into my international card?,57
how do i obtain a second card?,39
can you give me information about verification code?,71
i need a card reactivation i had reported my card lost but i ran across it in my jacket.,13
there s a card payment with a name i don t recognize,16
can i use my american express card to add money into my account?,54
would i be able to refund an item?,52
why do i have a charge for an atm withdrawal? i thought these were free?,19
reason i need to verify top up,71
can you tell me why i was charged to withdraw cash?,19
if i top up using a european card is there a charge?,57
how can i activate my card,0
can i have more than 2 disposable cards?,29
why didnt my top up go through,61
i couldn t get cash at the atm,26
i made a purchase and it says it s pending. what does that mean?,45
what do i owe for a new card?,43
i cant find my card.,41
what are the age requirements for service?,1
why is my card payment still a pending transaction?,45
i accidentally made a payment to a wrong account. what should i do?,8
i think my top up has failed.,59
is there a discount for frequently exchanging currencies?,31
how do i verify my identity?,69
is there a limit on how many times i can use a disposable card?,29
when will my transfer move from pending to confirmed?,48
please help me change my pin.,21
where is my card accepted?,10
my card isn t letting me purchase something and i wanted to know why.,7
could you please help me? i made my rent payment and have double checked that i sent it to the right account. the person receiving it says he has not received it but it shows complete on my side.,66
why would an atm swallow my card?,18
why is your exchange rate for my card payment wrong,17
i did not receive my purchase how do i cancel it?,52
somebody used my card without my knowledge!,22
how can i report that my card was stolen? i made a police report first.,41
i had an unexpected fee,64
i have been charged a fee that i didn t know about. why have you charged me extra for card payments?,15
around one or two weeks ago i purchased something but there s seems to be an issue. i have already received one of the items but today the money was placed back into my account. what is happening?,53
where is a mastercard atm?,3
seems like my top up has been cancelled,61
do i get charged if i top up with my european bank card?,57
let me know how many disposable cards i can have?,29
why isn t the transfer i made to a friend showing?,66
i need to update my personal details,30
will topping up by transfer lead to a charge on my account?,56
how long will a transfer from europe take?,67
i need to transfer something to china. it is urgent. how many days will it take to get there?,67
why do i have duplicate transactions for one purchase?,63
fix my top up,59
are there atm fees?,19
how much for an actual card?,43
i haven t yet received money that i transferred,5
in which countries can i get a card?,24
i received a fee for obtaining cash is this correct?,19
i got my american express in apple pay why is top up not working?,2
how do i deactivate a stolen card?,41
will i be able to track the card that was sent to me?,11
can an american resident apply to get a card?,24
can you tell me exactly what fees i will expect to see in regards to your cards?,43
next month my card will expire do i need to order a new one?,9
how can my friend transfer money to me?,50
how long does it take to prove my identity?,68
my account shows up as pending after i received cash from the atm earlier. how can this be still pending? i ve got the cash already.,46
i need to get hold of a physical card?,43
i have an unusual payment in my statement,16
i used this account a lot during the last month to manage my payments for my new place abroad. seems that suddenly fees have increased? shouldn t you instead reward your frequent customers instead of putting an additional fee suddenly?!,64
i m still waiting for delivery of my new card why is it taking so long?,11
i think my transfer failed. what do i do now?,35
is pin delivered separately?,38
my card was declined but it shows as multiple charges?,63
i deposited cash but it isn t showing up in my account,6
which atms accept this placard ?,3
can i use a bank transfer to refill my account?,65
will i be sent a new card before mine expires?,9
what cards and currencies will suffice?,54
i would like to know why my payment is still pending can you help?,48
when will my cheque be processed?,6
i have a transfer that was approved that i m urgently waiting for. how long am i supposed to wait for it?,48
i am seeing unathorized transactions in the app on my account.,20
the fee charged when i changed rubles into british pounds was too much.,17
hello i am unable to exchange the crypto currency through the app i am very keen to buy. please let me know the issue. interested buying crypto currency but i am unable to purchase it through the application i do want to do the exchange could you please let me know what is the problem?,7
i cannot activate my card.,0
i am not being recognized by the app.,68
how long do you have to wait to see your virtual card your ordered?,40
i have moved to a new house and set up a rent payment to my landlord it was supposed to be in her account a few days ago but it hasn t arrived. i definitely sent it to the right place can you confirm where the money is?,66
my refund is still pending,51
why was my card payment cancelled?,53
instead of gbp how do i exchange for aud?,33
i want to get a visa,73
i made a transfer and according to the receiver they haven t received the right amount its lesser than it should be.now i have to transfer more money to make up for the missing amount . can you please help me about this what should be done ?,64
can i transfer money to my credit card?,62
this rate is too low. are you sure your using the right exchange rate.,17
why would i have a pending payment?,45
why is there a fee for cash withdrawal?,19
the app shows a withdrawal that i did not make or authorize.,20
how does my top up got cancelled?,61
my transaction was just declined when i was using my disposable virtual card. what can i do?,72
i was charged and shouldn t have been charged when using my card!,15
could i chose the date to have it delivered?,12
my virtual card was rejected for a car rental. why?,72
which flat currencies can i use from you?,36
can i transfer my salary if it s in a different currency?,50
the app is telling me that i am not me.,68
who else can top up my account,62
i need help resetting my passcode to access my app.,44
when will my balance reflect a deposit?,6
do i get to have one of those virtual cards i ve heard about?,40
what card or currency can i use to pay?,54
what should i do if my card is stolen?,41
can i get more cards just incase?,39
how long until my transfer will be available to me,5
why is the exchange rate on my card payment different than i expected?,17
do you accept mastercard?,54
i was just contacted by a seller that let me know they didn t get my money even though i m very sure it was removed from my account. now it s back in my account. get this resolved quickly.,53
i just bought an item and changed my mind. i have not received it yet how can i get refunded. thank you.,52
what steps do i have to take to change my pin?,21
please could you give me a refund,52
why won t the atm let me withdraw money?,26
i would like to have a physical card to carry around and use. how can i get one?,43
can i add money to my account with cash?,58
lost my phone dont want others to use it.,42
does my pin come with my card?,38
how do i to up by card?,62
my cash withdrawal was declined why?,26
what is the identity check?,74
how long will it take to urgently transfer something to china?,67
what is the expected delivery date for my card?,11
i have a card that expires in the coming month do i have to specifically ask for the updated card?,9
how do i get a refund for a direct debit payment i didn t make,28
what is the extra fee that was added when i used the card?,15
i need a refund right away but the funds aren t available in my account,51
my transfer to an account failed.,7
i was mugged. they took everything. i can t use the app. what do i do?,42
i tried withdrawing money in another country and the exchange rate was wrong.,76
how often do your exchange rates change,32
will there be any fees for top ups?,57
how long does it take for pending transfer transactions to post?,48
i want a refund on a direct debit.,28
why is there a fee on a card payment?,15
please tell me how to get a card if i reside in the us.,24
i think my card was stolen.,41
exchanging currencies costs what?,31
i should not have been charged a fee for my transfer.,64
got married need to change account name,30
my refund for a purchase hasn t cone through yet.,51
what if i need my salary in a different currency?,50
if i want to add funds to the account using american express how do i do that?,54
can you tell me how long it would take to make a transfer from france? i made one 2 days ago and its not there yet.,5
when should i expect to receive my card?,12
i would like to use cash to make a top up?,58
phone is gone,42
what is the auto top up function and where can i find that at?,4
why can t i transfer to a beneficiary?,7
my card won t work at all for anything.,14
my card is expiring soon.,9
how old do i need to be to open an account?,1
a false direct debit payment is showing in my app,28
can you tell me why a cheque deposit isn t showing in my balance?,6
how do i edit my details?,30
how many days does a transfer from the us take?,67
how can i order my card?,43
passcode retrieval,44
where can money withdrawals be made?,3
how long do i have to wait for a transfer from the us?,67
i ve been trying to make a transfer and it doesn t seem to be working. 5 times what is wrong with your system?,35
can i change or hold different currency?,36
do all atms accept this card?,3
how do you decide what the exchange rates are?,32
is there a way for me to check my balance?,70
i prefer using mastercard can i substitute?,73
which currencies do you accept for adding money?,54
i want to close my account i will never do business with you again.,55
ive been trying to use my card for two weeks now to purchase somethings online but nothing is going through. it keeps returning my payment to my account. there shouldn t be anything wrong with my account is it the card?,53
what are the steps for making a transfer for topping up?,65
hello i m on the app and trying to purchase crypto. it s not going through. what am i doing wrong?,7
why am i charged to get money from the atm?,19
does it cost anything to do currency exchanges?,31
what if i want to add a card i already have to the app?,13
i m unhappy with the exchange rate your cash transactions.,76
i m being asked for a verification code. where do i find it?,71
there is a card payment that i m not recognizing.,16
i am on vacation in spain and need to change my pin.,21
my card hasn t been working for even small transactions today.,14
help! someone stole my card!,41
i can t get any money from my account.,26
i don t remember my passcode?,44
why is my debit card being declined when i have money?,25
why isn t my refund shown on my statement?,51
what is the price for a physical card?,43
i am so angry right now! i went to the atm and did not get the correct amount of money i chose to withdraw. how could this happen? i need my money and want to know how i can get it asap!,75
what top up charges are there for us cards?,57
what do i do if the atm ate my card?,18
i tried to top up. why was it denied?,59
if i lost my phone what steps do i need to take to stop someone from using my account?,42
how do i input a new address?,30
i blocked my card by mistake how do i unblock it?,49
hi my money has not been credited to my account for which i have sent you cheque few days before. i am worried about the money please let me know the status.,6
i have the funds why can i not use my top up?,59
my account shows i have been charged twice for the same meal. how do i get the second payment voided and returned to me? i do not eat out much and my family is living paycheck to paycheck mostly. i cannot afford to spend more money than necessary as is so i must see to it that the cost be promptly credited back onto my card.,63
i know i didn t make this payment showing up on my card i don t remember this person at all.,16
is it okay to use a bank card to top up,57
i don t recognize some of the transactions on my card i think someone must have gotten my card info and used it.,22
my contactless stopped working today no matter where i try to use it. how do i get it to start working again?,23
why hasn t my cash arrived from a deposited check?,6
what are the top up limits?,60
i am having trouble doing a transfer. a decline message appears after making the transfer.,27
do i have a say when it s delivered?,12
there are funds showing in my app that i did not receive.,20
i have been waiting longer than expected for my bank card could you provide information on when it will arrive?,11
how do i get my card out of the atm?,18
why did you revert my top up?,61
i did a topup successfully but its not showing in balance. i think there is some problem in system.,61
what could the reason be that my payment card was declined?,25
the balance hasn t changed yet after depositing a cheque with some money.,6
is there a way i can see source of money?,70
what are the limitations on the disposable cards?,29
is there anywhere my card will not be accepted?,10
i took out cash abroad and the exchange rate isn t correct.,76
i would like to get a physical card but i don t know how. can you help me?,43
where is the pin number found?,38
can you tell me what the disposable cards are used for?,37
how can i get a refund for a purchase?,52
get an item refund,52
can i have it by a certain date?,12
when will it be delivered to the us?,12
what are the policies of disposable cards?,29
how do i know which atms will accept this card?,3
card refund is not showing up in my statement.,51
how do i get my card into the app?,13
is there a reason i was charged an extra fee for using the atm?,19
what are the reasons for a declined transfer?,27
i need to know where my funds come from.,70
what do i do if i cannot access the app?,42
i already have one of your cards how do i link them?,13
why won t my card show up on the app?,13
i want a refund for an item,52
why isn t the recipient seeing the transaction? i just sent the money.,66
how long will it take to get to the us?,12
where do i pay with my card?,10
can you unblock my blocked pin?,49
there is a direct debit charge that i don t recognize what can i do?,28
i need to trace a deposit,70
why would the app deny my top up?,59
why hasn t my in country transfer gone through yet? i confirmed the account info a couple days ago but the payment hasn t been posted yet.,66
my disposable virtual card doesn t seem to work,72
it wants me to verify the top up. why?,71
i have been trying to add money with apple pay but it wont work why?,2
my beneficiary is unable to transact,7
the balance has not changed but i have deposited some money,6
i thought i can make transfers for free this is not fair. i bought something online from abroad and there was some weird additional fee that i ve never seen before?,64
i just had a look at my statement. why have i been changed for using the atm?,19
i was abroad and needed some cash but i think the wrong exchange rate was applied to the transaction.,76
there are a couple payments with my card in the app i see that i didn t create. what is happening? maybe someone gained access to my account.,16
i can t use my virtual disposable card,72
where to check top ups pending?,47
how long does a payment show as pending before i should worry about it?,45
what is the limit to number of transactions i can do with a disposable card?,29
i completed a transfer within the uk two days ago but it is still not showing received. i have verified the account number is correct already. is there anything else i need to do or is there a problem?,66
is my card ready for use or does it need activated and if so how?,0
i withdrew cash but it still shows as pending?,46
how can i create another card linked to this account?,39
need to verify source of funds,70
i don t recognize a debit payment that was made and would like to find out about the payment.,28
what is the amount of time transfers usually take from the uk? i had just completed a transfer and nothing seems to be showing up so i need to be sure things are alright.,5
any hidden fees associated with the international card if money is added?,57
i got a fee for an atm withdrawal.,19
why did my cash get charged a fee that should not be there.,19
when do i get charged a fee for using the card?,15
what am i supposed to do if the funds haven t show up from a transfer completed this morning?,48
i can get my identification verified.,68
where can i order a card when i am in china?,9
what other currencies can i hang onto?,36
what happens after my card expires?,9
what cash machines will let me change my pin?,21
i ve made a card payment a couple of days ago now but it looks like the money is stuck. how long does it typically take for the payment to go through?,45
how much do i have to pay to accept an international transfer?,31
do you charge a fee for adding money in usd?,57
there are strange transactions on my account. what should i do if i think someone stole my details?,22
how much money can i withdraw before fees? i noticed a fee on my card but i didn t think i had hit the limit of how much i could withdraw in a month.,19
why hasn t my money transfer showed up yet?,5
hello i just checked my statement and there seems to be a payment from my card that i have never seen before.,16
hello there seems to be a billing mistake associated with my account. my app was charged 1 more than it should have. could you please explain why this may have happened?,34
i tried using my atm card at your notting hill location today. it did not work. am i doing something wrong?,26
where is the money i pushed it s on my mobile app as being withdrawn.,75
can you please explain why my beneficiary is not allowed?,7
what is the fee if i use a european bank for a top up?,57
is there a way to fix my top up,59
my transfer keeps failing and i just want to transfer the money can you please make it work?,35
can i possibly change my currency to another?,33
can you help me reset my passcode? i forgot it.,44
i don t have my access code for the app.,44
i didn t see any reason why my transfer was declined. what gives?,27
i think my card is lost. what do i do?,41
i have a strange payment in my statement,16
what countries are you located in?,24
do you know why my card payment is declined?,25
is it possible to order another card?,39
how can i access my account when i have lost my phone?,42
how long does it take for a bank transfer to show on my balance?,5
what s the deal? money has just disappeared out of my account. i thought you offered crypto top up and it doesn t seem to working.,61
would it be possible to get another card?,39
i transferred some cash and it has not arrived yet.,66
how can i top up my account by bank transfer?,65
my phone was stolen yesterday. what should i do?,42
show me how to change my pin?,21
card activation steps,0
i bought an item that i was charged a different exchange rate for.,17
is it free to send out more cards?,39
what steps do i take to verify my identity?,69
can you tell me when the transfer will be completed?,48
i would like to track the card you sent to me.,11
i recently made a transfer but i need to cancel it as soon as possible. please let me know when this happens.,8
how do i change my identity?,69
use credit card to transfer money,62
so the card pin?,38
where can i sign up for a virtual card?,40
my balance is not right. it has not been updated for the cash or cheque deposit.,6
i m trying to verify my top up card how do i do that?,71
i have found my lost or stolen card would i still have to activate the new card that was sent to me through the mail in order to access my account?,13
something is wrong my top up is gone and i don t know what happened to my money.,61
why is my payment still pending?,45
has my card been lost in delivery?,11
can i put my found card back into the app on my phone?,13
my card is almost going to expire.,9
may i change my pin?,21
i want to do a cash top up,58
my top up didn t work.,59
my money hasn t been deposited yet. when will it be?,47
why is my cash request and the amount i received different?,75
where do i scan my card?,13
how can i choose between visa and mastercard?,73
hello i found the card i misplaced and i need to reactive it how do i do that?,13
what is the limits on the number of disposable cards i can have?,29
i transferred some cash and it didn t arrive,66
how long will this card payment stay pending?,45
can you let me know if visa is among the card scheme assignments?,73
i transferred some money a couple days ago but haven t received it yet. how long should i expect to wait?,5
how do i go about verifying the top up card?,71
i got charged twice with a duplicate card. how do i resolve this?,63
i do not understand why my pass code is not working.,44
why wouldn t the atm give me my money?,26
can i use any currency to add money?,54
how can i reset my passcode?,44
how much does it cost to exchange currencies?,31
i bought an item and noticed the exchange rate was not correct.,17
am i able to get a refund for something i bought?,52
i can t seem to be able to use my card,14
someone might have access to my card! there are some strange payments showing up on my account. what do i do?,16
i was out today looking forward to pay with my new card turns out the payment just kept getting declined. this is really sad what s going on?,25
how long will i have to wait for my new card?,12
i bought this item and was charged the wrong amount can i get a refund?,52
my transfer failed. help!,35
hi can you tell me why my transfer keeps being rejected? i ve been trying to send money to my friends this morning but failed every time and i have no idea why?,35
would i be able to get a refund for something i bought?,52
in what way can i use the disposable cards?,37
it looks like someone besides me ordered something with my card what should i do?,22
when i was abroad the exchange rate for me was wrong.,76
what currency s can i exchange for?,33
i have a payment that hasn t went through yet.,45
are there any top up limits involved?,60
i need my card to be delivered fast,12
am i able to track the card that was just sent to me?,11
i think someone may have cloned my card or something. my card isn t lost but i just saw a charge of 500 cash withdraw. can you help me?,20
my transaction went through but i was charged a fee. why?,64
should my top up still be pending?,47
can i get a card despite the fact i m not in the uk?,24
a bank atm did not give my card back. what do i do now?,18
where are cards delivered to?,43
i have a transfer that was declined.,27
why is my card being declined when i try to do a top up? how can this be immediately resolved?,59
what is the fee on my statement for?,34
is there a reason i was charged a fee for using my card as payment? i ve never had an extra fee before.,15
help! i think someone has a copy of my card i still have my card but a five hundred pound cash withdrawal that i didn t authorize is shown on my account.,20
where can i check to see if there will be a fee added to my payment? are there specific instances that will result in a fee added?,15
how long do cheques take to post to your account?,6
my transfer has been pending for a long time now. i already double checked my account info and it is correct. why is it taking so long in 2018 to transfer money?,48
what are the benefits to verifying the top up?,71
why do you keep declining my payment?i tried several times with this card and it is just not working.,25
when do i set up my card pin?,38
the other bank confirmed a transfer i made but this account is not reflecting it yet.,5
what is the price of a transfer?,56
why do you require so many details about my identity?,74
how do i exchange aud for gbp?,33
i live in the us can i still get a card?,24
do i get an actual card?,43
why is top up verified?,71
how do i know where i can use my card?,10
i topped up my card but the money disappeared.,62
may i choose when it s delivered?,12
i shouldn t have been charged but i see a fee why?,15
how do i go forth on holding money in multiple currencies?,36
i tried to use the atm with foreign currency. the conversion rate applied was wrong.,76
what is the wait time until money reaches my account?,67
the exchange rate for my electronic payment is incorrect.,17
can i receive my salary with this in another currency?,50
what is necessary for the identity verification?,69
can i use this card at any store?,10
i am not able to make a purchase because there is an issue with my card,53
where can the pin be located?,38
i wanted to know why there is a transfer of mine pending.,48
the transactions showing up are strange i think my card was used without me knowing.,22
are swift transfers an option?,56
i have not been able to use this card.,14
is my card payment reverted?,53
it s been over a month and i still haven t received my goods! i ordered a pencil for crying out loud it s not that hard to deliver that! i m done with these people give me a refund immediately! i ll search for my japanese exclusive pencil elsewhere!,52
i made a payment but the app reverted the payment.,53
i can t see the transfer that i put in.,5
how do i open up an account for my child?,1
if i was mugged and lost everything how do i access my account and app?,42
recipient has not received the money,66
what are the charges for recieving sepa transfers?,56
what are the steps in order to activate my new card?,0
help i don t know what the pin is to my card?,38
a transfer to my account shows as still pending and i wanted to know how long it is suppose to take to clear.,48
can i change my pin remotely?,21
what are the fees for a physical card?,43
can i increase my top up maximum?,60
where can i locate my card pin?,38
my account is blocked how do i log in now,49
will you be able to activate my card,0
what do i do if i lost my phone?,42
where do i go to reset the passcode?,44
i need a new pin how do i go about that?,21
the transfer on my account is not showing up.,5
there is a cash withdrawal on my statement that i did not make,20
can you please check my uk account to make sure everything went alright? i made the transfer a couple of hours ago.,5
how can i reset my passcode ?,44
my card was taken from me,41
i haven t gotten my new card.,11
hello a few days ago i transferred my rent check to my landlord however he is saying that it has not gone though. on my end everything looks fine and i double checked the account number. is there anything else that could be holding up the check?,66
what is with the need to have all my id information?,74
is there a reason a payment is showing complete on my side but the person who is receiving it has not gotten it?,66
tell me how to delete my account.,55
for what reason must i authenticate the top up?,71
will my card be a mastercard or a visa?,73
where do i find how to top off with a check?,58
i m still waiting for the top up!,47
can you make exchanges using the eur?,36
why was i charged a fee when i paid with card?,15
i decided i no long want something that i ordered and want a refund. how do i go about doing that?,52
i have done a transfer within the country the day before yesterday but it s still not there yet. can you please check what s going on with that the account number is the right one i ve checked that several times already.,66
how to track the card you sent,11
why was i charged for withdrawing cash?,19
can you look into why my most recent top up is showing as pending? i thought it was supposed to be instantaneous.,47
how to decide if i get a visa or mastercard?,73
can i have a virtual card?,40
my card has been lost! help!,41
i was expecting my new card and am wondering why i haven t received it yet?,11
i think something may have happened that caused a charge to show up twice.,63
my transfer to a beneficiary did not go through. why?,7
are there any hidden extra fees for currency exchanges?,31
i dont recognise some of these transactions i think someone has my card details,22
i topped off my card is that something you will charge me for?,57
my atm withdrawal was declined.,26
why is there a random payment in my statement?,16
my card payment wasn t accepted.,25
my card was frozen due to putting in the wrong pin too much. how many tries do i have,26
my salary is received in the form of gbp. is it necessary to configure this? if so where is this done?,50
could you explain why my top up has gone through yet?,47
there is a pending transaction on my account what does this mean?,45
using an atm caused me to incur an additional fee. why?,19
pending transaction?,45
if my cash withdrawal is still not showing is something wrong?,46
what will i need to configure if my salary is in gbp?,50
please help me regarding a direct debit in the app that i don t recognize.,28
i cannot find my refund on my statement.,51
i received my new card but i don t see it in the app anywhere. what do i do?,13
i cannot find my phone what should i do?,42
what s the top up limit?,60
can you express my card to me?,12
can someone please assist me with finding my nearest atm?,3
i got a transfer fail message but no explanation of why what happened?,35
why is the exchange rate terrible? that can t be close to the actual interbank rate.,17
i want to top up by transfering accounts what do i do?,65
cash i did not get showed up in my account,20
i noticed that i got charged extra for using the card.,15
i don t know why my card payment did not work,25
what are the steps to verify identity?,69
can i order a second card?,39
it s been a week and i have done everything that i was asked to do and still nothing. i have contacted the seller and have not gotten a response. please understand my frustration and put the money back in my account.,51
i ve been charged more than once for the same transaction,63
which cards and currencies are supported?,54
not living in same place need to change details,30
while doing a transfer it says declined.,27
is it possible to top up with apple pay?,2
why is my withdrawal from the atm still showing as pending?,46
please help me. my card is missing.,41
i was informed that transfers were free. i noticed i have a fee but why?,64
why check my identity?,74
i didn t receive the amount of cash i requested for the atm.,75
why did the person i transferred money to not receive the correct amount? what should i do to get them the right amount do i have to transfer more money to them?,64
when will my balance update after a transfer?,5
where do i find the virtual card?,40
how many active cards can i have?,39
if there isn t a lot of money left will it automatically top up money?,4
what do i have to do to get the contactless to work?,23
i don t want the item i bought it on accident can i get a refund?,52
why can t i get my virtual card to work?,72
i deposited a cheque and its been days and i still haven t received the cash!!,6
if my top up didn t transfer what went wrong?,61
i want to replace my current pin.,21
please help to explain to me why my new card was declined when i tried to use it at my grocery store this morning to pay for the items i needed. i tried three times to use it and it kept being declined. i was very embarrassed standing there trying to buy my groceries.,25
i m getting an error when trying to make a payment. i want to purchase a flat but my mortgage payment needs to go through. can you help me?,35
how long does it take to get my card? can i choose when to receive it?,12
what is the cost and time frame of getting a new card?,9
i want to shut down my account as soon as possible.,55
i moved and would like to change my address.,30
what is the status of my card s delivery?,11
i asked for 100 but only got 20.,75
where do i need to go to change my pin?,21
how do i verify my source of funds?,70
what countries can i travel to and have access to their currencies?,36
can i link an existing card?,13
i can not find my card pin.,38
what kinds of cards can i use to top up?,54
i received duplicate charges.,63
i would like to revert a transaction i did this morning,8
why was a charged just for transferring?,64
i found my old card. can i link it back into the app?,13
why won t my transfer go through?,35
there is a direct debit payment i don t recognize.,28
i m not sure why my card didn t work,25
why did i not get my cash back after i withdrew?,75
is it possible for a transaction to be cancelled?,8
i just want to top up why do i need to verify anything?,71
how do i transfer cash my into my account?,65
please tell me which cash machines will allow me to change my pin.,21
i received incorrect amount of cash from an atm today. it was more than i wanted. what do i do now?,75
a fee that shouldn t be there is there after using my card!,15
i was wondering how long does it take for a payment to go thru? it seems my last payment is stuck and hasn t moved.,45
how can i trade currencies with this app?,33
where do i go to top up with cash?,58
where can i locate my pin at?,38
money was taken out without my consent,20
if i top up by card what options do i have re currency and card type?,54
why is a transfer i did recently still processing?,48
what all am i required to show for the identity check?,69
what are the disposable cards for?,37
says my transfer can t be completed?,35
it s declining my transfers. normally this works but my card is being declined now and i ve tried more than once.,27
i swear that there are 2 payments on the app that i didn t make. could my card me stolen? please advise what i should do.,16
tell me how to cancel a transfer.,8
my pin has been blocked what should i do?,49
i entered the correct pin but i still couldnt get funds.,26
my preference is mastercard.,73
what does it mean if my top up has not gone through?,47
how do i get a disposable virtual card as well?,37
why am i being charged a fee for transferring money?,64
my card has not come in the mail yet.,11
transfer was declined.,27
i put money in my account a week ago but its still not there what is happening?,6
what do i do if i see a cash withdrawal on my account that i don t remember making?,20
which credit or debit cards can i use to top up?,54
i exchanged cash when traveling and the rate was incorrect.,76
why was i charged for card payment?,15
i m trying to use a cheque to top up,58
why isnt my cash withdrawal showing,46
help me with a pin change.,21
i have my card now how do i activate it?,0
i had transferred some money but the balance hasn t changed.,5
there are automatic debits on my account that i did not make.,28
what do i do if the atm took my card?,18
how do i get a card if i am in the usa,24
am i able to get a refund for a purchase?,52
where can virtual cards be ordered?,40
i don t have a password.,44
why isn t my id verified?,68
can you tell me the restrictions for the disposable cards?,29
is there an option to top up a with cheque?,58
the app rejected my top up,59
i was charged a fee with my cash withdrawal that i shouldn t have been charged.,19
the amount of cash i selected to withdraw is different than what i received.,75
it won t let me activate my card.,0
there is an extra 1 charge on my app. why did you charge me extra?,34
what s going on? i was just recently charged for an atm withdrawal. i ve never seen this charge before and before it s always been free.,19
why hasn t my id been verified?,68
i need help i lost my card,41
explain to me how to verify the top up card.,71
how do i get a physical card?,43
do you know the rate of exchange?,32
could you please recommend what i should do if my card keeps getting declined? i planned to top up today but i am unable to get it to work. i need a fast solution to this problem.,59
i can t upload my identification.,68
why has my withdrawal not posted?,46
i am inquiring about your auto top up feature.,4
can i call to get my card activated?,0
the atm ate my card.,18
there is a transaction from my account that i don t recognize can you trace back the information so i can make sure it s something i did or not?,28
what to do about stolen phone,42
hi i m a new customer and tried topping up for the first time today seems it s not working the thing shows up as pending since half an hour already! please fix it!,47
i was supposed to get a refund but i do not see it on my statement. when is it going to be updated?,51
1 charge in transaction.,34
my new card has arrived what s the activation procedure?,0
for the identity verification what do you need?,69
my card has been compromised,22
besides usd what other currencies can i have?,36
someone has taken my phone from my hotel room!,42
do you charge for sending out more cards?,39
i made a transfer and the receiver did not get the right amount its lesser than what it should be now i have to transfer more money to make up for the missing amount . can you please help me about this what should be done,64
will any atm s decline my card?,3
what locations can i get money from?,3
why do you keep declining my payment? i tried several times already with this card and it is just not working.,25
how long does it actually take for a card payment to go through? there s one stuck since a couple days already that doesn t seem to move,45
why do transfers get declined?,27
my contanctless has stopped working,23
i found the card that i thought i lost and i would like to reactivate it.,13
my last name has changed and i need to update my account details.,30
i did a money transaction and the recipient doesn t see it,66
what is the time frame for transfers,67
i have made 5 attempts to make a very standard survey yet i can t get it to work. what is the problem? is there an issue related to your system?,35
i m still waiting on my identity verification.,68
i have a transfer waiting.,48
what s the best way to use a cheque to top up?,58
how long do european transfers take?,67
i am worried about the amount of my cheque which should be credited to my account few days before. as i have already sent you the cheque.,6
why did i get a message saying that my transfer is not possible? i have done this before no problem. please fix.,7
will i be charged a fee if i receive a sepa transfer,56
are there specific atm s that i can draw money from?,3
my contactless is not working,23
what kind of currency can i hold money in?,36
i have an incorrect charge and would like a refund.,52
is there a limit to how much i can top up?,60
i need my account checked because it appears there is a problem. i attempted to update my balance yesterday using cheque but it doesn t seem to have worked. should this not be faster than this?,6
please help me with the activation of the new card.,0
does it cost extra to exchange foreign currencies?,31
can you limit my top up?,60
can i give a second card for this account to my daughter?,39
do you have a list of the cards and currencies supported?,54
how much does it cost to make transfers?,56
is the verification number on the top up card,71
when traveling can i auto top up my card at certain times?,4
i need to top up can i use google pay?,2
while i was drunk i goofed my pin number and your machine ate my card. how can i get it back?,49
it s been some time since refilled the top up.,47
the amount of cash i received did not match the amount i requested,75
hello it is urgent i get a refund on this product. the merchant has not been helpful what can i do now to get this resolved asap?,52
how does your app transfer the money,65
i topped up but the app denied it,59
i thought crypto top up with something you offer. this is not working. the money has been deducted from my account. can you find out what s going on?,61
hi there i ve tried to make a transfer 5 different times and its not working. is your system down or something?,35
i don t recognise a card payment,16
why was i charged an extra pound?,34
why hasn t a transaction to a friend cleared yet?,66
i deposited cash this morning but it is not yet available.,6
why was the exchange rate so wrong when i bought something!,17
how long does a uk transfer take?,5
explain why my card payment wouldn t go through.,25
the app reversed a top off i had. what should i do?,61
how do i know if my top up went through?,47
are there any sort of fees involved for top of transfers?,56
what is your opinion on the exchange rate?,32
how can i lookup the source for my available money?,70
how do i order a new card if my current one is about to expire?,9
my credit card did not go through. can you see if it has insufficient funds?,59
how high is the exchange fee?,31
would you please unblock my pin? i don t know why but it s blocked.,49
i have been charged twice for the same transaction.,63
there is a debit transaction on my statement that i did not make,28
the atm didnt return my card!,18
i made a payment a while ago and it is still showing as pending in the account. how long will this payment take to complete?,45
when will a refund post to my account?,51
when did you send me my new card?,11
app does not recognize me,68
can i add to my account balance with a cheque?,58
where can i go to get my pin unblocked?,49
i was expecting my new card by now.,11
is there a fee for topping up,57
places i can use the card,10
i have not received my card and it s been a week what do i do?,11
i have a transaction showing up more than once.,63
why does the same transaction appear multiple times?,63
how long will it take for my id to verify?,68
can you delete the account?,55
where can i have a new bank card sent to china?,9
will you be able to exchange to eur?,36
what source do my fund come from?,70
there are some card payments that i haven t done myself. what is going on with my card and does somebody else have access to my card?,16
i do i top up from my apple watch?,2
at what age can i open an account?,1
what are the disposable virtual card limits?,29
i will need a new card because mine is almost expired. how fast do i get a replacement and what is the cost?,9
i refuse to verify my identity.,74
how much is the fee for topping by card,57
i think i have an extra transfer charge.,64
how do i get my card to work?,14
is it possible for me to top up with a cheque?,58
why am i unable to transfer money when i was able to before?,7
what are the cards and currencies that you support?,54
how young can someone be in order to open an account?,1
what happens if the atm doesn t give me back my card?,18
why was i charged a fee to transfer money?,64
help me. my transfer was declined. how could this happen?,27
i wasn t charged the correct amount for an item i purchased how can i fix this?,52
hi as suggested by you i have asked the seller to initiate the refund it has been a week and i haven t received my money. please advise.,51
tell me what i should do after my card expires.,9
where do i locate topping up with cash.,58
how do i exchange usd to gbp?,33
i ve just made a money transfer to the wrong account i need to stop the money from being moved as it may be going to someone i don t know. please can you help?,8
i tried to top up and suddenly my money disappeared,62
i tried to get cash in the atm but it was not approved,26
i need to order a new card can you please direct me to the virtual cards?,40
what type of deposits do you accept into my account?,58
tell me which cards and what currency is supported.,54
i do not understand why there is a pending 1 charge on my statement i do not recall making this transaction. can you please tell me what this is about?,34
i could not get the cash i wanted,75
i am seeing in the app a some cash withdrawal that does not belong to me,20
i couldn t transfer to an account.,7
i have a strange transaction for 1 on my statement what is that?,34
errors keep showing up every time i try to make this transfer and i am on a time crunch could you please help.,35
can you tell me your exchange rates?,32
i had trouble with an incorrect rate being applied when using the atm with foreign currency.,76
my atm transaction was wrong,75
why are you declining my payment? everything was fine.,25
why isn t my google top up pay working?,2
i tried to buy something and it was declined and my transfers keep getting declined why?,27
i received my new card how is it activated?,0
can you tell me why i noticed a 1 charge on my statement?,34
what are my bank details so i can do a transfer?,65
what are your supported countries?,24
i didn t receive my money earlier and it says the transaction is still in progress. can you fix it?,46
i want to add funds to my account. what payment methods are accepted?,54
would i be able to get a second card?,39
when will the money be made available in my account?,67
how many days do i have to wait for the transfer to reach my account?,67
i seem to have lost my card.,41
i am travelling and i tried to withdraw cash but didn t get what i was supposed to get.,76
do you guys accept mastercard or visa?,73
i need to move money from another bank to this account.,65
how can i receive my salary in another currency?,50
cancel my last transfer,8
an incorrect exchange rate was applied to an item i bought.,17
is there anyway to bypass identity verification?,74
how do i get a spare card?,39
what fiat currencies do you allow exchange with?,36
why is the identity check involved?,74
why didn t my balance update after my cash or checque deposit?,6
my address is incorrect on my file.,30
i want to reverse a transaction i did this morning,8
why must i prove id,69
how long should i expect to wait when i add money,47
can i verify the source of my funds?,70
there s an extra fee on my statement why is that?,34
i m trying to verify my top up card but i can t find the code...?,71
can you tell me if a credit refund is coming from a seller? i asked for refund directly from them and am still waiting. it s been a week now and i still havn t seen my refund yet.,51
there is a single payment on my card which shows as pending.,45
where do i unblock my pin?,49
why is there more then one charge on my card i only paid for one not twice how can i fix this?,63
mastercard is preferred to me.,73
do you only use visa or do you have mastercard too?,73
i think there may be something wrong with my card. i have never had issues with withdraws before but this morning on the way to work it was suddenly declined.,26
dont understand why transfer failed,35
please cancel the latest atm charge on my card as my card was declined earlier today and i did not receive that cash.,46
how long will my atm withdrawal be pending?,46
can i add funds directly from my apple watch?,2
i was making a purchase and it was declined and i wanted to know why.,27
there is a payment i don t recognise!,28
do you limit my top ups?,60
i have a friend who needs money as soon as possibly. if i were to transfer it how long will it take to get to her?,66
i got 20 when i should ve gotten 100,75
i thought i lost my card so i cancelled it but recently i found it in my jacket and i would like to re establish the card.,13
someone may have made an error in figuring out the rate of exchange. i should have received more cash than i did on my most recent withdrawal.,76
i am not a premium customer but i want a virtual card how do i get it,29
can someone assist me with activating my card?,0
can you tell me the cost of a transfer?,56
my phone has been lost or stolen,42
how do i make my virtual card work?,72
can i change from aud to gbp?,33
an atm fee was attached to my recent withdrawal.,19
i got some cash of an atm earlier but this shows up as pending in the app. how can this be still pending i ve got the cash already?,46
i did a transaction this morning and now i want to cancel it.,8
where am i able to use the card?,10
when are you going to activate my card?,0
why do you need code verification for my top up?,71
can i have another card in addition to my first one?,39
can i trace where my funds came from?,70
do you know which businesses will accept my card?,10
if i need to exchange currency is there an extra fee?,31
how can i get a second card for my daughter?,39
explain pending transactions.,46
can i reset the passcode?,44
i was charged for using my card?,15
which type of card will i receive?,73
why did my payment not go through why did it cancel?,53
tell me what atms take this card.,3
i went to look at my top up and it was canceled can you tell me why this happend?,61
do you accept credit cards from the us,54
can i get a new card in china?,9
it seems like my card payment didn t work.,25
i don t understand where this debit came from and want it removed.,28
i tried to use the atm today but it would not accept my card.,26
when i travel can it top up automatically,4
i lost my card what do i do now?,41
i thought i was going to receive more currency?,76
my disposable virtual card won t work.,72
what s going on? my card wont accept any transactions.,14
are you able to guide me to my card s location?,41
where did this fee come from?,34
what countries do your services support?,24
i would like to activate my card what do i need to do?,0
when i got cash i believe that the exchange rate was wrong,76
my card isn t here yet.,11
can my pin be changed in any cash machine?,21
should my cash withdrawal still be pending?,46
why wasn t it obvious that you charge for payments? if you put the fees in an easy to read format this could have been avoided.,15
is topping up with cash allowed?,58
i bought something this morning and the payment is still pending,45
i have a card payment which shows as pending,45
if the transfer details have already but reviewed and confirmed that they are correct what other reason would cause my transfer to be declined?,27
is the exchange rate the same on weekends as the weekdays?,32
i recently purchased something and the seller says my money has not arrived yet. it was in eu s. how long does this take?,48
what does a pending transaction mean?,45
why was my transfer declined,27
the card i thought was lost was just in my jacket so can i reactivate it since i found it this morning?,13
the atm gave me less cash than requested,75
i d rather not use my physical card how can i get a virtual card?,40
my card hasn t arrived yet.,11
where can the cards be delivered?,43
are there limits to businesses that will accept this card?,10
is there a reason my payment is still pending?,45
how can i receive my salary with a different currency?,50
there are multiple instances where you added a fee to the payment as well as some where you didn t. do you have an outline of when a fee will be added?,15
i made a payment but it was returned.,53
what are then rules on beneficiaries?,7
this is very frustrating. i can t get my card to work on any atm i try and i ve tried 3 of them so far. what s going on? can you please fix this issue immediately?,26
i was unable to transfer money from my account.,35
what is the process for activating a new card.,0
can i use a disposable virtual card for any purchase?,37
i have cancelled payments to this card.,53
why has my transfer been declined?,27
i want to top up using cash,58
why are there limits on auto top up?,4
explain to me why a transfer would be declined.,27
how do i unblock my pin?,49
my refund is missing,51
how can i add money to my account from another account i have?,65
can i dispute a debit payment that i am seeing that i didn t make from a couple of months ago?,28
why have i been charged more than once for the same transaction?,63
you can do that in just a few seconds. go to account hit activate and follow the directions from there.,0
i got a message that i need to verify my identity what do i do?,69
is there any limits i should know about if i m going to use a disposable virtual card?,29
hello. can you help figure out why the recent transfer from my uk bank account isn t showing up?,5
where do i link the new card?,13
is it ok for a friend to send me money?,50
my source of funds require verification.,70
help my verify my id.,68
an atm machine didn t give me back my card.,18
what kind of fiat currencies are supported for holding and exchange?,36
waiting for the cash i deposited this morning still,6
i do not want a visa card.,73
my pin isn t here yet,38
how can i change my details,30
the cheque i sent to you to have deposited a couple days ago has not cleared in my account yet. what is the issue?,6
a direct debit payment i didn t do shows in my app,28
why is my transfer appearing as pending ?,48
are there limits to top ups?,60
why is the check i deposited this morning not showing up?,6
my top up is incomplete.,47
why couldn t i transfer funds to my beneficiary?,7
can i pay with my card anywhere?,10
what s the deal? my card was just denied for top up. why is it not going through?,59
i don t have a way to prove my identity.,68
how long does a payment usually show as pending? is it normal that mine is still pending?,45
are swift transfers supported?,56
how do i cancel a purchase?,52
how do i set up my card pin?,38
areas card is accpeted,10
why do you need to verify my identity?,74
why is my contactless not working?,23
i need to exchange between different currencies like gbp and usd. can i do that with your app?,33
my account got charged for taking out cash why did this happen?,19
everything seems fine with my account so why did it decline my payment?,25
can i top up my google pay?,2
why isn t my purchase exchange rate correct?,17
need a new passcode.,44
i would like to order a virtual card where can i get one?,40
there s a payment with my card that i definitely didn t do myself never seen that name before.,16
my account is showing a double charge.,63
are cards available in the eu?,24
i did not receive the right amount of cash i requested,75
will i be charged if i add more cards to the account?,39
what is the disposable cards limit?,29
can you tell me what i need for identity validation?,69
my refund doesn t seem to be showing on my statement.,51
my statement has a charge that shouldn t have been made.,52
i still don t have a refund.,51
still need to get card pin,38
i tired to get cash in the atm but it was cancelled,26
i have a trip coming up and want to add money automatically.,4
i tried transferring to an account but it didn t go through. what happened?,7
i just got my new card. how can i activate it?,0
my balance doesn t show my deposit.,6
i hope to get a visa card,73
can i apply for one of your cards if i live in the eu?,24
i need to transfer money to my account from another bank,65
is there a specific date i can have it delivered?,12
what exchange rate will i receive?,32
what is the matter?,28
why am i being charged a hidden fee?,15
how do i get this damn virtual card to work?,72
why do i see a random withdrawal in my app?,20
i am still waiting for a money transfer to process.,48
can i use my card in another institutions atm?,3
will my pin number be sent with my card?,38
am i allowed to transfer money to a beneficiary?,7
i didn t withdraw cash but i see that transaction on my app,20
can i add funds with a card from the united states,54
my card broke.,14
i accidentally entered in my retailers information what should i do next,66
what should i do if i think someone stole my details and used my information to make some transactions?,22
am i able to do top ups with google pay?,2
i don t think that my top up worked.,59
i received less cash than the amount i specified in the atm.,75
where is my pin?,38
where are the atms that accept this card?,3
i need help reapplying my top up. it seems it isn t working.,59
is there an additional cost to exchange currencies?,31
my card payment was cancelled.,53
how do i update my address?,30
i am yet to receive the money in my account how long will this take?,67
why is it important to verify my identity?,74
what countries can i use the card in?,24
my pin hasn t arrived in the post! how do i cancel it or get a new one?,38
i cancelled my card payment,53
how long after i receive my statement can i dispute payments on it?,28
i must have entered my pin wrong.,49
i made a transfer from france two days ago now but there hasn t made it there yet. do international transfers take longer?,5
why is there an extra fee charged?,34
can i receive transfers from my employer to this account?,50
hi i am disappointed to see such a bad exchange rate and hope you can assist me. would you be able to confirm the official interbank exchange rate for me?,17
help me link my card,13
is it possible to change my address?,30
will my transfer be done soon?,48
i found the exchange rate for my cash withdrawal is wrong,76
i would like to make a purchase however my card has been declined. i would like to ask the reason for this. the past two weeks the card has been working fine.,53
i think someone stole my card because i can t find it.,41
there is a transfer not showing on my account.,5
i need to make my card pin a different number,21
my beneficiary has been denied is this normal?,7
the company is no good please terminate my account.,55
what do i need for the identity verification?,69
my card payment was cancelled it seems.,53
my friend would like to send me money. what are the options available to them?,50
i bought something and already paid for it but now i don t see it.,53
can i activate my card with the app?,0
what do i do if i already had a card with you guys?,13
how to change name on account,30
hi during online shopping payment is getting declined yesterday and today as well. please check the issue.,27
a shop i go to didn t let me pay.,25
my top up has failed,59
am i able to choose my card?,73
what fiat currencies are used with holdings and exchanges?,36
why was my payment reversed?,53
in regards to the pin of the card?,38
is there an age limit to open an account,1
when should i expect my card to arrive?,12
i see some fees for cash withdraw.,19
why is my atm cash withdrawal showing up as a pending transaction?,46
why does my transfer say pending ?,48
i believe my card payment has reverted,53
how long does it take to recieve my new card?,11
can i change my pin abroad?,21
can you help me get top up to work in the apple pay function?,2
can cash be used in physical locations to top up?,58
for some reason my card payment hasn t worked. what can i do to look into that?,25
can i use my account without verifying my identity?,74
why didn t my top up work?,61
why do you have the identity check,74
during the last month i used this account to make payments for my place abroad. i noticed the fees have increased and i wonder why. shouldn t frequent users have less fees as incentive to keep using instead of increasing them out of nowhere?,64
when will my top up go through?,47
i just got a card how can i add it to the app?,13
i want to transfer money with my credit card.,62
is my salary eligible for this?,50
i have lost my card! what is my next step?,41
how did the extra charge on my card come in effect?,15
i need more than one disposable card,29
i was charged a fee for a card payment. why?,15
i did not make a cash withdrawal that is on my statement,20
i want to use my american express for adding money into my account.,54
i was blocked by using the wrong pin too many times can you help me?,49
why was my transfer charged fees?,64
i sent some money but the intended recipient says it hasn t arrived,66
what was the extra charge for withdrawing money?,19
my card is broke what do i do?,14
i bought something but the exchange rate looks wrong.,17
what are your currency exchange fees?,31
why have i not gotten my new card?,11
so i tried topping up my card for the today. unfortunately it failed. a couple of days back i used it and it works fine. can you double check and tell me what s going on?,59
i ve got a repeated tranasaction on my card.,63
i need to order a new card.,43
i did a top up but i m not seeing it in my wallet yet.,62
i received my card how do i get it to show in the app?,13
i made a card payment but it didn t work. why not?,25
my phone was lost,42
my statement shows different transaction times.,63
tell me what i need to do to activate my card.,0
can my 19 year old daughter open a savings account at the bank?,1
i thought transfers were free of charge. i bought something abroad and got charged a ridiculous fee. how do i get this problem fixed.,64
i was suppose to be getting a refund for something i purchased a while ago but it still hasnt been applied to my account. when will i get my money back?,51
i was looking to buy another card today.,39
i need to refund my item can you please help?,52
for topping up is there a charge?,56
can i add a card back to the app?,13
i did not receive the correct amount of cash.,75
are extra charges added for sending out additional cards?,39
where can i find the card pin?,38
i thought cash withdrawals didn t have a fee,19
how can i get a virtual card for a one time transaction?,37
i can t freeze my account as i need the card as i am traveling how do i change my pin?,21
i submitted a cash deposit to my account but it hasn t posted yet.,6
when will the check i deposited post to my account?,6
the app doesn t believe that i am me,68
at what places accept my card?,10
the top up i ordered didn t process.,59
i just finished sending money but it s not logging on the recipient side.,66
after making a payment with my card it doesn t seem to have worked. it s just showing to be pending. when will this actually be going through?,45
what does it mean when it says i have a payment pending?,45
why isn t my refund showing up in my statement?,51
does the top up need verified?,71
how many times can i use my disposable card?,29
how much does it cost to add money to my card,57
i bought something and i take issue with the exchange rate applied.,17
i would like to change my address.,30
i am having trouble proving my identity.,68
extra charge during transfer,64
i want a refund on the things i bought,52
i need more physical cards than i have right now!,39
what is my monthly spending limit because i was refused my money at an atm,26
help. i have a stolen card!,41
what is the process to get a new card when your old one expires?,9
i got an unexpected charge on my transfers. how can i correct this?,64
my card was not in the mail again can you advise?,12
the amount of cash i received was incorrect,75
i need to change my personal details in my account.,30
why isn t my deposit showing up?,6
why was i charged a small amount,34
what exchange rates do you use?,32
someone withdrew money from my account and it wasn t me.,20
i do not know what this charge is for,28
i got double charged from something what can i do?,63
help! i just realised someone has apparently withdrawn money using my card! it s from some odd remote town where i definitely haven t been. please freeze it immediately!,20
i am still waiting for verification. can i use my account before i am verified?,74
i moved. where do i update my details?,30
is it possible to go ahead and log in although i have not been confirmed yet?,74
my card was denied at an atm earlier today but the transaction is pending. please cancel it as i did not receive my money.,46
shopping on line i was declined when trying to buy something.,27
the atm isn t giving out any money.,26
help! i made a transfer in error and need to cancel it before it s complete!,8
why won t my card accept any transactions?,14
how often can i top up?,60
please help me get a refund?,52
what is this extra fee?,15
why are you charging fees on cash withdrawals? i went to withdraw some money earlier today after buying groceries. there s a fee that wasn t there before.,19
i no longer want this can i cancel my purchase?,52
how do i finalize a card payment,45
the atm wouldn t allow me to withdraw money,26
why can i not take out cash?,26
my account is devoid of funds. am i permitted to submit additional money via bank transfer?,65
does it cost money to top up?,57
hi i m waiting for a refund for an item i bought. i have contacted the merchant directly but had nothing back. can you tell me whether or not you are able to refund me for the item?,51
are top ups allowed using apple pay?,2
i no longer need aud i need gbp instead how can i make this happen?,33
what fee is included if i top up by card?,57
if my card is going to expire this month do i need to order a new one?,9
can i dispute a payment even if i notice it several weeks after it was made?,28
what should i do if i can t use my card?,14
can i change my name? i am not married.,30
how do i link my new card?,13
how can i transfer money to this account from another bank?,65
it looks like this week i was double charged for a couple things. is there any way that you can look into this for me and return the double charged items back to my card?,63
will i be charged for a top off transfer?,56
i asked for a refund last week but nothing has happened yet can you help me please?,51
how to get card pin?,38
i wanted to purchase something online but the payment was returned back to me. this has been going on for a couple of weeks. please tell me what is going on here?,53
why wasn t a transfer to account approved,7
i used an atm in a foreign currency but the rate applied is wrong!,76
can you explain your exchange rate policy to me?,32
i want to link to my card card with you how?,13
how long should i wait ti activate my card,0
can my friend send me money?,50
it s been some time ago that i placed an order and it just isn t coming. at this point just give me back my money because i m not paying them.,52
i m trying to purchase crypto via the app. i haven t been able to get it to go through. am i doing something wrong?,7
top up not available in my wallet.,62
my daughter needs a card how do i add her?,39
how can i add a new card?,13
what is the need to verify my identity?,74
i want to auto top up.,4
i tried to get gas but my money was gone!,62
i have heard about these disposable virtual cards but don t understand how they work.,37
it seems i need to get information on limits for top ups.,60
there were two of the same charge to my account,63
what other methods are there to verify my identity?,74
how do i order a virtual card?,40
what locations can a card be delivered to?,43
i was charged for the same thing twice,63
i cannot seem to find my pin. where is it?,38
please send my card as quickly as possible.,12
i don t recognize some transactions. is someone else using it?,22
the check i deposited yesterday isn t listed yet. isn t that pretty slow? i need to see the balance increased by that check.,6
i cannot find my pin.,38
please verify my top up card,71
what do i do if my card is stolen?,41
why can t i use this beneficiary?,7
i am a new customer and i happened to look at my app and there is a charge i am not familiar with. could you tell me why the extra charge is there?,34
there were a couple of payments that i have noticed on my account with my card that i didn t make. is it possible that somebody else has my card information?,16
what age do you have to be to open an account?,1
what is the reason when i tried to pay contactless at the bus it didnt work?,23
i ve just come back from an eating holiday in the usa and canada and have so many pending and duplicated transactions on my account. i think there is something wrong can you look in to it please?,63
what countries will my card be supported in?,24
there is not a refund in my statement.,51
i am sure i have plenty of money to transfer but my transfer is being declined.,27
are cards from the us accepted?,54
i recently got charged twice from a restaurant that i was at this week and i would like for one of those payments to be removed from my account.,63
how long does it take for my payment to process?,45
can i make many disposable cards per day?,29
do i have a visa card as an option?,73
how to receive transfers from my employer when i get paid in gbp?,50
i was out today looking forward to paying with my new card but the payment just kept getting declined. this is really sad what s going on?,25
will my employer be able to pay me with this service,50
i am adding money what currencies do you accept to do this?,54
please help my transfer go through,35
yesterday i had my phone stolen. please advise what i should do.,42
can i pay more to get it deliver quicker?,12
can i have a card to my daughter?,39
i just saw some charges on my card from the past days that i dont recognize i need to freeze the card asap! will i be able to get my money back?,16
how do i change gbp to aud?,33
i have made several unsuccessful attempts to make a transfer. i m getting frustrated at getting error messages and it not going through.,7
hae i already completed my 3d secure authentication when i tried the crypto top up but it s still not working for me. i also don t understand what happened to the money in my account,61
there are a couple of payments with my card shown in the app that i really didn t make myself. what s going on with this?,16
my phone was stolen! what do i need to do?,42
what is the reason why the transfer shows as pending?,48
help me verify my identification.,68
how can i get a refund for something i just bought?,52
do i have a card pin?,38
how can i speed up a transfer? mine is pending.,48
i got a fee when paying with my card,15
are new cards available from china?,9
somehow i am missing my card. what should i do?,41
there is a direct debit i do not recognise in my statement,28
tell me why my balance did not change when i tranferred cash.,5
where do i request a disposable virtual card?,37
my transfer was declined,27
i tried activating my card and it doesn t work how do i solve this problem?,0
what do you use to figure out the exchange rate for the card?,32
hello i noticed there is a payment from my card to a business that i am not familiar with. i definitely did not make this payment.,16
how can i tell what foreign exchange rate i will get?,32
could google pay and top up be together?,2
i can t get google pay to work right.,2
is there anyway i can get a disposable virtual card?,37
how much does it cost to do a transfer?,56
are there restrictions on disposable virtual cards?,29
won t let me top my card up!! who can get it sorted out for me? it s urgent! how do i find out what the problem is with my card and how else to top it up?,59
why hasn t the transaction i did to my friend arrived yet?,66
i need to get a disposable virtual card?,37
the transfer is coming up as pending the payment is due today. will i be charged a fee?,48
i need to know how much it costs to transfer funds.,64
my salary comes in gbp can i change my options somewhere?,50
why do i have an unknown payment?,16
my card payment was cancelled. why?,53
how is my card payment still pending?,45
how long before i can see that my cash withdrawal has taken place?,46
i was charged more than once for a card payment i made.,63
i got a new address and need to change my old one.,30
i need to change my last name on my account because i just got married.,30
how can my boss pay me directly to the card?,50
i would like some more physical cards what is my limit?,39
what age do you have to be?,1
what is the virtual card and how can i get one?,40
a payment is pending,45
why was i charged 1 in a transaction?,34
i found a charge on my debit that i did not make.,28
there is unusual activity on my account and i believe someone took my card.,22
i want to activate my new card.,0
there is a charge on my card that i did not make,16
what foreign exchange rate will you use?,32
i would like to receive and use the card in europe is that possible?,24
do you accept swift transfers?,56
i have lost my phone what steps can i take to prevent someone using my account?,42
my transfer is pending why?,48
what s a verification code?,71
my top up is pending.,47
the rate of exchange for my card payment is incorrect,17
your top up function isn t working it still says pending even though i know my card works.,47
when i attempted to make a transfer it failed.,35
change my pin?,21
i saw on the app that a cash withdrawal was completed on my account however i did not complete it.,20
my card hasn t shown up yet.,11
the transfer i tried to make failed.,35
cash and check deposit has not gone thru,6
is there a charge for topping up by card?,57
help! my wallet was stolen and someone is taking money out. i need this money! what can i do?,20
i can use this card at which atms?,3
i anticipate getting a visa card,73
hello. please would you tell me if you have or have not received funds for a refund that i recently requested for a big purchase? i ve contacted the merchant but i can t tell that they have taken any action on it.,51
help me find where this money came from,70
is there a top up fee?,56
i d like to apply for a visa card.,73
i need a quick transfer from china. how long would that take?,67
something went wrong i was charged an extra pound?,34
why isn t my refund showing up?,51
my disposable virtual card is not working,72
how do i change my card pin?,21
i need to get my card quickly,12
my phone has been stolen by someone,42
i would prefer a visa card,73
how do i delete my account now,55
there s a card payment i didn t make,16
how long does it actually take my card payment to make it to the account? i ve made a payment a couple of days ago but it hasn t moved since.,45
why was i declined at the atm today when i was trying to make a withdraw?,26
is this card accepted by atms?,3
what s the minimum age for opening an account?,1
what will happen if i want to add money using an international card? will i run into any fees?,57
what is the fee charged for using my card?,15
my top up isnt there yet where do i find it,62
i know i entered the right info but my top up isn t in my balance,62
what does it mean when it says that i have a payment that is pending?,45
do you have a tracking number for the card i was sent?,11
why was i charged twice for the same transaction?,63
i got my card now how do i make it show up in the app?,13
how soon will my balance be updated to reflect my transfer?,5
will it automatically top up or do i need to do that manually if there isn t much cash left?,4
my card keeps getting declined when i try to use it. i would like to top up but it is not going though.,59
can i use my social security card as a form of identity?,69
on my last trip i received the incorrect exchange rate.,76
are there any extra hidden fees for exchanging currencies?,31
i can t do any business with this virtual card.,72
the disposable cards what are they for?,37
did my refund go through? it s not on my statement.,51
why can t i verify my identity?,68
where can i find information about where my money came from?,70
are there fees for adding money with an international card?,57
i tried to use my card today in the restaurant but it didn t work and just got declined. what s wrong?,14
how old do i have to be?,1
why can t i see my top up?,62
can you tell me what this cash withdrawal is?,20
what is this direct debit i am seeing?,28
can i top up using my apple watch?,2
i had to pay a pound more than i anticipated!,34
how long does it take to get money from europe?,67
i want to cancel a transaction.,8
what do i need for activation of my card?,0
are there any fees associated with receiving money?,56
why am i not able to withdraw cash from this atm?,26
i would like to have a mastercard.,73
i need to change my name since i got married,30
how do i top up my money automatically,4
my card hasn t arrived in the mail yet. i ordered it two weeks ago. what can i do?,11
i have transferred some money but the balance hasn t changed,5
help me! i lost my card. what should i do?,41
why is my beneficiary not being allowed to get payment services?,7
i think i lost my card . i dont know how long it has been missing. can you see if maybe someone else has been using it?,41
my disposable virtual card has been rejected by the merchant earlier today. what should i do?,72
why was i charged a fee on a cash withdrawal?,19
someone besides me might be using my card.,22
the card payment didn t work,53
what currencies can i hold money in?,36
contactless payments need to be enabled for my card.,23
can i make an account for my daughter?,1
i tried to make a top up and it was canceled why is that?,61
i ve been charged an extra 1 and i don t know what it s for,34
can you elaborate on why i have an extra charge just for transferring?,64
there is a weird payment in my statement.,16
i can t find my code,44
tell me if there are any top up limits?,60
what documentation is needed for the identity check?,69
how can i add physical money to my card?,58
i was unable to transfer to another account.,7
can you explain the virtual cards limit?,29
can you explain to me why a top up would still be pending?,47
is there something wrong with the atm? it would not let me pull cash out of my account.,26
why hasnt my card come in yet?,11
why is my card being declined at the atm? i have tried multiple atms and i keep running into the same problem. could you verify that everything is okay with my account?,26
how much does it cost to top up by transfer?,56
i m not sure why the card payment didn t work.,25
what kind of security protects my money?,70
when i was drunk i got my card stuck in your machine because i mis typed my pin. what do i need to do to get it restored?,49
i m going to cancel a purchase.,52
are there restrictions for ordering extra cards?,39
i need my refund,51
how many transactions can i do with my disposable card?,29
there is a card payment i m not familiar with.,16
i an not sure but it looks as if a card payment i made was cancelled.,53
i had a cheque deposited but i still haven t seen the cash.,6
is it possible to receive a visa and a mastercard?,73
is my transfer pending?,48
i m trying to verify my identity but can t figure out how what do i do?,69
how do i get my top up verification code?,71
i d like to have it delivered on saturday. is that possible?,12
what are the reasons a beneficiary would be denied?,7
i want to know where the funds come from.,70
which cards are accepted for topping up?,54
i require verification of my source of funds.,70
whats your exchange rate,31
how will i know my pin number?,38
why did you charge a fee when i withdrew from an atm?,19
i am quite aggravated that i ordered online almost a month ago and i never got my package and i paid for it. i would really appreciate it if i could get a full refund back now.,52
can topping up be automatic?,4
my refund is missing from my statement.,51
hi something is going on with the app. i see some payments i didn t make?,16
why am i being charged to withdrawal money?,19
can i tell what business will take this card?,10
what do i do if the atm swallowed my card?,18
can i pay for my gas using my apple watch?,2
can you convert to eur?,36
do you support fiat currencies?,36
i paid with card and was charged a fee that shouldn t be there!,15
i can t get the atm to give me any cash,26
how long does it take for my top up to clear?,47
there is a direct debit payment on my account that i didn t authorize.,28
i m on holiday and i noticed a different amount for exchange rate. can you explain?,17
will i be charged for receiving the money?,56
mastercard is my preferred company.,73
i got charged two times for a transaction,63
i deposited some money but the balance has not changed.,6
i just bought an item and would like to stop payment can you tell me if the item has been sent yet?,52
app malfunctioning does not know its me,68
can i have a refund for one of your products?,52
why was i charged a fee for withdrawing cash?,19
what to do if my physical card is not working?,14
is it possible to get a card outside the uk?,24
there is a payment in the app that is not mine.,16
transfer isn t working?,35
your exchange rates are coming from where?,32
there is a potentially fraudulent direct debit on my account.,28
i withdrew money but the full amount wasn t dispensed.,75
how do i fix a reverted top up?,61
how long will my transfer be pending?,48
can you please tell me why i cant get money from the atm?,26
i don t understand why there is an extra 1 fee in my statement.,34
where is the pin for my card located?,38
can i auto top up as much as i want?,4
where is my last money transaction,66
how do i get another card,39
how much does it cost to exchange my balance into a foreign currency?,31
why was a payment i made reverted?,53
where do i need to go in the app to enter my card info?,13
how do you decide what your exchange rates are?,32
will this app allow me to exchange currencies?,33
does it cost to exchange currencies?,31
why was my transaction not approved?,35
may i order another card?,39
i have been doing some online shopping but when checking out it keeps getting declined. i tried a few times and it wouldn t work. what could be wrong?,27
does it cost anything to get a new card? mine s about to expire and i d also like to know how long it takes to get the new one.,9
how old do my kids have to be to use your service?,1
how can i get a real life card of my own?,43
i don t know where to look to find my pin.,38
where can i modify my information?,30
how do i get my virtual card?,40
why did my payment get declined?,27
how long should my new card take to arrive?,11
i think that the exchange rate for the withdrawal of my cash is not right.,76
i see a direct debit that isn t mine? how can i get my money back?,28
how do i order a card?,43
i have been trying unsuccessfully to top up my card. is the system down or not working properly?,59
i am afraid to give you all my identify details.,74
where can i find the top up verification code?,71
i cannot use my card.,14
when does the money get transferred to my account,67
the card i thought i lost was in my jacket pocket this morning so can i reactivate that?,13
who can purchase a disposable virtual card?,37
why has payment been returned?,53
where is the money that i transferred.,5
i m still waiting for my card.,11
my card has been found. is there any way for me to put it back into the app?,13
beneficiary transfer problems?,7
i don t want to use this method to identify myself.,74
i need my card immediately.,12
i want a mastercard,73
does the card you sent have a way to track to it?,11
i have a top up that didn t go through. why?,59
the money that i have transferred hasn t arrived yet.,5
i received my american express card but i am having problems making it work with apple pay. can you help me with this problem?,2
i am having trouble withdrawing cash.,26
how do i troubleshoot google pay top up?,2
send me a physical card,43
how come my card payment has been declined?,25
will i be charged a fee for exchanging foreign currencies?,31
what caused my transfer to fail?,35
will you be adding more currencies in the future?,36
i withdrew money from an atm today and now my account is showing a different amount than what i withdrew. i checked the amount the atm gave me and it looks like it gave me the wrong amount of money. what is the best thin for me to do to get this fixed?,75
how man currencies can i hold?,36
do cash withdrawals cost anything?,19
what s up with the fee for getting cash?,19
there s something wrong on my bill. a transfer fee should never have been added.,64
the bank charged me fees for withdrawing cash!,19
i don t have my mobile device and am unable to make the payment because i forgot my details.,42
my card stopped working. how do i check if there is a freeze on it?,14
can i convert currency with the app?,33
why didn t the money i transferred into my account get added to my balance?,5
my actual card isn t functioning.,14
how do i activate a card?,0
under what condition will my payment revert?,53
hi i was checking my old statements and found a discrepancy with a large amount transaction. i am sure it was not done by me. please let me know if i could raise a dispute as its very late.,28
i need to terminate my account immediately.,55
this company isn t good i would like to delete my account.,55
i transferred money from the us how long does it take?,67
i went to use my new card today and the card was repeatedly declined. i would really like to use this card and need to know what to do about it.,25
where can i find a virtual card?,40
can you tell me when my money transfer will go through,48
how many atms will take this card?,3
how can i the person see my money transaction?,66
when i got cash i was charged an extra fee! explain!,19
how do i send my account money through transfer?,65
how do i reactivate a card i thought i lost?,13
this is terrible i want to delete my account,55
while i was checking out in the grocery store i realized i needed cash so i requested some. however i noticed there was a fee for this transaction. why did i get charged a fee?,19
are there any restrictions on the disposable cards?,29
i only own one other credit card from the usa. will it be accepted?,54
i have a question about atm transactions. can i take money out of an atm when i m traveling abroad? and can i get the money in my home currancy?,76
how can i look at where my available cash is coming from?,70
it appears my card expires next month can i order a new one?,9
i made a transaction this morning but i need to revert it now.,8
im not sure why im being charged an extra fee just for purchasing an item from another country? i paid for the item and the shipping why am i getting charged extra?,64
a random charge got added to my card,16
if my card becomes expired what can i do?,9
my address needs to be revised.,30
i had a cheque deposited but i don t see my money yet?,6
hi i am experiencing problems while trying to top up with my card. i have never experienced any problems doing this before. could you please help me?,59
what options do i have for holding currencies?,36
is there a maximum i can top up?,60
a transaction i did to my friend hasn t arrived yet why?,66
how do i transfer money using my credit card?,62
why hasn t my cheque processed?,6
why have i not got my new card?,11
can i add money with apple pay?,2
i wasn t able to withdraw money at an atm,26
i misplaced my card and i dont know where the last place is where i used the card last. can you look at my account and tell me the last place i used the card?,41
what can you use the disposable cards for?,37
i would like to use this cheque to top up. can you tell me how to do that?,58
i enetered the wrong information i need my account unblocked how do i do that?,49
i am worried about fees for top up cards?,57
someone must have found my card details as i don t recognize these transactions.,22
in a month my card will reach its expiration date am i required to request the next card?,9
do top ups have a limit?,60
i would like to invalidate my account. i am very disappointed with your services.,55
is there a reason behind why my transfer did not work?,35
do you know the closest atm?,3
how many cards am i allowed?,39
i can t find the auto top up option.,4
how does the exchange rate work?,32
how can i unblock my pin?,49
my top up didn t work.,59
um my top up didn t work,59
the wrong exchange rate was used when i purchased an item.,17
my cash out is still pending,46
i want to exchange usd and gbp with the app,33
there is a payment showing as pending and hasn t posted for a few days. when will it post?,45
i need some help linking my new card.,13
i am trying to exchange crypto and it s not working. tell me how to fix this.,7
what is the significance of verifying the top up?,71
i want a refund but i haven t received the item yet. can i cancel it and get my funds back? how do i do that.,52
there is a 1 extra fee in my statement,34
is it free for top ups?,57
i have a new card. how do i top it up?,62
why is my cash still pending that i put in atm?,46
why did my top up fail?,59
can i use your app to exchange between usd and gbp,33
what does pending mean?,45
help your app is showing a larger wd than i actually did earlier at an atm.,75
tell me how to top up my account using bank transfer.,65
why was i charged a fee for debit or credit card payment?,15
how do i order a new card before it expires?,9
how many disposable cards are available per account?,29
i lost my passcode.,44
a transaction is repeated several times on my account.,63
please cancel my last transaction.,8
can i use this to receive my salary?,50
i have paid money into my account but it doesn t show.,6
can you tell me what is wrong ? i top up with you all the time but this time it just shows my top up as pending. what is happening?,47
how long does it take to process transfers from europe?,67
i ve got charges on my account i did not authorize. can i get this money back from the last couple of days that it s been coming out? i also need to freeze my card.,16
i want to top up with my apple watch.,2
my card doesn t seem to work anymore,14
how long does it take for a pending cash withdrawal?,46
i cannot remember my passcode.,44
ordered awhile back what is the eta in the us?,12
what are the countries you support.,24
my money transfer has not happened yet,48
there is a payment that i was charged two times for.,63
what is going on with my cash withdrawal? the exchange rate is wrong,76
can you tell me my code to get into the app?,44
on my disposable card is there a transaction limit?,29
i tried making an update to my balance using cheque just yesterday but it doesn t appear to have worked. should this not be a faster process? i need you to please check over my account because something has went wrong.,6
what should i do when my card reaches its expiry date?,9
i need to do a card activation.,0
can i have money in more than one currency in my account?,36
where are my funds being sourced from?,70
do i need to go to a physical bank to change my pin?,21
can you check the exchange rate on a cash transaction i did overseas,76
my card payment is showing up as pending for a very long time what s going on with that it should be going through at some point?,45
someone has my card number freeze my account.,22
i believe i left my smartphone at the hotel i was staying at.,42
my account did not allow the transfer.,7
will filling stations accept my card?,10
my card is stuck inside the atm.,18
what do you need for my identity check?,69
what should i do with my atm that got stuck?,18
my transfer didn t complete. why can t i access funds?,35
is there supposed to be a fee for the transfer i made?,64
i found my card how can i use it again?,13
where s the best place to get a disposable virtual card?,37
is there a maximum for top ups?,60
may i have another card?,39
i really need to top up my card today urgently but my card keeps getting declined!! can you please help me with this problem or let me know if you have any alternatives,59
what kind of cash machines would allow me to change my pin?,21
i forgot my phone at the hotel so i can t access the app.,42
why do you keep declining my payment?i tried several times already with this card and it is just not working.,25
why is the top up i made still pending.,47
can you tell me where my funds come from?,70
how many transactions can i do with one disposable card?,29
do you know if i can use this for my salary?,50
is there a daily auto top up limit?,4
is there a charge for getting my money?,56
are the funds i requested from a merchant a few days ago in my account? i do not see them.,51
can you provide a reason as to why my transfer did not work?,35
i need a refund and cancel a transaction on an item i purchased and i need it as soon as possible please!,52
my card data has been exposed.,22
daughter needs card how do i add her,39
how do i cancel my card? there are charges on my account that i didn t make.,20
do you know when the withdrawal will show?,46
i have a cryptocurrency exchange that won t go through. please help me process it.,7
i have been overcharged. i just changed over russian ruble to uk pounds and it was too much. it seems something was wrong with my exchange.,17
how can i receive money?,50
how old does one have to be to have an account with the bank?,1
my daughter needs a card. can i give her one of mine that s linked to my account?,39
how do i transfer funds from my american express into my account?,54
when will my transfer be available in my account.,5
how many incorrect attempts cause card to be blocked?,49
do the disposable cards have restrictions?,29
can you provide me a disposable virtual card?,37
why am i getting double charged for multiple transactions?,63
i believe my card has been compromised because of a strange withdrawal,20
when does my transfer from the us arrive in my account?,67
can i exchange my money for eur?,36
are there any limits to how many disposable cards i can use?,29
why doesn t my disposable virtual card work?,72
how do i verify my card?,71
i see a direct debit transaction in my app that i didn t make.,28
i don t see the top up verification code anywhere,71
i am having a huge problem with my card being declined and it s really important that i top up today. would you please look into this further and let me know how i can get this fixed?,59
am i able to open an account for my children?,1
i think someone might have a copy of my card because a 500 dollar withdrawal was made and it wasn t me. can you please help?,20
what do i do if i think my card was improperly used?,22
hi is everything in good standing with my card? i am receiving multiple decline messages.,25
could i get tracking on the card?,11
why was i charged a fee for using my card,15
why did i get a fee?,19
i tried to transfer funds to a beneficiary and was denied. can you tell me why?,7
i am at the atm and tried to withdraw 30 pounds and it only gave me 10 pounds what do i do?,75
why am i not seeing the check i deposited this morning in my account?,6
what will happen after my card expires?,9
can i cancel a transfer if is already processed?,8
why was i charged a fee to transfer,64
please help me to know the status of my card payment as its pending since a while.,45
do i need to add money before i order a card,43
i have some transactions on my account i did not make. can you cancel my card and prevent further use.,22
do you have info about the card on delivery?,11
my transfer has not arrived.,66
can i get a card even if i live outside the uk?,24
how come my transfer got declined,27
i m not sure what is going on here. i ve received payment back into my account for an item i ve already received from about 2 weeks ago.,53
this isn t fair! i thought transfers could be made for free. i just made a purchase online from abroad and now see some strange fee that i ve never seen before.,64
do i need to order a new card before it expires?,9
where can i use this card?,10
i have a trasnger that is pending and wondered about it.,48
i have an account at another bank but i want to transfer some of the money to my account here. .,65
how long will it take for a bank transfer to show up on my account? it s been a couple hours but i havnt seen anything yet. also it s from a uk account if that makes any difference.,5
i m not sure where my phone is i think someone stole it or it s lost.,42
how do i reset my password?,44
do atm cash withdrawals carry a charge now? they ve been free in the past but all of a sudden i have to pay to make atm withdrawals?,19
i was charged an extra fee for a card payment. i was unaware of these fees beforehand.,15
can i change my pin if i want to?,21
i can not find the top up verification code.,71
my card payment reverted back i think.,53
can i set automatic top ups?,4
do yo charge a fee for exchanging foreign currencies?,31
which foreign currencies do you accept for adding money?,54
how do i update my current residence details?,30
i just purchased a disposable virtual card. am i able to use it for online purchases immediately?,37
is my card usable anywhere?,10
i am having to wait for my transfer to be fully processed. it seems to be taking a very long time in the pending phase. what is the normal turn around time that i can expect to see it completed?,48
there is a repeat charge for the same item,63
what is the source of funds for my money?,70
if i need to top up with cash where should i look?,58
how do i get my money back for something i bought?,52
how do i get a pin for my card,38
pending transfer?,48
my recipient hasn t received the money,66
i didnt make these transactions i think my card details might be stolen,22
when will a transfer from the us post?,67
why was i charged a random fee for a transfer i made?,64
in the us how long is the wait for a transfer?,67
i need to delete my account please.,55
who do i call to cancel a transfer?,8
the app reverted my top off.,61
are these cards available in europe?,24
i don t have the device i used to log onto the platform so i can t access it.,42
i have a top up card. where is the verification code?,71
i dont have identification,68
can you tell me what the exchange fee is?,31
i would like to exchange currencies on the app. how do i do this?,33
how do i go forth with bank transfers for top up accounts?,65
will i get a visa or mastercard?,73
i want to top up from my apple watch can i?,2
i would like to exchange currencies how do i go upon it?,33
is there a reason to why i was charged twice for a transaction?,63
where are you present globally?,24
are the top ups limited?,60
i haven t received my order and want a refund,52
why is there an extra charge of 1 dollar on my statement?,34
where can i do a cash withdrawal?,3
is the pin sent in another message?,38
can you help with a transfer to an account,7
can i change my card pin?,21
i sent a check into the system but still haven t received the cash yet,6
my physical card is not working,14
why am i being charged a fee for transferring money ?,64
how many days processing new card?,23
how much longer is it going to take to get my new card?,11
i need my card to come as soon as possible.,12
i just got an email in confirming my purchase with my card. i login to the mobile app on the card and found out there are several purchase were made without me aware of it. evidently someone had stole my card information and made these fraudulent purchase. i need the transaction to be reverse and have my card suspended.,22
which cash machines will allow me to change my pin?,21
what s the procedure with currency exchange?,33
where is card accepted,10
hello. i m trying to transfer some money to a friend but it keeps getting rejected. can you help me?,35
where do i pay with my debit or credit card?,10
why am i being charged for withdrawing cash funds?,19
are there businesses that don t accept this card?,10
how do i authenticate a top up card?,71
why hasn t my transfer gone through yet?,48
are eur exchanges allowed?,36
is there a fee for sending out more cards?,39
i would like my refund for this item i bought.,52
i have been charged two times for one transaction.,63
i m tired of all the problems i ve had. i want to quit this account!,55
why is there a payment i didn t do in my app?,16
can i have my card delivered on a specific day?,12
what are the disposable card limits?,29
the transfer keeps failing i tried to transfer some money to friends this morning but it keeps getting rejected for some reason would you please check the issue ?,35
can i make transactions before identity verification is complete?,74
how long before transferred money shows up?,5
how long does it take for a cheque to post to your account?,6
what are my options for topping up automatic and or manual?,4
terminate my account please,55
can i verify a top up and what card is used?,71
i could not get a top up to work why?,59
i need to be made aware when i am being charged an extra amount for payments please. i looked over the app earlier and noticed an additional feel related to one of the payments. i was not warned about this before.,15
i couldn t use my contactless this morning it wasn t accepted.,23
how many transactions can i do with a disposable card?,29
can my salary be received and transferred to my current currency in my country?,50
why have i been charged a fee for transferring money?,64
i received the wrong color and size can i return it?,52
what do i do if i have been charged twice?,63
i withdrew cash and was charged,19
i forgot the passcode on my app.,44
how do i transfer money into my account?,65
why was a transaction on my card declined?,25
my card didn t work in one of the shops.,25
over the holiday i withdrew cash from the atm and it seems that i was severely overcharged. had i known that i would be charged those fees i would not have used the atm!,76
how long does it take transfers from europe to complete?,67
how many countries do you work in?,24
is there any way i can get more physical cards to use with my account?,39
i have exceeded the number of times i can try my pin,49
what forms of id should i use for verification?,69
how many currencies can i have?,36
what do i need to do in order to get a new card?,43
the exchange rate is incorrect on an item i recently purchased in a foreign country.,17
can i have a third card?,39
should i complete my security verification before i can use my account?,74
when will i get my card shipped to me?,12
why did it decline my payment?,25
i would like to receive a few more physical cards.,39
what countries are you issuing cards for?,24
i want to take back my transaction,8
why and how soon do i have to have proof of identity to you?,74
will my friend be able to top off my account?,62
what do you require for identification verification?,69
i was charged twice for the same thing.,63
please help me with my card payments which keeps getting reverted whenever i do online shopping. i am having this problem since last two weeks.,53
the product is not working can i get a refund?,52
what is my card pin,38
where do you get your exchange rates from?,32
when my card expires what is the cost of a replacement and how fast?,9
why would i not be able to do a transfer to a beneficiary?,7
i did not get the right amount of money when i used a different country s currency.,76
i have been trying to make transfers to another account but i keep getting a declined notice. i have checked all of my information more than once and my information is accurate.,27
do you have visa or matercard?,73
i just checked and my payment was cancelled why?,53
i went to the notting hill atm to use my card the first time for a cash withdrawal but it didn t work. does this mean that my card isn t working yet?,26
can you please identify the problem with my bank card?,14
what areas are cards delivered to?,43
i m starting to think my card is lost because it still hasn t arrived can you help?,11
why is the atm not allowing me to get cash?,26
i got money overseas and the exchange rate was wrong,76
was there a way for me to get tracking for that?,11
how do i prove i am who i am?,69
how can i change usd to gbp?,33
my payment s stuck on pending.,45
is there a limit for the amount i can top up?,60
i should only have one charge but it shows two.,63
i have made a recent check and cash deposit that isn t reflected in my balance.,6
can i give a second card to my daughter?,39
help me activate my card.,0
do you support all fiat currencies?,36
does the app allow for exchanges between currencies?,33
this company is bad delete my account now.,55
can i use a different bank atm than my own?,3
i was declined when trying to withdrawal cash!,26
why did you charge me extra?,34
how long does it take for a payment to change from pending?,45
can i use my mastercard to add money to my account,54
i only got some of the cash i requested from the atm,75
i needed 100 but all it gave me was 20.,75
what countries do your accounts send and receive to?,24
how do i find the pin?,38
why am i charged whenever i withdraw cash?,19
what do i have to do to prove my identity?,68
i received cash from the atm earlier but this shows up as pending in the app. i ve got the cash already. how can this be still pending?,46
how do i verify my top up?,71
the atm only gave me 10 pounds when i withdrew 30. what do i do?,75
i need to know which fiat currencies i can use with you.,36
how long will it take to get my refund,51
there s a 1 fee on my statement why?,34
my refund has not shown up on my statement.,51
i d like to discuss an order i placed quite a long time ago. i have yet to receive it and am growing upset. i want a refund as i now refuse to pay for the product.,52
i am still currently waiting for the cash that has been deposited into the account this morning.,6
i needed cash today so i used another provider s atm and when i attempted to withdraw it declined. i just checked it out and i m still showing my account with that amount pending! i didn t take any money out it was declined so i don t want that to be processed as a withdrawal.,46
my balance didn t change after i transferred some money.,5
i normally don t use atms but i was in a rush today and had to withdraw some cash. the atm gave me the wrong amount of money and now my app is not showing the same amount as it should. what do i do?,75
please delete my account immediately.,55
my transfer is pending.,5
is my account able to be topped up by my friends?,62
where do you export the cards to?,43
i m not recognizing the card payment.,16
i was charged the wing amount for an item.,17
what country s money can i hold currency in?,36
can this be used to receive my salary?,50
how do i get rid of my account asap?,55
while on vacation in spain i think someone saw my pin and i now need to change it can i do this at an atm in spain?,21
i was charged a fee when withdrawing cash can you explain why?,19
why was i chaged twice for the same thing?,63
i can t seem to use my card. can you help?,14
how do i link a new card to an existing one?,13
is there a top up fee if you add money in usd?,57
i was charged extra or a hidden fee when i purchased something from you. what s the deal? i didn t authorize that charge.,34
is exchanging currencies a feature of the app?,33
how do i use my card to top up?,62
i asked for 100 only got 80,75
do the disposable cards have any restrictions?,29
hello i just checked my card transactions and saw that i was charged twice for a restaurant visit i did earlier this week. is it possible to remove one of them and get my false paid money pack?,63
i got cash abroad and need to check the exchange rate,76
do you know how i can verify that i did a top up to my card?,71
i made a money transaction but the recipient can t see it,66
can i only top up digitally? or could i use cash?,58
my transfer failed to process correctly. is there a reason this would happen?,35
can i see that history on my funds and where they came from?,70
will it automatically top up money if there isn t a lot left?,4
who do i call to activate my new card?,0
is there a reason that my transfer failed?,35
how long after a failed topup will funds refurn to account,47
why am i to verify the top ups?,71
do i need to verify my top up card?,71
someone stole my phone what is my next step?,42
can i change my pin without being physically present?,21
what is the charge for receiving a sepa transfer?,56
why is there a direct debit fee in the app when i didn t do it?,28
can i use my apple watch to top up?,2
what is the top up code for?,71
what do you demand for identity verification?,69
help me figure out how to link the new card.,13
i could not transfer funds to a beneficiary is there a problem with your software?,7
seems like the exchange rate for my payment last saturday was wrong. i was charged extra.,17
i moved and need to change my personal information.,30
my new landlord is a lier and is trying to rip me off by saying i ve not paid my rent when i have paid my rent. what is going on? they say the money hasn t got to them but i see it going out of my account. can you check that the money went to the right place?,66
how do i see what fees i am supposed to be charged on my account? i ve noticed fees on some transactions but not on others. this is very confusing and i cannot find a pattern to what i am being charged?,15
i transferred some funds but i don t see it,5
how can i request cash back? the atm just gave me a different amount than what i ve been actually charged though...,75
tell me why my transfer failed!,35
why can t i get cash out?,26
it declined my transfer.,27
how long do transfers take to go though,5
my top up may have been reverted,61
can i transfer money to a beneficiery?,7
why could i not get cash?,26
why do i have to give you my drivers license,74
how long does it take to show a deposit i made to my balance?,6
i just topped up and the app denied it.,59
do i need to set a limit on auto top up?,4
i used my card to top up but the money is not there!,62
i have a confusing payment appear on my statement and i don t recognise it!,16
what documents do i need for the identity check?,69
i believe my top up is still pending,47
help me unblock my account. i entered the pin wrong too many times.,49
i want to transfer money. how do i do that for my account?,65
my disposable virtual card is not working when i try to use it at a point of sale transaction. what do i do now?,72
is getting my identity verified required before i can use my account?,74
why was a fee changed for my transfer?,64
how do i get a visa card?,73
why was there a fee for paying by card?,15
there s a problem i bought something about a week or two ago but just today the payment somehow came back into my account! i already received the item though what s going on here?,53
can cards be dispatched on a specific date?,12
i am not sure where my phone is.,42
i m panicking! i lost my card! help!,41
how much money can i top up?,60
i want some extra physical cards.,39
can i get information on topping up?,57
will i receive all the money sent to my account by sepa transfer?,56
what would ii do if i wanted to activate my new card,0
is there a fee for topping off a us card?,57
is it possible to access my phone from the hotel,42
i accidentally made a transaction to the wrong account.,8
i was overcharged at an atm while on vacation. i needed cash so i had to use it but your charges are outregous and i wish i would have known beforehand.,76
i need more assistance with how to activate my card.,0
are cheques accepted to my account? mine didn t seem to work.,6
what s the reason for needing to verify my identity?,74
my card has an issue the payment has been deferred.,53
i can t use my card for anything,14
what are the benefits of a disposable card?,37
i m in austria right now but i really need to change my pin right now. can i do this even though i m in another country?,21
the app has rejected my top up.,59
did a wd earlier at an atm. the amount showing in the app is more than i got though.,75
the wrong rate was applied to an item i bought in a currency different from mine. can this be changed?,17
i don t see my card anywhere in the app.,13
i received the wrong amount of cash back,75
i want to change my account details.,30
what are the charges for receiving a sepa transfer?,56
why do you keep declining my transfers? it s been working well so far but when i just tried to buy something the card got declined. i tried it a few times but same thing happened every try.,27
why am i unable to take money from my card but the statement says the transaction is still pending?,46
i seem to of forgotten my passcode.,44
the bank machine didn t give my card back how do i get a new one fast?,18
i am seeing in the app a some cash withdrawal that its not mine,20
i tried transferring money to a beneficiary however i was unsuccessful.,7
i got a message saying i made a withdrawal from the bank machine but i did not.,20
will the duplicated payment be refunded?,63
i have been waiting for my transfer shouldn t it be here already?,67
i use gbp for my salary deposits. must i set this up somewhere?,50
where is the top up card verification code?,71
lost phone dont want others to access account,42
can i make sure my card is delivered on a specific day?,12
can you explain your refund policy please?,52
i payed my rent to my landlord a few days ago and he is saying the it never went though. everything looks good to me and i even double checked the account number. i don t know what could be causing the confusion. can you help me please?,66
i deposited a cheque a week ago but have yet to receive the cash.,6
help my phone was stolen please advise!,42
what are your policies for card transfers?,35
where do i go to transfer money from one account to this one,65
the refund isn t appearing in my account,51
is it possible to verify a top up?,71
what do i do if i forget my passcode? because i did.,44
i topped up my account but the app failed to process it.,59
what s the limit on automatic top up?,4
how long til my cash out goes through?,46
why do you ask for top up verification?,71
why do i have a transaction showing multiple times?,63
can you please help me in canceling my order.,52
how do i verify my new card?,0
my id won t be verified!,68
what steps do i have to go through in order to activate my new card?,0
i made a transfer into my account and now i need to cancel it,8
why am i charged a fee when using my debit or credit card?,15
i would like to change my adress,30
why is my withdrawal still pending?,46
what currencies will this app exchange?,33
what s wrong with my id? i can t verify it.,68
why am i being charged for transferring money?,64
i didn t get the right amount at the atm.,75
will you help me unblock my pin after putting in the wrong pin too many times?,49
why was i charged a higher exchange rate when i bought something abroad?,17
my pin is not working can you help?,49
i just lost my wallet and i think someone is using my card to withdraw my money. can you please cancel or freeze my card?!!,20
how long will it take for the money to reach my account?,67
i think someone else is using my card. there are transactions i didn t make.,22
is there an option to have a virtual card?,40
why can t i topup my account?,59
i believe my top up was reverted.,61
i have tried 5 times at this point to complete a transfer that s simply standard. what appears to be the problem? is your system messed up?,35
is there a minimum age for having an account?,1
my id verification hasn t gone through yet but can i use my account anyway?,74
hi in morning i was trying to withdraw money from my card but it got declined. so far it was working fine. could you please check my card.,26
my card is due to expire,9
whats the maximum number of disposable cards that i can get?,29
i would like to get your card in eu. is that possible?,24
says that my top up is incomplete?,47
tell me how to change my details.,30
i received my virtual card information but was unable to use it to make a purchase. why did this happen and what can i do?,72
i have not received an item i ordered yet so i want to cancel it and get a refund. can you please guide me on how to go about it?,52
i ve been using my account while abroad for a while but only recently i ve been charged a fee. why am i only being charged a fee now.,64
i have no way to prove my identity.,68
i made an error in payment yesterday and i need it fixed asap because it s for my rent tomorrow.,8
i can t find my password,44
why was my transfer stopped ?,7
can i top up with check?,58
where is my money i was using my card and it disappeared,62
a debit came through that i need to dispute.,28
i m not sure where my phone is. can someone else use the app?,42
i am having an issue with an in country transfer i did a few days ago. it has yet to appear in my account. i have checked to be sure that all account information is correct multiple times. what is taking the transfer so long?,66
i did a transfer and was charged a fee that i shouldn t have been!,64
is it possible to order a virtual card?,40
are you able to make exchanges to eur?,36
can i get a new card even though i am in china?,9
what do i need to do to get a card?,43
i transferred some money but the receiver can t pick it up for some reason.,66
hi i have transferred money but beneficiary s account is credited with less amount. now i have transfer the difference of the amount. i think there is some issue could you please look into this.,64
why can i not make a transfer?,35
my transfer is still pending,48
i need some help now please! there are some transactions on my account that i do not remember purchasing. can they be reversed? can you please cancel or freeze my card so i don t keep getting charged?!,16
is it possible to get one the your cards in the eu?,24
how long does it take for me to get my new card?,11
how do i make a currency exchange?,33
